
   ___  __   __  ____________   
  / _ \/ /  / / / /_  __/ __ \ 
 / ___/ /__/ /_/ / / / / /_/ /  
/_/  /____/\____/ /_/  \____/   
=============================    v. 4.4-patch4 (Jun 2026)  

> System:

  sysconf.out file not found... 

  - Basic data type size (Bytes):
    o sizeof (char)     = 1
    o sizeof (uchar)    = 1
    o sizeof (uint16_t) = 2
    o sizeof (short)    = 2
    o sizeof (ushort)   = 2
    o sizeof (int)      = 4
    o sizeof (long)     = 8
    o sizeof (*int)     = 8
    o sizeof (float)    = 4
    o sizeof (double)   = 8
    o sizeof (*double)  = 8

  - Structure data type (Bytes):
    o sizeof (cmdLine)    = 64
    o sizeof (Data)       = 272
    o sizeof (Grid)       = 1024
    o sizeof (Float_Vect) = 12
    o sizeof (Image)      = 856
    o sizeof (Output)     = 1768
    o sizeof (RGB)        = 3
    o sizeof (Runtime)    = 47008
    o sizeof (Restart)    = 128
    o sizeof (timeStep)   = 144
    o sizeof (RBox)       = 112
    o sizeof (State)      = 128
    o sizeof (Sweep)      = 568

> Local time:       Wed Jul 15 22:40:35 2026

> Cmd line args:    -dec 8 

> Header configuration:

  PHYSICS:          RHD
  DIMENSIONS:       1
  GEOMETRY:         Spherical
  BODY_FORCE:       EXPLICIT
  RECONSTRUCTION:   Linear  (Primitive lim)
  TIME STEPPING:    Runge-Kutta II
  TRACERS:          0
  VARIABLES:        6
  ENTROPY_SWITCH:   ENABLED
  LOADED MODULES:

  ROTATION:         NO
  EOS:              Ideal

> Runtime configuration (pluto.ini):

  +----------------------------------------------------------
  | [Grid]
  | X1-grid    2    11.00    200    u    12.00    1850    s    10000.0
  | X2-grid    1    0.0    	1      u    1.0
  | X3-grid    1    0.0   	1      u    1.0
  | 
  | [Chombo Refinement]
  | 
  | Levels           4
  | Ref_ratio        2 2 2 2 2 
  | Regrid_interval  2 2 2 2 
  | Refine_thresh    0.3
  | Tag_buffer_size  3
  | Block_factor     8
  | Max_grid_size    64
  | Fill_ratio       0.75
  | 
  | [Time]
  | 
  | CFL              0.4
  | CFL_max_var      1.1
  | tstop            100000.0
  | first_dt         1.0e-6
  | 
  | [Solver]
  | 
  | Solver        tvdlf
  | 
  | [Boundary]
  | 
  | X1-beg        axisymmetric
  | X1-end        outflow
  | X2-beg        outflow
  | X2-end        outflow
  | X3-beg        outflow
  | X3-end        outflow
  | 
  | [Static Grid Output]
  | 
  | uservar    0
  | dbl        250.0  -1   single_file
  | flt       -1.0  -1   single_file
  | vtk       -1.0  -1   single_file
  | dbl.h5    -1.0  -1
  | flt.h5    -1.0  -1
  | tab       -1.0  -1   
  | ppm       -1.0  -1   
  | png       -1.0  -1
  | log        10000
  | analysis  -1.0  -1
  | 
  | [Chombo HDF5 output]
  | 
  | Checkpoint_interval  -1.0  0
  | Plot_interval         1.0  0 
  | 
  | [Particles]
  | 
  | Nparticles          -1     1
  | particles_dbl        1.0  -1
  | particles_flt       -1.0  -1
  | particles_vtk       -1.0  -1
  | particles_tab       -1.0  -1
  | 
  | [Parameters]
  | 
  | M_NS                        1.4  
  | GAMMA                       1.333333333333  
  | RHO_IN                      1.0e8  
  | V_IN                        0.07  
  | V_INF                       0.25  
  +---------------------------------------------------------

> Generating grid...

     - Stretched grid on dim 0 (ratio: 1.004986)
  Global grid:
  X1: [  11.0000, 10000.0000],   2050 point(s), 2 ghosts

  Local grid:
  X1: [  11.0000,  12.3303],    257 point(s); 2 ghosts; Active zones = [2, 258]

> Memory allocation
> Assigning initial conditions (Startup) ...
> Normalization Units:

  [Density]:      1.000e+07 (gr/cm^3), 5.979e+30 (1/cm^3)
  [Pressure]:     8.988e+27 (dyne/cm^2)
  [Velocity]:     2.998e+10 (cm/s)
  [Length]:       1.000e+05 (cm)
  [Temperature]:  1.081e+13 X (p/rho*mu) (K)
  [Time]:         3.336e-06 (sec), 1.058e-13 (yrs) 
 
> Number of processors: 8
> Proc size:            257
> Parallel Directions:  X1
> Writing file #0 (dbl) to disk...
  [ 0.00 sec ]
> Starting computation... 

step:0; t = 0.0000e+00; dt = 1.0000e-06; 0.0 %
        [Mach = 21.598167]
step:10000; t = 6.8138e+01; dt = 6.9670e-03; 0.1 %
            [Mach = 21.599927]
step:20000; t = 1.3817e+02; dt = 7.0297e-03; 0.1 %
            [Mach = 21.599714]
step:30000; t = 2.0864e+02; dt = 7.0620e-03; 0.2 %
            [Mach = 21.597806]
> Writing file #1 (dbl) to disk...
  [ 0.00 sec ]
step:40000; t = 2.7937e+02; dt = 7.0836e-03; 0.3 %
            [Mach = 21.594546]
step:50000; t = 3.5029e+02; dt = 7.0996e-03; 0.4 %
            [Mach = 21.590251]
step:60000; t = 4.2135e+02; dt = 7.1120e-03; 0.4 %
            [Mach = 21.585195]
step:70000; t = 4.9252e+02; dt = 7.1221e-03; 0.5 %
            [Mach = 21.579597]
> Writing file #2 (dbl) to disk...
  [ 0.00 sec ]
step:80000; t = 5.6379e+02; dt = 7.1303e-03; 0.6 %
            [Mach = 21.573628]
step:90000; t = 6.3513e+02; dt = 7.1372e-03; 0.6 %
            [Mach = 21.567414]
step:100000; t = 7.0653e+02; dt = 7.1430e-03; 0.7 %
             [Mach = 21.561045]
> Writing file #3 (dbl) to disk...
  [ 0.00 sec ]
step:110000; t = 7.7798e+02; dt = 7.1480e-03; 0.8 %
             [Mach = 21.554580]
step:120000; t = 8.4949e+02; dt = 7.1523e-03; 0.8 %
             [Mach = 21.548060]
step:130000; t = 9.2103e+02; dt = 7.1560e-03; 0.9 %
             [Mach = 21.541508]
step:140000; t = 9.9260e+02; dt = 7.1593e-03; 1.0 %
             [Mach = 21.534937]
> Writing file #4 (dbl) to disk...
  [ 0.00 sec ]
step:150000; t = 1.0642e+03; dt = 7.1621e-03; 1.1 %
             [Mach = 21.528354]
step:160000; t = 1.1358e+03; dt = 7.1646e-03; 1.1 %
             [Mach = 21.521763]
step:170000; t = 1.2075e+03; dt = 7.1668e-03; 1.2 %
             [Mach = 21.515162]
> Writing file #5 (dbl) to disk...
  [ 0.00 sec ]
step:180000; t = 1.2792e+03; dt = 7.1688e-03; 1.3 %
             [Mach = 21.508553]
step:190000; t = 1.3509e+03; dt = 7.1705e-03; 1.4 %
             [Mach = 21.501933]
step:200000; t = 1.4226e+03; dt = 7.1721e-03; 1.4 %
             [Mach = 21.495304]
step:210000; t = 1.4943e+03; dt = 7.1735e-03; 1.5 %
             [Mach = 21.488664]
> Writing file #6 (dbl) to disk...
  [ 0.00 sec ]
step:220000; t = 1.5661e+03; dt = 7.1747e-03; 1.6 %
             [Mach = 21.482012]
step:230000; t = 1.6378e+03; dt = 7.1758e-03; 1.6 %
             [Mach = 21.475349]
step:240000; t = 1.7096e+03; dt = 7.1768e-03; 1.7 %
             [Mach = 21.468676]
> Writing file #7 (dbl) to disk...
  [ 0.00 sec ]
step:250000; t = 1.7813e+03; dt = 7.1777e-03; 1.8 %
             [Mach = 21.461991]
step:260000; t = 1.8531e+03; dt = 7.1785e-03; 1.9 %
             [Mach = 21.455294]
step:270000; t = 1.9249e+03; dt = 7.1793e-03; 1.9 %
             [Mach = 21.448587]
step:280000; t = 1.9967e+03; dt = 7.1799e-03; 2.0 %
             [Mach = 21.441869]
> Writing file #8 (dbl) to disk...
  [ 0.00 sec ]
step:290000; t = 2.0685e+03; dt = 7.1805e-03; 2.1 %
             [Mach = 21.435140]
step:300000; t = 2.1403e+03; dt = 7.1811e-03; 2.1 %
             [Mach = 21.428401]
step:310000; t = 2.2121e+03; dt = 7.1816e-03; 2.2 %
             [Mach = 21.421650]
> Writing file #9 (dbl) to disk...
  [ 0.00 sec ]
step:320000; t = 2.2840e+03; dt = 7.1820e-03; 2.3 %
             [Mach = 21.414889]
step:330000; t = 2.3558e+03; dt = 7.1824e-03; 2.4 %
             [Mach = 21.408116]
step:340000; t = 2.4276e+03; dt = 7.1828e-03; 2.4 %
             [Mach = 21.401333]
step:350000; t = 2.4994e+03; dt = 7.1831e-03; 2.5 %
             [Mach = 21.394540]
> Writing file #10 (dbl) to disk...
  [ 0.00 sec ]
step:360000; t = 2.5713e+03; dt = 7.1834e-03; 2.6 %
             [Mach = 21.387735]
step:370000; t = 2.6431e+03; dt = 7.1837e-03; 2.6 %
             [Mach = 21.380920]
step:380000; t = 2.7149e+03; dt = 7.1839e-03; 2.7 %
             [Mach = 21.374093]
> Writing file #11 (dbl) to disk...
  [ 0.00 sec ]
step:390000; t = 2.7868e+03; dt = 7.1842e-03; 2.8 %
             [Mach = 21.367256]
step:400000; t = 2.8586e+03; dt = 7.1844e-03; 2.9 %
             [Mach = 21.360408]
step:410000; t = 2.9305e+03; dt = 7.1846e-03; 2.9 %
             [Mach = 21.353549]
> Writing file #12 (dbl) to disk...
  [ 0.00 sec ]
step:420000; t = 3.0023e+03; dt = 7.1847e-03; 3.0 %
             [Mach = 21.346679]
step:430000; t = 3.0742e+03; dt = 7.1849e-03; 3.1 %
             [Mach = 21.339798]
step:440000; t = 3.1460e+03; dt = 7.1850e-03; 3.1 %
             [Mach = 21.332906]
step:450000; t = 3.2179e+03; dt = 7.1852e-03; 3.2 %
             [Mach = 21.326003]
> Writing file #13 (dbl) to disk...
  [ 0.00 sec ]
step:460000; t = 3.2897e+03; dt = 7.1853e-03; 3.3 %
             [Mach = 21.319089]
step:470000; t = 3.3616e+03; dt = 7.1854e-03; 3.4 %
             [Mach = 21.312164]
step:480000; t = 3.4334e+03; dt = 7.1855e-03; 3.4 %
             [Mach = 21.305228]
> Writing file #14 (dbl) to disk...
  [ 0.00 sec ]
step:490000; t = 3.5053e+03; dt = 7.1856e-03; 3.5 %
             [Mach = 21.298281]
step:500000; t = 3.5771e+03; dt = 7.1857e-03; 3.6 %
             [Mach = 21.291323]
step:510000; t = 3.6490e+03; dt = 7.1857e-03; 3.6 %
             [Mach = 21.284353]
step:520000; t = 3.7208e+03; dt = 7.1858e-03; 3.7 %
             [Mach = 21.277373]
> Writing file #15 (dbl) to disk...
  [ 0.00 sec ]
step:530000; t = 3.7927e+03; dt = 7.1859e-03; 3.8 %
             [Mach = 21.270381]
step:540000; t = 3.8646e+03; dt = 7.1859e-03; 3.9 %
             [Mach = 21.263378]
step:550000; t = 3.9364e+03; dt = 7.1860e-03; 3.9 %
             [Mach = 21.256363]
> Writing file #16 (dbl) to disk...
  [ 0.00 sec ]
step:560000; t = 4.0083e+03; dt = 7.1860e-03; 4.0 %
             [Mach = 21.249337]
step:570000; t = 4.0801e+03; dt = 7.1861e-03; 4.1 %
             [Mach = 21.242300]
step:580000; t = 4.1520e+03; dt = 7.1861e-03; 4.2 %
             [Mach = 21.235251]
step:590000; t = 4.2239e+03; dt = 7.1862e-03; 4.2 %
             [Mach = 21.228191]
> Writing file #17 (dbl) to disk...
  [ 0.00 sec ]
step:600000; t = 4.2957e+03; dt = 7.1862e-03; 4.3 %
             [Mach = 21.221119]
step:610000; t = 4.3676e+03; dt = 7.1862e-03; 4.4 %
             [Mach = 21.214036]
step:620000; t = 4.4395e+03; dt = 7.1863e-03; 4.4 %
             [Mach = 21.206942]
> Writing file #18 (dbl) to disk...
  [ 0.00 sec ]
step:630000; t = 4.5113e+03; dt = 7.1863e-03; 4.5 %
             [Mach = 21.199835]
step:640000; t = 4.5832e+03; dt = 7.1863e-03; 4.6 %
             [Mach = 21.192717]
step:650000; t = 4.6550e+03; dt = 7.1863e-03; 4.7 %
             [Mach = 21.185588]
step:660000; t = 4.7269e+03; dt = 7.1863e-03; 4.7 %
             [Mach = 21.178446]
> Writing file #19 (dbl) to disk...
  [ 0.00 sec ]
step:670000; t = 4.7988e+03; dt = 7.1864e-03; 4.8 %
             [Mach = 21.171293]
step:680000; t = 4.8706e+03; dt = 7.1864e-03; 4.9 %
             [Mach = 21.164128]
step:690000; t = 4.9425e+03; dt = 7.1864e-03; 4.9 %
             [Mach = 21.156951]
> Writing file #20 (dbl) to disk...
  [ 0.00 sec ]
step:700000; t = 5.0144e+03; dt = 7.1864e-03; 5.0 %
             [Mach = 21.149763]
step:710000; t = 5.0862e+03; dt = 7.1864e-03; 5.1 %
             [Mach = 21.142562]
step:720000; t = 5.1581e+03; dt = 7.1864e-03; 5.2 %
             [Mach = 21.135349]
step:730000; t = 5.2300e+03; dt = 7.1864e-03; 5.2 %
             [Mach = 21.128125]
> Writing file #21 (dbl) to disk...
  [ 0.00 sec ]
step:740000; t = 5.3018e+03; dt = 7.1865e-03; 5.3 %
             [Mach = 21.120888]
step:750000; t = 5.3737e+03; dt = 7.1865e-03; 5.4 %
             [Mach = 21.113639]
step:760000; t = 5.4455e+03; dt = 7.1865e-03; 5.4 %
             [Mach = 21.106379]
> Writing file #22 (dbl) to disk...
  [ 0.00 sec ]
step:770000; t = 5.5174e+03; dt = 7.1865e-03; 5.5 %
             [Mach = 21.099105]
step:780000; t = 5.5893e+03; dt = 7.1865e-03; 5.6 %
             [Mach = 21.091820]
step:790000; t = 5.6611e+03; dt = 7.1865e-03; 5.7 %
             [Mach = 21.084522]
step:800000; t = 5.7330e+03; dt = 7.1865e-03; 5.7 %
             [Mach = 21.077213]
> Writing file #23 (dbl) to disk...
  [ 0.00 sec ]
step:810000; t = 5.8049e+03; dt = 7.1865e-03; 5.8 %
             [Mach = 21.069890]
step:820000; t = 5.8767e+03; dt = 7.1865e-03; 5.9 %
             [Mach = 21.062556]
step:830000; t = 5.9486e+03; dt = 7.1865e-03; 5.9 %
             [Mach = 21.055208]
> Writing file #24 (dbl) to disk...
  [ 0.00 sec ]
step:840000; t = 6.0205e+03; dt = 7.1865e-03; 6.0 %
             [Mach = 21.047849]
step:850000; t = 6.0923e+03; dt = 7.1865e-03; 6.1 %
             [Mach = 21.040476]
step:860000; t = 6.1642e+03; dt = 7.1865e-03; 6.2 %
             [Mach = 21.033092]
step:870000; t = 6.2361e+03; dt = 7.1865e-03; 6.2 %
             [Mach = 21.025694]
> Writing file #25 (dbl) to disk...
  [ 0.00 sec ]
step:880000; t = 6.3079e+03; dt = 7.1865e-03; 6.3 %
             [Mach = 21.018284]
step:890000; t = 6.3798e+03; dt = 7.1865e-03; 6.4 %
             [Mach = 21.010861]
step:900000; t = 6.4517e+03; dt = 7.1865e-03; 6.5 %
             [Mach = 21.003426]
> Writing file #26 (dbl) to disk...
  [ 0.00 sec ]
step:910000; t = 6.5235e+03; dt = 7.1865e-03; 6.5 %
             [Mach = 20.995977]
step:920000; t = 6.5954e+03; dt = 7.1865e-03; 6.6 %
             [Mach = 20.988516]
step:930000; t = 6.6673e+03; dt = 7.1865e-03; 6.7 %
             [Mach = 20.981041]
step:940000; t = 6.7391e+03; dt = 7.1865e-03; 6.7 %
             [Mach = 20.973554]
> Writing file #27 (dbl) to disk...
  [ 0.00 sec ]
step:950000; t = 6.8110e+03; dt = 7.1865e-03; 6.8 %
             [Mach = 20.966054]
step:960000; t = 6.8829e+03; dt = 7.1865e-03; 6.9 %
             [Mach = 20.958540]
step:970000; t = 6.9547e+03; dt = 7.1865e-03; 7.0 %
             [Mach = 20.951014]
> Writing file #28 (dbl) to disk...
  [ 0.00 sec ]
step:980000; t = 7.0266e+03; dt = 7.1865e-03; 7.0 %
             [Mach = 20.943474]
step:990000; t = 7.0984e+03; dt = 7.1865e-03; 7.1 %
             [Mach = 20.935921]
step:1000000; t = 7.1703e+03; dt = 7.1865e-03; 7.2 %
             [Mach = 20.928355]
step:1010000; t = 7.2422e+03; dt = 7.1865e-03; 7.2 %
             [Mach = 20.920776]
> Writing file #29 (dbl) to disk...
  [ 0.00 sec ]
step:1020000; t = 7.3140e+03; dt = 7.1865e-03; 7.3 %
             [Mach = 20.913183]
step:1030000; t = 7.3859e+03; dt = 7.1865e-03; 7.4 %
             [Mach = 20.905576]
step:1040000; t = 7.4578e+03; dt = 7.1866e-03; 7.5 %
             [Mach = 20.897956]
> Writing file #30 (dbl) to disk...
  [ 0.00 sec ]
step:1050000; t = 7.5296e+03; dt = 7.1866e-03; 7.5 %
             [Mach = 20.890323]
step:1060000; t = 7.6015e+03; dt = 7.1866e-03; 7.6 %
             [Mach = 20.882676]
step:1070000; t = 7.6734e+03; dt = 7.1866e-03; 7.7 %
             [Mach = 20.875016]
step:1080000; t = 7.7452e+03; dt = 7.1866e-03; 7.7 %
             [Mach = 20.867341]
> Writing file #31 (dbl) to disk...
  [ 0.00 sec ]
step:1090000; t = 7.8171e+03; dt = 7.1866e-03; 7.8 %
             [Mach = 20.859653]
step:1100000; t = 7.8890e+03; dt = 7.1866e-03; 7.9 %
             [Mach = 20.851952]
step:1110000; t = 7.9608e+03; dt = 7.1866e-03; 8.0 %
             [Mach = 20.844236]
> Writing file #32 (dbl) to disk...
  [ 0.00 sec ]
step:1120000; t = 8.0327e+03; dt = 7.1866e-03; 8.0 %
             [Mach = 20.836506]
step:1130000; t = 8.1046e+03; dt = 7.1866e-03; 8.1 %
             [Mach = 20.828763]
step:1140000; t = 8.1764e+03; dt = 7.1866e-03; 8.2 %
             [Mach = 20.821005]
step:1150000; t = 8.2483e+03; dt = 7.1866e-03; 8.2 %
             [Mach = 20.813234]
> Writing file #33 (dbl) to disk...
  [ 0.00 sec ]
step:1160000; t = 8.3202e+03; dt = 7.1866e-03; 8.3 %
             [Mach = 20.805448]
step:1170000; t = 8.3920e+03; dt = 7.1866e-03; 8.4 %
             [Mach = 20.797648]
step:1180000; t = 8.4639e+03; dt = 7.1866e-03; 8.5 %
             [Mach = 20.789834]
> Writing file #34 (dbl) to disk...
  [ 0.00 sec ]
step:1190000; t = 8.5358e+03; dt = 7.1866e-03; 8.5 %
             [Mach = 20.782005]
step:1200000; t = 8.6076e+03; dt = 7.1866e-03; 8.6 %
             [Mach = 20.774162]
step:1210000; t = 8.6795e+03; dt = 7.1866e-03; 8.7 %
             [Mach = 20.766305]
> Writing file #35 (dbl) to disk...
  [ 0.00 sec ]
step:1220000; t = 8.7514e+03; dt = 7.1866e-03; 8.8 %
             [Mach = 20.758433]
step:1230000; t = 8.8232e+03; dt = 7.1866e-03; 8.8 %
             [Mach = 20.750547]
step:1240000; t = 8.8951e+03; dt = 7.1866e-03; 8.9 %
             [Mach = 20.742646]
step:1250000; t = 8.9670e+03; dt = 7.1866e-03; 9.0 %
             [Mach = 20.734731]
> Writing file #36 (dbl) to disk...
  [ 0.00 sec ]
step:1260000; t = 9.0388e+03; dt = 7.1866e-03; 9.0 %
             [Mach = 20.726801]
step:1270000; t = 9.1107e+03; dt = 7.1866e-03; 9.1 %
             [Mach = 20.718856]
step:1280000; t = 9.1825e+03; dt = 7.1866e-03; 9.2 %
             [Mach = 20.710896]
> Writing file #37 (dbl) to disk...
  [ 0.00 sec ]
step:1290000; t = 9.2544e+03; dt = 7.1866e-03; 9.3 %
             [Mach = 20.702921]
step:1300000; t = 9.3263e+03; dt = 7.1866e-03; 9.3 %
             [Mach = 20.694932]
step:1310000; t = 9.3981e+03; dt = 7.1866e-03; 9.4 %
             [Mach = 20.686927]
step:1320000; t = 9.4700e+03; dt = 7.1866e-03; 9.5 %
             [Mach = 20.678907]
> Writing file #38 (dbl) to disk...
  [ 0.00 sec ]
step:1330000; t = 9.5419e+03; dt = 7.1866e-03; 9.5 %
             [Mach = 20.670872]
step:1340000; t = 9.6137e+03; dt = 7.1866e-03; 9.6 %
             [Mach = 20.662822]
step:1350000; t = 9.6856e+03; dt = 7.1866e-03; 9.7 %
             [Mach = 20.654757]
> Writing file #39 (dbl) to disk...
  [ 0.00 sec ]
step:1360000; t = 9.7575e+03; dt = 7.1866e-03; 9.8 %
             [Mach = 20.646677]
step:1370000; t = 9.8293e+03; dt = 7.1866e-03; 9.8 %
             [Mach = 20.638581]
step:1380000; t = 9.9012e+03; dt = 7.1866e-03; 9.9 %
             [Mach = 20.630469]
step:1390000; t = 9.9731e+03; dt = 7.1866e-03; 10.0 %
             [Mach = 20.622342]
> Writing file #40 (dbl) to disk...
  [ 1.00 sec ]
step:1400000; t = 1.0045e+04; dt = 7.1866e-03; 10.0 %
             [Mach = 20.614200]
step:1410000; t = 1.0117e+04; dt = 7.1866e-03; 10.1 %
             [Mach = 20.606042]
step:1420000; t = 1.0189e+04; dt = 7.1866e-03; 10.2 %
             [Mach = 20.597868]
> Writing file #41 (dbl) to disk...
  [ 0.00 sec ]
step:1430000; t = 1.0261e+04; dt = 7.1866e-03; 10.3 %
             [Mach = 20.589678]
step:1440000; t = 1.0332e+04; dt = 7.1866e-03; 10.3 %
             [Mach = 20.581472]
step:1450000; t = 1.0404e+04; dt = 7.1866e-03; 10.4 %
             [Mach = 20.573251]
step:1460000; t = 1.0476e+04; dt = 7.1866e-03; 10.5 %
             [Mach = 20.565014]
> Writing file #42 (dbl) to disk...
  [ 0.00 sec ]
step:1470000; t = 1.0548e+04; dt = 7.1866e-03; 10.5 %
             [Mach = 20.556760]
step:1480000; t = 1.0620e+04; dt = 7.1866e-03; 10.6 %
             [Mach = 20.548491]
step:1490000; t = 1.0692e+04; dt = 7.1866e-03; 10.7 %
             [Mach = 20.540205]
> Writing file #43 (dbl) to disk...
  [ 0.00 sec ]
step:1500000; t = 1.0764e+04; dt = 7.1866e-03; 10.8 %
             [Mach = 20.531903]
step:1510000; t = 1.0835e+04; dt = 7.1866e-03; 10.8 %
             [Mach = 20.523585]
step:1520000; t = 1.0907e+04; dt = 7.1866e-03; 10.9 %
             [Mach = 20.515250]
step:1530000; t = 1.0979e+04; dt = 7.1866e-03; 11.0 %
             [Mach = 20.506899]
> Writing file #44 (dbl) to disk...
  [ 0.00 sec ]
step:1540000; t = 1.1051e+04; dt = 7.1866e-03; 11.1 %
             [Mach = 20.498531]
step:1550000; t = 1.1123e+04; dt = 7.1866e-03; 11.1 %
             [Mach = 20.490147]
step:1560000; t = 1.1195e+04; dt = 7.1866e-03; 11.2 %
             [Mach = 20.481746]
> Writing file #45 (dbl) to disk...
  [ 0.00 sec ]
step:1570000; t = 1.1267e+04; dt = 7.1866e-03; 11.3 %
             [Mach = 20.473328]
step:1580000; t = 1.1339e+04; dt = 7.1866e-03; 11.3 %
             [Mach = 20.464894]
step:1590000; t = 1.1410e+04; dt = 7.1866e-03; 11.4 %
             [Mach = 20.456443]
step:1600000; t = 1.1482e+04; dt = 7.1866e-03; 11.5 %
             [Mach = 20.447974]
> Writing file #46 (dbl) to disk...
  [ 0.00 sec ]
step:1610000; t = 1.1554e+04; dt = 7.1866e-03; 11.6 %
             [Mach = 20.439489]
step:1620000; t = 1.1626e+04; dt = 7.1866e-03; 11.6 %
             [Mach = 20.430986]
step:1630000; t = 1.1698e+04; dt = 7.1866e-03; 11.7 %
             [Mach = 20.422467]
> Writing file #47 (dbl) to disk...
  [ 0.00 sec ]
step:1640000; t = 1.1770e+04; dt = 7.1866e-03; 11.8 %
             [Mach = 20.413930]
step:1650000; t = 1.1842e+04; dt = 7.1866e-03; 11.8 %
             [Mach = 20.405375]
step:1660000; t = 1.1913e+04; dt = 7.1866e-03; 11.9 %
             [Mach = 20.396804]
step:1670000; t = 1.1985e+04; dt = 7.1866e-03; 12.0 %
             [Mach = 20.388214]
> Writing file #48 (dbl) to disk...
  [ 0.00 sec ]
step:1680000; t = 1.2057e+04; dt = 7.1866e-03; 12.1 %
             [Mach = 20.379607]
step:1690000; t = 1.2129e+04; dt = 7.1866e-03; 12.1 %
             [Mach = 20.370983]
step:1700000; t = 1.2201e+04; dt = 7.1866e-03; 12.2 %
             [Mach = 20.362341]
> Writing file #49 (dbl) to disk...
  [ 0.00 sec ]
step:1710000; t = 1.2273e+04; dt = 7.1866e-03; 12.3 %
             [Mach = 20.353681]
step:1720000; t = 1.2345e+04; dt = 7.1866e-03; 12.3 %
             [Mach = 20.345003]
step:1730000; t = 1.2417e+04; dt = 7.1866e-03; 12.4 %
             [Mach = 20.336307]
step:1740000; t = 1.2488e+04; dt = 7.1866e-03; 12.5 %
             [Mach = 20.327593]
> Writing file #50 (dbl) to disk...
  [ 0.00 sec ]
step:1750000; t = 1.2560e+04; dt = 7.1866e-03; 12.6 %
             [Mach = 20.318861]
step:1760000; t = 1.2632e+04; dt = 7.1866e-03; 12.6 %
             [Mach = 20.310111]
step:1770000; t = 1.2704e+04; dt = 7.1866e-03; 12.7 %
             [Mach = 20.301342]
> Writing file #51 (dbl) to disk...
  [ 0.00 sec ]
step:1780000; t = 1.2776e+04; dt = 7.1866e-03; 12.8 %
             [Mach = 20.292555]
step:1790000; t = 1.2848e+04; dt = 7.1866e-03; 12.8 %
             [Mach = 20.283749]
step:1800000; t = 1.2920e+04; dt = 7.1866e-03; 12.9 %
             [Mach = 20.274925]
step:1810000; t = 1.2991e+04; dt = 7.1866e-03; 13.0 %
             [Mach = 20.266083]
> Writing file #52 (dbl) to disk...
  [ 0.00 sec ]
step:1820000; t = 1.3063e+04; dt = 7.1866e-03; 13.1 %
             [Mach = 20.257221]
step:1830000; t = 1.3135e+04; dt = 7.1866e-03; 13.1 %
             [Mach = 20.248341]
step:1840000; t = 1.3207e+04; dt = 7.1866e-03; 13.2 %
             [Mach = 20.239442]
> Writing file #53 (dbl) to disk...
  [ 0.00 sec ]
step:1850000; t = 1.3279e+04; dt = 7.1866e-03; 13.3 %
             [Mach = 20.230524]
step:1860000; t = 1.3351e+04; dt = 7.1866e-03; 13.4 %
             [Mach = 20.221587]
step:1870000; t = 1.3423e+04; dt = 7.1866e-03; 13.4 %
             [Mach = 20.212630]
step:1880000; t = 1.3494e+04; dt = 7.1866e-03; 13.5 %
             [Mach = 20.203655]
> Writing file #54 (dbl) to disk...
  [ 0.00 sec ]
step:1890000; t = 1.3566e+04; dt = 7.1866e-03; 13.6 %
             [Mach = 20.194660]
step:1900000; t = 1.3638e+04; dt = 7.1866e-03; 13.6 %
             [Mach = 20.185645]
step:1910000; t = 1.3710e+04; dt = 7.1866e-03; 13.7 %
             [Mach = 20.176611]
> Writing file #55 (dbl) to disk...
  [ 0.00 sec ]
step:1920000; t = 1.3782e+04; dt = 7.1866e-03; 13.8 %
             [Mach = 20.167558]
step:1930000; t = 1.3854e+04; dt = 7.1866e-03; 13.9 %
             [Mach = 20.158484]
step:1940000; t = 1.3926e+04; dt = 7.1866e-03; 13.9 %
             [Mach = 20.149391]
step:1950000; t = 1.3998e+04; dt = 7.1866e-03; 14.0 %
             [Mach = 20.140278]
> Writing file #56 (dbl) to disk...
  [ 0.00 sec ]
step:1960000; t = 1.4069e+04; dt = 7.1866e-03; 14.1 %
             [Mach = 20.131145]
step:1970000; t = 1.4141e+04; dt = 7.1866e-03; 14.1 %
             [Mach = 20.121992]
step:1980000; t = 1.4213e+04; dt = 7.1866e-03; 14.2 %
             [Mach = 20.112819]
> Writing file #57 (dbl) to disk...
  [ 0.00 sec ]
step:1990000; t = 1.4285e+04; dt = 7.1866e-03; 14.3 %
             [Mach = 20.103625]
step:2000000; t = 1.4357e+04; dt = 7.1866e-03; 14.4 %
             [Mach = 20.094411]
step:2010000; t = 1.4429e+04; dt = 7.1866e-03; 14.4 %
             [Mach = 20.085177]
> Writing file #58 (dbl) to disk...
  [ 0.00 sec ]
step:2020000; t = 1.4501e+04; dt = 7.1866e-03; 14.5 %
             [Mach = 20.075922]
step:2030000; t = 1.4572e+04; dt = 7.1866e-03; 14.6 %
             [Mach = 20.066646]
step:2040000; t = 1.4644e+04; dt = 7.1866e-03; 14.6 %
             [Mach = 20.057349]
step:2050000; t = 1.4716e+04; dt = 7.1866e-03; 14.7 %
             [Mach = 20.048032]
> Writing file #59 (dbl) to disk...
  [ 0.00 sec ]
step:2060000; t = 1.4788e+04; dt = 7.1866e-03; 14.8 %
             [Mach = 20.038693]
step:2070000; t = 1.4860e+04; dt = 7.1866e-03; 14.9 %
             [Mach = 20.029334]
step:2080000; t = 1.4932e+04; dt = 7.1866e-03; 14.9 %
             [Mach = 20.019953]
> Writing file #60 (dbl) to disk...
  [ 0.00 sec ]
step:2090000; t = 1.5004e+04; dt = 7.1866e-03; 15.0 %
             [Mach = 20.010551]
step:2100000; t = 1.5076e+04; dt = 7.1866e-03; 15.1 %
             [Mach = 20.001128]
step:2110000; t = 1.5147e+04; dt = 7.1866e-03; 15.1 %
             [Mach = 19.991683]
step:2120000; t = 1.5219e+04; dt = 7.1866e-03; 15.2 %
             [Mach = 19.982216]
> Writing file #61 (dbl) to disk...
  [ 0.00 sec ]
step:2130000; t = 1.5291e+04; dt = 7.1866e-03; 15.3 %
             [Mach = 19.972728]
step:2140000; t = 1.5363e+04; dt = 7.1866e-03; 15.4 %
             [Mach = 19.963217]
step:2150000; t = 1.5435e+04; dt = 7.1866e-03; 15.4 %
             [Mach = 19.953685]
> Writing file #62 (dbl) to disk...
  [ 0.00 sec ]
step:2160000; t = 1.5507e+04; dt = 7.1866e-03; 15.5 %
             [Mach = 19.944131]
step:2170000; t = 1.5579e+04; dt = 7.1866e-03; 15.6 %
             [Mach = 19.934555]
step:2180000; t = 1.5650e+04; dt = 7.1866e-03; 15.7 %
             [Mach = 19.924956]
step:2190000; t = 1.5722e+04; dt = 7.1866e-03; 15.7 %
             [Mach = 19.915335]
> Writing file #63 (dbl) to disk...
  [ 0.00 sec ]
step:2200000; t = 1.5794e+04; dt = 7.1866e-03; 15.8 %
             [Mach = 19.905691]
step:2210000; t = 1.5866e+04; dt = 7.1866e-03; 15.9 %
             [Mach = 19.896025]
step:2220000; t = 1.5938e+04; dt = 7.1866e-03; 15.9 %
             [Mach = 19.886336]
> Writing file #64 (dbl) to disk...
  [ 0.00 sec ]
step:2230000; t = 1.6010e+04; dt = 7.1866e-03; 16.0 %
             [Mach = 19.876624]
step:2240000; t = 1.6082e+04; dt = 7.1866e-03; 16.1 %
             [Mach = 19.866889]
step:2250000; t = 1.6154e+04; dt = 7.1866e-03; 16.2 %
             [Mach = 19.857131]
step:2260000; t = 1.6225e+04; dt = 7.1866e-03; 16.2 %
             [Mach = 19.847350]
> Writing file #65 (dbl) to disk...
  [ 0.00 sec ]
step:2270000; t = 1.6297e+04; dt = 7.1866e-03; 16.3 %
             [Mach = 19.837545]
step:2280000; t = 1.6369e+04; dt = 7.1866e-03; 16.4 %
             [Mach = 19.827717]
step:2290000; t = 1.6441e+04; dt = 7.1866e-03; 16.4 %
             [Mach = 19.817866]
> Writing file #66 (dbl) to disk...
  [ 0.00 sec ]
step:2300000; t = 1.6513e+04; dt = 7.1866e-03; 16.5 %
             [Mach = 19.807990]
step:2310000; t = 1.6585e+04; dt = 7.1866e-03; 16.6 %
             [Mach = 19.798091]
step:2320000; t = 1.6657e+04; dt = 7.1866e-03; 16.7 %
             [Mach = 19.788168]
step:2330000; t = 1.6728e+04; dt = 7.1866e-03; 16.7 %
             [Mach = 19.778221]
> Writing file #67 (dbl) to disk...
  [ 0.00 sec ]
step:2340000; t = 1.6800e+04; dt = 7.1866e-03; 16.8 %
             [Mach = 19.768250]
step:2350000; t = 1.6872e+04; dt = 7.1866e-03; 16.9 %
             [Mach = 19.758254]
step:2360000; t = 1.6944e+04; dt = 7.1866e-03; 16.9 %
             [Mach = 19.748233]
> Writing file #68 (dbl) to disk...
  [ 0.00 sec ]
step:2370000; t = 1.7016e+04; dt = 7.1866e-03; 17.0 %
             [Mach = 19.738189]
step:2380000; t = 1.7088e+04; dt = 7.1866e-03; 17.1 %
             [Mach = 19.728119]
step:2390000; t = 1.7160e+04; dt = 7.1866e-03; 17.2 %
             [Mach = 19.718024]
step:2400000; t = 1.7231e+04; dt = 7.1866e-03; 17.2 %
             [Mach = 19.707905]
> Writing file #69 (dbl) to disk...
  [ 0.00 sec ]
step:2410000; t = 1.7303e+04; dt = 7.1866e-03; 17.3 %
             [Mach = 19.697760]
step:2420000; t = 1.7375e+04; dt = 7.1866e-03; 17.4 %
             [Mach = 19.687590]
step:2430000; t = 1.7447e+04; dt = 7.1866e-03; 17.4 %
             [Mach = 19.677395]
> Writing file #70 (dbl) to disk...
  [ 0.00 sec ]
step:2440000; t = 1.7519e+04; dt = 7.1866e-03; 17.5 %
             [Mach = 19.667174]
step:2450000; t = 1.7591e+04; dt = 7.1866e-03; 17.6 %
             [Mach = 19.656927]
step:2460000; t = 1.7663e+04; dt = 7.1866e-03; 17.7 %
             [Mach = 19.646655]
step:2470000; t = 1.7735e+04; dt = 7.1866e-03; 17.7 %
             [Mach = 19.636356]
> Writing file #71 (dbl) to disk...
  [ 0.00 sec ]
step:2480000; t = 1.7806e+04; dt = 7.1866e-03; 17.8 %
             [Mach = 19.626032]
step:2490000; t = 1.7878e+04; dt = 7.1866e-03; 17.9 %
             [Mach = 19.615681]
step:2500000; t = 1.7950e+04; dt = 7.1866e-03; 18.0 %
             [Mach = 19.605304]
> Writing file #72 (dbl) to disk...
  [ 0.00 sec ]
step:2510000; t = 1.8022e+04; dt = 7.1866e-03; 18.0 %
             [Mach = 19.594900]
step:2520000; t = 1.8094e+04; dt = 7.1866e-03; 18.1 %
             [Mach = 19.584469]
step:2530000; t = 1.8166e+04; dt = 7.1866e-03; 18.2 %
             [Mach = 19.574012]
step:2540000; t = 1.8238e+04; dt = 7.1866e-03; 18.2 %
             [Mach = 19.563527]
> Writing file #73 (dbl) to disk...
  [ 0.00 sec ]
step:2550000; t = 1.8309e+04; dt = 7.1866e-03; 18.3 %
             [Mach = 19.553016]
step:2560000; t = 1.8381e+04; dt = 7.1866e-03; 18.4 %
             [Mach = 19.542477]
step:2570000; t = 1.8453e+04; dt = 7.1866e-03; 18.5 %
             [Mach = 19.531910]
> Writing file #74 (dbl) to disk...
  [ 0.00 sec ]
step:2580000; t = 1.8525e+04; dt = 7.1866e-03; 18.5 %
             [Mach = 19.521316]
step:2590000; t = 1.8597e+04; dt = 7.1866e-03; 18.6 %
             [Mach = 19.510694]
step:2600000; t = 1.8669e+04; dt = 7.1866e-03; 18.7 %
             [Mach = 19.500044]
step:2610000; t = 1.8741e+04; dt = 7.1866e-03; 18.7 %
             [Mach = 19.489366]
> Writing file #75 (dbl) to disk...
  [ 0.00 sec ]
step:2620000; t = 1.8813e+04; dt = 7.1866e-03; 18.8 %
             [Mach = 19.478660]
step:2630000; t = 1.8884e+04; dt = 7.1866e-03; 18.9 %
             [Mach = 19.467925]
step:2640000; t = 1.8956e+04; dt = 7.1866e-03; 19.0 %
             [Mach = 19.457162]
> Writing file #76 (dbl) to disk...
  [ 0.00 sec ]
step:2650000; t = 1.9028e+04; dt = 7.1866e-03; 19.0 %
             [Mach = 19.446370]
step:2660000; t = 1.9100e+04; dt = 7.1866e-03; 19.1 %
             [Mach = 19.435549]
step:2670000; t = 1.9172e+04; dt = 7.1866e-03; 19.2 %
             [Mach = 19.424699]
step:2680000; t = 1.9244e+04; dt = 7.1866e-03; 19.2 %
             [Mach = 19.413819]
> Writing file #77 (dbl) to disk...
  [ 0.00 sec ]
step:2690000; t = 1.9316e+04; dt = 7.1866e-03; 19.3 %
             [Mach = 19.402910]
step:2700000; t = 1.9387e+04; dt = 7.1866e-03; 19.4 %
             [Mach = 19.391972]
step:2710000; t = 1.9459e+04; dt = 7.1866e-03; 19.5 %
             [Mach = 19.381003]
> Writing file #78 (dbl) to disk...
  [ 0.00 sec ]
step:2720000; t = 1.9531e+04; dt = 7.1866e-03; 19.5 %
             [Mach = 19.370005]
step:2730000; t = 1.9603e+04; dt = 7.1866e-03; 19.6 %
             [Mach = 19.358976]
step:2740000; t = 1.9675e+04; dt = 7.1866e-03; 19.7 %
             [Mach = 19.347917]
step:2750000; t = 1.9747e+04; dt = 7.1866e-03; 19.7 %
             [Mach = 19.336828]
> Writing file #79 (dbl) to disk...
  [ 0.00 sec ]
step:2760000; t = 1.9819e+04; dt = 7.1866e-03; 19.8 %
             [Mach = 19.325708]
step:2770000; t = 1.9891e+04; dt = 7.1866e-03; 19.9 %
             [Mach = 19.314557]
step:2780000; t = 1.9962e+04; dt = 7.1866e-03; 20.0 %
             [Mach = 19.303374]
> Writing file #80 (dbl) to disk...
  [ 0.00 sec ]
step:2790000; t = 2.0034e+04; dt = 7.1866e-03; 20.0 %
             [Mach = 19.292161]
step:2800000; t = 2.0106e+04; dt = 7.1866e-03; 20.1 %
             [Mach = 19.280916]
step:2810000; t = 2.0178e+04; dt = 7.1866e-03; 20.2 %
             [Mach = 19.269639]
step:2820000; t = 2.0250e+04; dt = 7.1866e-03; 20.2 %
             [Mach = 19.258331]
> Writing file #81 (dbl) to disk...
  [ 0.00 sec ]
step:2830000; t = 2.0322e+04; dt = 7.1866e-03; 20.3 %
             [Mach = 19.246990]
step:2840000; t = 2.0394e+04; dt = 7.1866e-03; 20.4 %
             [Mach = 19.235617]
step:2850000; t = 2.0465e+04; dt = 7.1866e-03; 20.5 %
             [Mach = 19.224212]
> Writing file #82 (dbl) to disk...
  [ 0.00 sec ]
step:2860000; t = 2.0537e+04; dt = 7.1866e-03; 20.5 %
             [Mach = 19.212774]
step:2870000; t = 2.0609e+04; dt = 7.1866e-03; 20.6 %
             [Mach = 19.201303]
step:2880000; t = 2.0681e+04; dt = 7.1866e-03; 20.7 %
             [Mach = 19.189799]
> Writing file #83 (dbl) to disk...
  [ 0.00 sec ]
step:2890000; t = 2.0753e+04; dt = 7.1866e-03; 20.8 %
             [Mach = 19.178262]
step:2900000; t = 2.0825e+04; dt = 7.1866e-03; 20.8 %
             [Mach = 19.166691]
step:2910000; t = 2.0897e+04; dt = 7.1866e-03; 20.9 %
             [Mach = 19.155086]
step:2920000; t = 2.0969e+04; dt = 7.1866e-03; 21.0 %
             [Mach = 19.143448]
> Writing file #84 (dbl) to disk...
  [ 0.00 sec ]
step:2930000; t = 2.1040e+04; dt = 7.1866e-03; 21.0 %
             [Mach = 19.131775]
step:2940000; t = 2.1112e+04; dt = 7.1866e-03; 21.1 %
             [Mach = 19.120068]
step:2950000; t = 2.1184e+04; dt = 7.1866e-03; 21.2 %
             [Mach = 19.108326]
> Writing file #85 (dbl) to disk...
  [ 0.00 sec ]
step:2960000; t = 2.1256e+04; dt = 7.1866e-03; 21.3 %
             [Mach = 19.096550]
step:2970000; t = 2.1328e+04; dt = 7.1866e-03; 21.3 %
             [Mach = 19.084738]
step:2980000; t = 2.1400e+04; dt = 7.1866e-03; 21.4 %
             [Mach = 19.072891]
step:2990000; t = 2.1472e+04; dt = 7.1866e-03; 21.5 %
             [Mach = 19.061009]
> Writing file #86 (dbl) to disk...
  [ 0.00 sec ]
step:3000000; t = 2.1543e+04; dt = 7.1866e-03; 21.5 %
             [Mach = 19.049091]
step:3010000; t = 2.1615e+04; dt = 7.1866e-03; 21.6 %
             [Mach = 19.037137]
step:3020000; t = 2.1687e+04; dt = 7.1866e-03; 21.7 %
             [Mach = 19.025147]
> Writing file #87 (dbl) to disk...
  [ 0.00 sec ]
step:3030000; t = 2.1759e+04; dt = 7.1866e-03; 21.8 %
             [Mach = 19.013120]
step:3040000; t = 2.1831e+04; dt = 7.1866e-03; 21.8 %
             [Mach = 19.001056]
step:3050000; t = 2.1903e+04; dt = 7.1866e-03; 21.9 %
             [Mach = 18.988956]
step:3060000; t = 2.1975e+04; dt = 7.1866e-03; 22.0 %
             [Mach = 18.976818]
> Writing file #88 (dbl) to disk...
  [ 0.00 sec ]
step:3070000; t = 2.2046e+04; dt = 7.1866e-03; 22.0 %
             [Mach = 18.964643]
step:3080000; t = 2.2118e+04; dt = 7.1866e-03; 22.1 %
             [Mach = 18.952430]
step:3090000; t = 2.2190e+04; dt = 7.1866e-03; 22.2 %
             [Mach = 18.940179]
> Writing file #89 (dbl) to disk...
  [ 0.00 sec ]
step:3100000; t = 2.2262e+04; dt = 7.1866e-03; 22.3 %
             [Mach = 18.927890]
step:3110000; t = 2.2334e+04; dt = 7.1866e-03; 22.3 %
             [Mach = 18.915563]
step:3120000; t = 2.2406e+04; dt = 7.1866e-03; 22.4 %
             [Mach = 18.903196]
step:3130000; t = 2.2478e+04; dt = 7.1866e-03; 22.5 %
             [Mach = 18.890791]
> Writing file #90 (dbl) to disk...
  [ 0.00 sec ]
step:3140000; t = 2.2550e+04; dt = 7.1866e-03; 22.5 %
             [Mach = 18.878346]
step:3150000; t = 2.2621e+04; dt = 7.1866e-03; 22.6 %
             [Mach = 18.865862]
step:3160000; t = 2.2693e+04; dt = 7.1866e-03; 22.7 %
             [Mach = 18.853338]
> Writing file #91 (dbl) to disk...
  [ 0.00 sec ]
step:3170000; t = 2.2765e+04; dt = 7.1866e-03; 22.8 %
             [Mach = 18.840774]
step:3180000; t = 2.2837e+04; dt = 7.1866e-03; 22.8 %
             [Mach = 18.828169]
step:3190000; t = 2.2909e+04; dt = 7.1866e-03; 22.9 %
             [Mach = 18.815524]
step:3200000; t = 2.2981e+04; dt = 7.1866e-03; 23.0 %
             [Mach = 18.802838]
> Writing file #92 (dbl) to disk...
  [ 0.00 sec ]
step:3210000; t = 2.3053e+04; dt = 7.1866e-03; 23.1 %
             [Mach = 18.790110]
step:3220000; t = 2.3124e+04; dt = 7.1866e-03; 23.1 %
             [Mach = 18.777341]
step:3230000; t = 2.3196e+04; dt = 7.1866e-03; 23.2 %
             [Mach = 18.764529]
> Writing file #93 (dbl) to disk...
  [ 0.00 sec ]
step:3240000; t = 2.3268e+04; dt = 7.1866e-03; 23.3 %
             [Mach = 18.751676]
step:3250000; t = 2.3340e+04; dt = 7.1866e-03; 23.3 %
             [Mach = 18.738780]
step:3260000; t = 2.3412e+04; dt = 7.1866e-03; 23.4 %
             [Mach = 18.725842]
step:3270000; t = 2.3484e+04; dt = 7.1866e-03; 23.5 %
             [Mach = 18.712860]
> Writing file #94 (dbl) to disk...
  [ 0.00 sec ]
step:3280000; t = 2.3556e+04; dt = 7.1866e-03; 23.6 %
             [Mach = 18.699835]
step:3290000; t = 2.3628e+04; dt = 7.1866e-03; 23.6 %
             [Mach = 18.686766]
step:3300000; t = 2.3699e+04; dt = 7.1866e-03; 23.7 %
             [Mach = 18.673653]
> Writing file #95 (dbl) to disk...
  [ 0.00 sec ]
step:3310000; t = 2.3771e+04; dt = 7.1866e-03; 23.8 %
             [Mach = 18.660495]
step:3320000; t = 2.3843e+04; dt = 7.1866e-03; 23.8 %
             [Mach = 18.647293]
step:3330000; t = 2.3915e+04; dt = 7.1866e-03; 23.9 %
             [Mach = 18.634046]
step:3340000; t = 2.3987e+04; dt = 7.1866e-03; 24.0 %
             [Mach = 18.620753]
> Writing file #96 (dbl) to disk...
  [ 0.00 sec ]
step:3350000; t = 2.4059e+04; dt = 7.1866e-03; 24.1 %
             [Mach = 18.607414]
step:3360000; t = 2.4131e+04; dt = 7.1866e-03; 24.1 %
             [Mach = 18.594030]
step:3370000; t = 2.4202e+04; dt = 7.1866e-03; 24.2 %
             [Mach = 18.580599]
> Writing file #97 (dbl) to disk...
  [ 0.00 sec ]
step:3380000; t = 2.4274e+04; dt = 7.1866e-03; 24.3 %
             [Mach = 18.567121]
step:3390000; t = 2.4346e+04; dt = 7.1866e-03; 24.3 %
             [Mach = 18.553596]
step:3400000; t = 2.4418e+04; dt = 7.1866e-03; 24.4 %
             [Mach = 18.540023]
step:3410000; t = 2.4490e+04; dt = 7.1866e-03; 24.5 %
             [Mach = 18.526402]
> Writing file #98 (dbl) to disk...
  [ 0.00 sec ]
step:3420000; t = 2.4562e+04; dt = 7.1866e-03; 24.6 %
             [Mach = 18.512733]
step:3430000; t = 2.4634e+04; dt = 7.1866e-03; 24.6 %
             [Mach = 18.499015]
step:3440000; t = 2.4706e+04; dt = 7.1866e-03; 24.7 %
             [Mach = 18.485249]
> Writing file #99 (dbl) to disk...
  [ 0.00 sec ]
step:3450000; t = 2.4777e+04; dt = 7.1866e-03; 24.8 %
             [Mach = 18.471433]
step:3460000; t = 2.4849e+04; dt = 7.1866e-03; 24.8 %
             [Mach = 18.457566]
step:3470000; t = 2.4921e+04; dt = 7.1866e-03; 24.9 %
             [Mach = 18.443650]
step:3480000; t = 2.4993e+04; dt = 7.1866e-03; 25.0 %
             [Mach = 18.429683]
> Writing file #100 (dbl) to disk...
  [ 0.00 sec ]
step:3490000; t = 2.5065e+04; dt = 7.1866e-03; 25.1 %
             [Mach = 18.415665]
step:3500000; t = 2.5137e+04; dt = 7.1866e-03; 25.1 %
             [Mach = 18.401596]
step:3510000; t = 2.5209e+04; dt = 7.1866e-03; 25.2 %
             [Mach = 18.387474]
> Writing file #101 (dbl) to disk...
  [ 0.00 sec ]
step:3520000; t = 2.5280e+04; dt = 7.1866e-03; 25.3 %
             [Mach = 18.373300]
step:3530000; t = 2.5352e+04; dt = 7.1866e-03; 25.4 %
             [Mach = 18.359074]
step:3540000; t = 2.5424e+04; dt = 7.1866e-03; 25.4 %
             [Mach = 18.344794]
step:3550000; t = 2.5496e+04; dt = 7.1866e-03; 25.5 %
             [Mach = 18.330460]
> Writing file #102 (dbl) to disk...
  [ 0.00 sec ]
step:3560000; t = 2.5568e+04; dt = 7.1866e-03; 25.6 %
             [Mach = 18.316073]
step:3570000; t = 2.5640e+04; dt = 7.1866e-03; 25.6 %
             [Mach = 18.301631]
step:3580000; t = 2.5712e+04; dt = 7.1866e-03; 25.7 %
             [Mach = 18.287134]
> Writing file #103 (dbl) to disk...
  [ 0.00 sec ]
step:3590000; t = 2.5783e+04; dt = 7.1866e-03; 25.8 %
             [Mach = 18.272581]
step:3600000; t = 2.5855e+04; dt = 7.1866e-03; 25.9 %
             [Mach = 18.257972]
step:3610000; t = 2.5927e+04; dt = 7.1866e-03; 25.9 %
             [Mach = 18.243307]
step:3620000; t = 2.5999e+04; dt = 7.1866e-03; 26.0 %
             [Mach = 18.228585]
> Writing file #104 (dbl) to disk...
  [ 0.00 sec ]
step:3630000; t = 2.6071e+04; dt = 7.1866e-03; 26.1 %
             [Mach = 18.213806]
step:3640000; t = 2.6143e+04; dt = 7.1866e-03; 26.1 %
             [Mach = 18.198969]
step:3650000; t = 2.6215e+04; dt = 7.1866e-03; 26.2 %
             [Mach = 18.184073]
> Writing file #105 (dbl) to disk...
  [ 0.00 sec ]
step:3660000; t = 2.6287e+04; dt = 7.1866e-03; 26.3 %
             [Mach = 18.169118]
step:3670000; t = 2.6358e+04; dt = 7.1866e-03; 26.4 %
             [Mach = 18.154104]
step:3680000; t = 2.6430e+04; dt = 7.1866e-03; 26.4 %
             [Mach = 18.139030]
> Writing file #106 (dbl) to disk...
  [ 0.00 sec ]
step:3690000; t = 2.6502e+04; dt = 7.1866e-03; 26.5 %
             [Mach = 18.123895]
step:3700000; t = 2.6574e+04; dt = 7.1866e-03; 26.6 %
             [Mach = 18.108699]
step:3710000; t = 2.6646e+04; dt = 7.1866e-03; 26.6 %
             [Mach = 18.093442]
step:3720000; t = 2.6718e+04; dt = 7.1866e-03; 26.7 %
             [Mach = 18.078122]
> Writing file #107 (dbl) to disk...
  [ 0.00 sec ]
step:3730000; t = 2.6790e+04; dt = 7.1866e-03; 26.8 %
             [Mach = 18.062739]
step:3740000; t = 2.6861e+04; dt = 7.1866e-03; 26.9 %
             [Mach = 18.047293]
step:3750000; t = 2.6933e+04; dt = 7.1866e-03; 26.9 %
             [Mach = 18.031784]
> Writing file #108 (dbl) to disk...
  [ 0.00 sec ]
step:3760000; t = 2.7005e+04; dt = 7.1866e-03; 27.0 %
             [Mach = 18.016209]
step:3770000; t = 2.7077e+04; dt = 7.1866e-03; 27.1 %
             [Mach = 18.000570]
step:3780000; t = 2.7149e+04; dt = 7.1866e-03; 27.1 %
             [Mach = 17.984864]
step:3790000; t = 2.7221e+04; dt = 7.1866e-03; 27.2 %
             [Mach = 17.969093]
> Writing file #109 (dbl) to disk...
  [ 0.00 sec ]
step:3800000; t = 2.7293e+04; dt = 7.1866e-03; 27.3 %
             [Mach = 17.953254]
step:3810000; t = 2.7365e+04; dt = 7.1866e-03; 27.4 %
             [Mach = 17.937347]
step:3820000; t = 2.7436e+04; dt = 7.1866e-03; 27.4 %
             [Mach = 17.921372]
> Writing file #110 (dbl) to disk...
  [ 0.00 sec ]
step:3830000; t = 2.7508e+04; dt = 7.1866e-03; 27.5 %
             [Mach = 17.905329]
step:3840000; t = 2.7580e+04; dt = 7.1866e-03; 27.6 %
             [Mach = 17.889215]
step:3850000; t = 2.7652e+04; dt = 7.1866e-03; 27.7 %
             [Mach = 17.873031]
step:3860000; t = 2.7724e+04; dt = 7.1866e-03; 27.7 %
             [Mach = 17.856775]
> Writing file #111 (dbl) to disk...
  [ 0.00 sec ]
step:3870000; t = 2.7796e+04; dt = 7.1866e-03; 27.8 %
             [Mach = 17.840448]
step:3880000; t = 2.7868e+04; dt = 7.1866e-03; 27.9 %
             [Mach = 17.824047]
step:3890000; t = 2.7939e+04; dt = 7.1866e-03; 27.9 %
             [Mach = 17.807574]
> Writing file #112 (dbl) to disk...
  [ 0.00 sec ]
step:3900000; t = 2.8011e+04; dt = 7.1866e-03; 28.0 %
             [Mach = 17.791025]
step:3910000; t = 2.8083e+04; dt = 7.1866e-03; 28.1 %
             [Mach = 17.774401]
step:3920000; t = 2.8155e+04; dt = 7.1866e-03; 28.2 %
             [Mach = 17.757699]
step:3930000; t = 2.8227e+04; dt = 7.1866e-03; 28.2 %
             [Mach = 17.740923]
> Writing file #113 (dbl) to disk...
  [ 0.00 sec ]
step:3940000; t = 2.8299e+04; dt = 7.1866e-03; 28.3 %
             [Mach = 17.724075]
step:3950000; t = 2.8371e+04; dt = 7.1866e-03; 28.4 %
             [Mach = 17.707153]
step:3960000; t = 2.8443e+04; dt = 7.1866e-03; 28.4 %
             [Mach = 17.690154]
> Writing file #114 (dbl) to disk...
  [ 0.00 sec ]
step:3970000; t = 2.8514e+04; dt = 7.1866e-03; 28.5 %
             [Mach = 17.673076]
step:3980000; t = 2.8586e+04; dt = 7.1866e-03; 28.6 %
             [Mach = 17.655917]
step:3990000; t = 2.8658e+04; dt = 7.1866e-03; 28.7 %
             [Mach = 17.638677]
step:4000000; t = 2.8730e+04; dt = 7.1866e-03; 28.7 %
             [Mach = 17.621354]
> Writing file #115 (dbl) to disk...
  [ 0.00 sec ]
step:4010000; t = 2.8802e+04; dt = 7.1866e-03; 28.8 %
             [Mach = 17.603948]
step:4020000; t = 2.8874e+04; dt = 7.1866e-03; 28.9 %
             [Mach = 17.586457]
step:4030000; t = 2.8946e+04; dt = 7.1866e-03; 28.9 %
             [Mach = 17.568881]
> Writing file #116 (dbl) to disk...
  [ 0.00 sec ]
step:4040000; t = 2.9017e+04; dt = 7.1866e-03; 29.0 %
             [Mach = 17.551219]
step:4050000; t = 2.9089e+04; dt = 7.1866e-03; 29.1 %
             [Mach = 17.533469]
step:4060000; t = 2.9161e+04; dt = 7.1866e-03; 29.2 %
             [Mach = 17.515631]
step:4070000; t = 2.9233e+04; dt = 7.1866e-03; 29.2 %
             [Mach = 17.497705]
> Writing file #117 (dbl) to disk...
  [ 0.00 sec ]
step:4080000; t = 2.9305e+04; dt = 7.1866e-03; 29.3 %
             [Mach = 17.479691]
step:4090000; t = 2.9377e+04; dt = 7.1866e-03; 29.4 %
             [Mach = 17.461587]
step:4100000; t = 2.9449e+04; dt = 7.1866e-03; 29.4 %
             [Mach = 17.443392]
> Writing file #118 (dbl) to disk...
  [ 0.00 sec ]
step:4110000; t = 2.9521e+04; dt = 7.1866e-03; 29.5 %
             [Mach = 17.425104]
step:4120000; t = 2.9592e+04; dt = 7.1866e-03; 29.6 %
             [Mach = 17.406724]
step:4130000; t = 2.9664e+04; dt = 7.1866e-03; 29.7 %
             [Mach = 17.388248]
step:4140000; t = 2.9736e+04; dt = 7.1866e-03; 29.7 %
             [Mach = 17.369676]
> Writing file #119 (dbl) to disk...
  [ 0.00 sec ]
step:4150000; t = 2.9808e+04; dt = 7.1866e-03; 29.8 %
             [Mach = 17.351007]
step:4160000; t = 2.9880e+04; dt = 7.1866e-03; 29.9 %
             [Mach = 17.332239]
step:4170000; t = 2.9952e+04; dt = 7.1866e-03; 30.0 %
             [Mach = 17.313370]
> Writing file #120 (dbl) to disk...
  [ 0.00 sec ]
step:4180000; t = 3.0024e+04; dt = 7.1866e-03; 30.0 %
             [Mach = 17.294399]
step:4190000; t = 3.0095e+04; dt = 7.1866e-03; 30.1 %
             [Mach = 17.275326]
step:4200000; t = 3.0167e+04; dt = 7.1866e-03; 30.2 %
             [Mach = 17.256148]
step:4210000; t = 3.0239e+04; dt = 7.1866e-03; 30.2 %
             [Mach = 17.236865]
> Writing file #121 (dbl) to disk...
  [ 0.00 sec ]
step:4220000; t = 3.0311e+04; dt = 7.1866e-03; 30.3 %
             [Mach = 17.217475]
step:4230000; t = 3.0383e+04; dt = 7.1866e-03; 30.4 %
             [Mach = 17.197977]
step:4240000; t = 3.0455e+04; dt = 7.1866e-03; 30.5 %
             [Mach = 17.178371]
> Writing file #122 (dbl) to disk...
  [ 0.00 sec ]
step:4250000; t = 3.0527e+04; dt = 7.1866e-03; 30.5 %
             [Mach = 17.158654]
step:4260000; t = 3.0598e+04; dt = 7.1866e-03; 30.6 %
             [Mach = 17.138825]
step:4270000; t = 3.0670e+04; dt = 7.1866e-03; 30.7 %
             [Mach = 17.118883]
step:4280000; t = 3.0742e+04; dt = 7.1866e-03; 30.7 %
             [Mach = 17.098827]
> Writing file #123 (dbl) to disk...
  [ 0.00 sec ]
step:4290000; t = 3.0814e+04; dt = 7.1866e-03; 30.8 %
             [Mach = 17.078654]
step:4300000; t = 3.0886e+04; dt = 7.1866e-03; 30.9 %
             [Mach = 17.058356]
step:4310000; t = 3.0958e+04; dt = 7.1866e-03; 31.0 %
             [Mach = 17.037933]
> Writing file #124 (dbl) to disk...
  [ 0.00 sec ]
step:4320000; t = 3.1030e+04; dt = 7.1866e-03; 31.0 %
             [Mach = 17.017385]
step:4330000; t = 3.1102e+04; dt = 7.1866e-03; 31.1 %
             [Mach = 16.996711]
step:4340000; t = 3.1173e+04; dt = 7.1866e-03; 31.2 %
             [Mach = 16.975912]
step:4350000; t = 3.1245e+04; dt = 7.1866e-03; 31.2 %
             [Mach = 16.954989]
> Writing file #125 (dbl) to disk...
  [ 0.00 sec ]
step:4360000; t = 3.1317e+04; dt = 7.1866e-03; 31.3 %
             [Mach = 16.933938]
step:4370000; t = 3.1389e+04; dt = 7.1866e-03; 31.4 %
             [Mach = 16.912761]
step:4380000; t = 3.1461e+04; dt = 7.1866e-03; 31.5 %
             [Mach = 16.891454]
> Writing file #126 (dbl) to disk...
  [ 0.00 sec ]
step:4390000; t = 3.1533e+04; dt = 7.1866e-03; 31.5 %
             [Mach = 16.870015]
step:4400000; t = 3.1605e+04; dt = 7.1866e-03; 31.6 %
             [Mach = 16.848442]
step:4410000; t = 3.1676e+04; dt = 7.1866e-03; 31.7 %
             [Mach = 16.826732]
step:4420000; t = 3.1748e+04; dt = 7.1866e-03; 31.7 %
             [Mach = 16.804883]
> Writing file #127 (dbl) to disk...
  [ 0.00 sec ]
step:4430000; t = 3.1820e+04; dt = 7.1866e-03; 31.8 %
             [Mach = 16.782891]
step:4440000; t = 3.1892e+04; dt = 7.1866e-03; 31.9 %
             [Mach = 16.760754]
step:4450000; t = 3.1964e+04; dt = 7.1866e-03; 32.0 %
             [Mach = 16.738468]
> Writing file #128 (dbl) to disk...
  [ 0.00 sec ]
step:4460000; t = 3.2036e+04; dt = 7.1866e-03; 32.0 %
             [Mach = 16.716032]
step:4470000; t = 3.2108e+04; dt = 7.1866e-03; 32.1 %
             [Mach = 16.693443]
step:4480000; t = 3.2180e+04; dt = 7.1866e-03; 32.2 %
             [Mach = 16.670698]
> Writing file #129 (dbl) to disk...
  [ 0.00 sec ]
step:4490000; t = 3.2251e+04; dt = 7.1866e-03; 32.3 %
             [Mach = 16.647795]
step:4500000; t = 3.2323e+04; dt = 7.1866e-03; 32.3 %
             [Mach = 16.624730]
step:4510000; t = 3.2395e+04; dt = 7.1866e-03; 32.4 %
             [Mach = 16.601503]
step:4520000; t = 3.2467e+04; dt = 7.1866e-03; 32.5 %
             [Mach = 16.578111]
> Writing file #130 (dbl) to disk...
  [ 0.00 sec ]
step:4530000; t = 3.2539e+04; dt = 7.1866e-03; 32.5 %
             [Mach = 16.554551]
step:4540000; t = 3.2611e+04; dt = 7.1866e-03; 32.6 %
             [Mach = 16.530820]
step:4550000; t = 3.2683e+04; dt = 7.1866e-03; 32.7 %
             [Mach = 16.506916]
> Writing file #131 (dbl) to disk...
  [ 0.00 sec ]
step:4560000; t = 3.2754e+04; dt = 7.1866e-03; 32.8 %
             [Mach = 16.482835]
step:4570000; t = 3.2826e+04; dt = 7.1866e-03; 32.8 %
             [Mach = 16.458573]
step:4580000; t = 3.2898e+04; dt = 7.1866e-03; 32.9 %
             [Mach = 16.434125]
step:4590000; t = 3.2970e+04; dt = 7.1866e-03; 33.0 %
             [Mach = 16.409484]
> Writing file #132 (dbl) to disk...
  [ 0.00 sec ]
step:4600000; t = 3.3042e+04; dt = 7.1866e-03; 33.0 %
             [Mach = 16.384645]
step:4610000; t = 3.3114e+04; dt = 7.1866e-03; 33.1 %
             [Mach = 16.359601]
step:4620000; t = 3.3186e+04; dt = 7.1866e-03; 33.2 %
             [Mach = 16.334343]
> Writing file #133 (dbl) to disk...
  [ 0.00 sec ]
step:4630000; t = 3.3258e+04; dt = 7.1866e-03; 33.3 %
             [Mach = 16.308867]
step:4640000; t = 3.3329e+04; dt = 7.1866e-03; 33.3 %
             [Mach = 16.283166]
step:4650000; t = 3.3401e+04; dt = 7.1866e-03; 33.4 %
             [Mach = 16.257236]
step:4660000; t = 3.3473e+04; dt = 7.1866e-03; 33.5 %
             [Mach = 16.231078]
> Writing file #134 (dbl) to disk...
  [ 0.00 sec ]
step:4670000; t = 3.3545e+04; dt = 7.1866e-03; 33.5 %
             [Mach = 16.204691]
step:4680000; t = 3.3617e+04; dt = 7.1866e-03; 33.6 %
             [Mach = 16.178081]
step:4690000; t = 3.3689e+04; dt = 7.1866e-03; 33.7 %
             [Mach = 16.151255]
> Writing file #135 (dbl) to disk...
  [ 0.00 sec ]
step:4700000; t = 3.3761e+04; dt = 7.1866e-03; 33.8 %
             [Mach = 16.124222]
step:4710000; t = 3.3832e+04; dt = 7.1866e-03; 33.8 %
             [Mach = 16.096992]
step:4720000; t = 3.3904e+04; dt = 7.1866e-03; 33.9 %
             [Mach = 16.069572]
step:4730000; t = 3.3976e+04; dt = 7.1866e-03; 34.0 %
             [Mach = 16.041967]
> Writing file #136 (dbl) to disk...
  [ 1.00 sec ]
step:4740000; t = 3.4048e+04; dt = 7.1866e-03; 34.0 %
             [Mach = 16.014174]
step:4750000; t = 3.4120e+04; dt = 7.1866e-03; 34.1 %
             [Mach = 15.986180]
step:4760000; t = 3.4192e+04; dt = 7.1866e-03; 34.2 %
             [Mach = 15.957961]
> Writing file #137 (dbl) to disk...
  [ 0.00 sec ]
step:4770000; t = 3.4264e+04; dt = 7.1866e-03; 34.3 %
             [Mach = 15.929480]
step:4780000; t = 3.4336e+04; dt = 7.1866e-03; 34.3 %
             [Mach = 15.900684]
step:4790000; t = 3.4407e+04; dt = 7.1866e-03; 34.4 %
             [Mach = 15.871514]
step:4800000; t = 3.4479e+04; dt = 7.1866e-03; 34.5 %
             [Mach = 15.841901]
> Writing file #138 (dbl) to disk...
  [ 0.00 sec ]
step:4810000; t = 3.4551e+04; dt = 7.1866e-03; 34.6 %
             [Mach = 15.811776]
step:4820000; t = 3.4623e+04; dt = 7.1866e-03; 34.6 %
             [Mach = 15.781081]
step:4830000; t = 3.4695e+04; dt = 7.1866e-03; 34.7 %
             [Mach = 15.749770]
> Writing file #139 (dbl) to disk...
  [ 0.00 sec ]
step:4840000; t = 3.4767e+04; dt = 7.1866e-03; 34.8 %
             [Mach = 15.717823]
step:4850000; t = 3.4839e+04; dt = 7.1866e-03; 34.8 %
             [Mach = 15.685248]
step:4860000; t = 3.4910e+04; dt = 7.1866e-03; 34.9 %
             [Mach = 15.652078]
step:4870000; t = 3.4982e+04; dt = 7.1866e-03; 35.0 %
             [Mach = 15.618371]
> Writing file #140 (dbl) to disk...
  [ 0.00 sec ]
step:4880000; t = 3.5054e+04; dt = 7.1866e-03; 35.1 %
             [Mach = 15.584200]
step:4890000; t = 3.5126e+04; dt = 7.1866e-03; 35.1 %
             [Mach = 15.549638]
step:4900000; t = 3.5198e+04; dt = 7.1866e-03; 35.2 %
             [Mach = 15.514747]
> Writing file #141 (dbl) to disk...
  [ 0.00 sec ]
step:4910000; t = 3.5270e+04; dt = 7.1866e-03; 35.3 %
             [Mach = 15.479573]
step:4920000; t = 3.5342e+04; dt = 7.1866e-03; 35.3 %
             [Mach = 15.444136]
step:4930000; t = 3.5413e+04; dt = 7.1866e-03; 35.4 %
             [Mach = 15.408435]
step:4940000; t = 3.5485e+04; dt = 7.1866e-03; 35.5 %
             [Mach = 15.372462]
> Writing file #142 (dbl) to disk...
  [ 0.00 sec ]
step:4950000; t = 3.5557e+04; dt = 7.1866e-03; 35.6 %
             [Mach = 15.336205]
step:4960000; t = 3.5629e+04; dt = 7.1866e-03; 35.6 %
             [Mach = 15.299635]
step:4970000; t = 3.5701e+04; dt = 7.1866e-03; 35.7 %
             [Mach = 15.262511]
> Writing file #143 (dbl) to disk...
  [ 0.00 sec ]
step:4980000; t = 3.5773e+04; dt = 7.1866e-03; 35.8 %
             [Mach = 15.225201]
step:4990000; t = 3.5845e+04; dt = 7.1866e-03; 35.8 %
             [Mach = 15.188035]
step:5000000; t = 3.5917e+04; dt = 7.1866e-03; 35.9 %
             [Mach = 15.151322]
step:5010000; t = 3.5988e+04; dt = 7.1866e-03; 36.0 %
             [Mach = 15.115352]
> Writing file #144 (dbl) to disk...
  [ 0.00 sec ]
step:5020000; t = 3.6060e+04; dt = 7.1866e-03; 36.1 %
             [Mach = 15.080335]
step:5030000; t = 3.6132e+04; dt = 7.1866e-03; 36.1 %
             [Mach = 15.046102]
step:5040000; t = 3.6204e+04; dt = 7.1866e-03; 36.2 %
             [Mach = 15.012537]
> Writing file #145 (dbl) to disk...
  [ 0.00 sec ]
step:5050000; t = 3.6276e+04; dt = 7.1866e-03; 36.3 %
             [Mach = 14.979495]
step:5060000; t = 3.6348e+04; dt = 7.1866e-03; 36.3 %
             [Mach = 14.947275]
step:5070000; t = 3.6420e+04; dt = 7.1866e-03; 36.4 %
             [Mach = 14.914225]
step:5080000; t = 3.6491e+04; dt = 7.1866e-03; 36.5 %
             [Mach = 14.881374]
> Writing file #146 (dbl) to disk...
  [ 0.00 sec ]
step:5090000; t = 3.6563e+04; dt = 7.1866e-03; 36.6 %
             [Mach = 14.853754]
step:5100000; t = 3.6635e+04; dt = 7.1866e-03; 36.6 %
             [Mach = 14.831302]
step:5110000; t = 3.6707e+04; dt = 7.1866e-03; 36.7 %
             [Mach = 14.813402]
> Writing file #147 (dbl) to disk...
  [ 0.00 sec ]
step:5120000; t = 3.6779e+04; dt = 7.1866e-03; 36.8 %
             [Mach = 14.799379]
step:5130000; t = 3.6851e+04; dt = 7.1866e-03; 36.9 %
             [Mach = 14.788568]
step:5140000; t = 3.6923e+04; dt = 7.1866e-03; 36.9 %
             [Mach = 14.780421]
step:5150000; t = 3.6995e+04; dt = 7.1866e-03; 37.0 %
             [Mach = 14.787313]
> Writing file #148 (dbl) to disk...
  [ 0.00 sec ]
step:5160000; t = 3.7066e+04; dt = 7.1866e-03; 37.1 %
             [Mach = 14.798179]
step:5170000; t = 3.7138e+04; dt = 7.1866e-03; 37.1 %
             [Mach = 14.807091]
step:5180000; t = 3.7210e+04; dt = 7.1866e-03; 37.2 %
             [Mach = 14.814198]
> Writing file #149 (dbl) to disk...
  [ 0.00 sec ]
step:5190000; t = 3.7282e+04; dt = 7.1866e-03; 37.3 %
             [Mach = 14.819748]
step:5200000; t = 3.7354e+04; dt = 7.1866e-03; 37.4 %
             [Mach = 14.824030]
step:5210000; t = 3.7426e+04; dt = 7.1866e-03; 37.4 %
             [Mach = 14.827327]
step:5220000; t = 3.7498e+04; dt = 7.1866e-03; 37.5 %
             [Mach = 14.829887]
> Writing file #150 (dbl) to disk...
  [ 0.00 sec ]
step:5230000; t = 3.7569e+04; dt = 7.1866e-03; 37.6 %
             [Mach = 14.831910]
step:5240000; t = 3.7641e+04; dt = 7.1866e-03; 37.6 %
             [Mach = 14.833537]
step:5250000; t = 3.7713e+04; dt = 7.1866e-03; 37.7 %
             [Mach = 14.834849]
> Writing file #151 (dbl) to disk...
  [ 0.00 sec ]
step:5260000; t = 3.7785e+04; dt = 7.1866e-03; 37.8 %
             [Mach = 14.835880]
step:5270000; t = 3.7857e+04; dt = 7.1866e-03; 37.9 %
             [Mach = 14.836615]
step:5280000; t = 3.7929e+04; dt = 7.1866e-03; 37.9 %
             [Mach = 14.837008]
> Writing file #152 (dbl) to disk...
  [ 0.00 sec ]
step:5290000; t = 3.8001e+04; dt = 7.1866e-03; 38.0 %
             [Mach = 14.836982]
step:5300000; t = 3.8073e+04; dt = 7.1866e-03; 38.1 %
             [Mach = 14.836443]
step:5310000; t = 3.8144e+04; dt = 7.1866e-03; 38.1 %
             [Mach = 14.835284]
step:5320000; t = 3.8216e+04; dt = 7.1866e-03; 38.2 %
             [Mach = 14.833394]
> Writing file #153 (dbl) to disk...
  [ 0.00 sec ]
step:5330000; t = 3.8288e+04; dt = 7.1866e-03; 38.3 %
             [Mach = 14.830659]
step:5340000; t = 3.8360e+04; dt = 7.1866e-03; 38.4 %
             [Mach = 14.826970]
step:5350000; t = 3.8432e+04; dt = 7.1866e-03; 38.4 %
             [Mach = 14.822224]
> Writing file #154 (dbl) to disk...
  [ 0.00 sec ]
step:5360000; t = 3.8504e+04; dt = 7.1866e-03; 38.5 %
             [Mach = 14.816333]
step:5370000; t = 3.8576e+04; dt = 7.1866e-03; 38.6 %
             [Mach = 14.809219]
step:5380000; t = 3.8647e+04; dt = 7.1866e-03; 38.6 %
             [Mach = 14.800826]
step:5390000; t = 3.8719e+04; dt = 7.1866e-03; 38.7 %
             [Mach = 14.789156]
> Writing file #155 (dbl) to disk...
  [ 0.00 sec ]
step:5400000; t = 3.8791e+04; dt = 7.1866e-03; 38.8 %
             [Mach = 14.774459]
step:5410000; t = 3.8863e+04; dt = 7.1866e-03; 38.9 %
             [Mach = 14.758714]
step:5420000; t = 3.8935e+04; dt = 7.1866e-03; 38.9 %
             [Mach = 14.741959]
> Writing file #156 (dbl) to disk...
  [ 0.00 sec ]
step:5430000; t = 3.9007e+04; dt = 7.1866e-03; 39.0 %
             [Mach = 14.724227]
step:5440000; t = 3.9079e+04; dt = 7.1866e-03; 39.1 %
             [Mach = 14.714482]
step:5450000; t = 3.9150e+04; dt = 7.1866e-03; 39.2 %
             [Mach = 14.704128]
step:5460000; t = 3.9222e+04; dt = 7.1866e-03; 39.2 %
             [Mach = 14.692677]
> Writing file #157 (dbl) to disk...
  [ 0.00 sec ]
step:5470000; t = 3.9294e+04; dt = 7.1866e-03; 39.3 %
             [Mach = 14.680143]
step:5480000; t = 3.9366e+04; dt = 7.1866e-03; 39.4 %
             [Mach = 14.666540]
step:5490000; t = 3.9438e+04; dt = 7.1866e-03; 39.4 %
             [Mach = 14.651881]
> Writing file #158 (dbl) to disk...
  [ 0.00 sec ]
step:5500000; t = 3.9510e+04; dt = 7.1866e-03; 39.5 %
             [Mach = 14.636168]
step:5510000; t = 3.9582e+04; dt = 7.1866e-03; 39.6 %
             [Mach = 14.619406]
step:5520000; t = 3.9654e+04; dt = 7.1866e-03; 39.7 %
             [Mach = 14.601625]
step:5530000; t = 3.9725e+04; dt = 7.1866e-03; 39.7 %
             [Mach = 14.582812]
> Writing file #159 (dbl) to disk...
  [ 0.00 sec ]
step:5540000; t = 3.9797e+04; dt = 7.1866e-03; 39.8 %
             [Mach = 14.562912]
step:5550000; t = 3.9869e+04; dt = 7.1866e-03; 39.9 %
             [Mach = 14.541879]
step:5560000; t = 3.9941e+04; dt = 7.1866e-03; 39.9 %
             [Mach = 14.519699]
> Writing file #160 (dbl) to disk...
  [ 0.00 sec ]
step:5570000; t = 4.0013e+04; dt = 7.1866e-03; 40.0 %
             [Mach = 14.496423]
step:5580000; t = 4.0085e+04; dt = 7.1866e-03; 40.1 %
             [Mach = 14.472137]
step:5590000; t = 4.0157e+04; dt = 7.1866e-03; 40.2 %
             [Mach = 14.446915]
step:5600000; t = 4.0228e+04; dt = 7.1866e-03; 40.2 %
             [Mach = 14.420826]
> Writing file #161 (dbl) to disk...
  [ 0.00 sec ]
step:5610000; t = 4.0300e+04; dt = 7.1866e-03; 40.3 %
             [Mach = 14.394101]
step:5620000; t = 4.0372e+04; dt = 7.1866e-03; 40.4 %
             [Mach = 14.366913]
step:5630000; t = 4.0444e+04; dt = 7.1866e-03; 40.4 %
             [Mach = 14.339372]
> Writing file #162 (dbl) to disk...
  [ 0.00 sec ]
step:5640000; t = 4.0516e+04; dt = 7.1866e-03; 40.5 %
             [Mach = 14.311531]
step:5650000; t = 4.0588e+04; dt = 7.1866e-03; 40.6 %
             [Mach = 14.283400]
step:5660000; t = 4.0660e+04; dt = 7.1866e-03; 40.7 %
             [Mach = 14.254970]
step:5670000; t = 4.0732e+04; dt = 7.1866e-03; 40.7 %
             [Mach = 14.226224]
> Writing file #163 (dbl) to disk...
  [ 0.00 sec ]
step:5680000; t = 4.0803e+04; dt = 7.1866e-03; 40.8 %
             [Mach = 14.197150]
step:5690000; t = 4.0875e+04; dt = 7.1866e-03; 40.9 %
             [Mach = 14.167782]
step:5700000; t = 4.0947e+04; dt = 7.1866e-03; 40.9 %
             [Mach = 14.138321]
> Writing file #164 (dbl) to disk...
  [ 0.00 sec ]
step:5710000; t = 4.1019e+04; dt = 7.1866e-03; 41.0 %
             [Mach = 14.108768]
step:5720000; t = 4.1091e+04; dt = 7.1866e-03; 41.1 %
             [Mach = 14.078769]
step:5730000; t = 4.1163e+04; dt = 7.1866e-03; 41.2 %
             [Mach = 14.048200]
step:5740000; t = 4.1235e+04; dt = 7.1866e-03; 41.2 %
             [Mach = 14.017165]
> Writing file #165 (dbl) to disk...
  [ 0.00 sec ]
step:5750000; t = 4.1306e+04; dt = 7.1866e-03; 41.3 %
             [Mach = 13.985747]
step:5760000; t = 4.1378e+04; dt = 7.1866e-03; 41.4 %
             [Mach = 13.954012]
step:5770000; t = 4.1450e+04; dt = 7.1866e-03; 41.5 %
             [Mach = 13.922010]
> Writing file #166 (dbl) to disk...
  [ 0.00 sec ]
step:5780000; t = 4.1522e+04; dt = 7.1866e-03; 41.5 %
             [Mach = 13.889777]
step:5790000; t = 4.1594e+04; dt = 7.1866e-03; 41.6 %
             [Mach = 13.857340]
step:5800000; t = 4.1666e+04; dt = 7.1866e-03; 41.7 %
             [Mach = 13.824720]
step:5810000; t = 4.1738e+04; dt = 7.1866e-03; 41.7 %
             [Mach = 13.791931]
> Writing file #167 (dbl) to disk...
  [ 0.00 sec ]
step:5820000; t = 4.1810e+04; dt = 7.1866e-03; 41.8 %
             [Mach = 13.758983]
step:5830000; t = 4.1881e+04; dt = 7.1866e-03; 41.9 %
             [Mach = 13.725883]
step:5840000; t = 4.1953e+04; dt = 7.1866e-03; 42.0 %
             [Mach = 13.692636]
> Writing file #168 (dbl) to disk...
  [ 0.00 sec ]
step:5850000; t = 4.2025e+04; dt = 7.1866e-03; 42.0 %
             [Mach = 13.659243]
step:5860000; t = 4.2097e+04; dt = 7.1866e-03; 42.1 %
             [Mach = 13.625703]
step:5870000; t = 4.2169e+04; dt = 7.1866e-03; 42.2 %
             [Mach = 13.592011]
step:5880000; t = 4.2241e+04; dt = 7.1866e-03; 42.2 %
             [Mach = 13.558159]
> Writing file #169 (dbl) to disk...
  [ 0.00 sec ]
step:5890000; t = 4.2313e+04; dt = 7.1866e-03; 42.3 %
             [Mach = 13.524132]
step:5900000; t = 4.2384e+04; dt = 7.1866e-03; 42.4 %
             [Mach = 13.489914]
step:5910000; t = 4.2456e+04; dt = 7.1866e-03; 42.5 %
             [Mach = 13.455483]
> Writing file #170 (dbl) to disk...
  [ 0.00 sec ]
step:5920000; t = 4.2528e+04; dt = 7.1866e-03; 42.5 %
             [Mach = 13.420814]
step:5930000; t = 4.2600e+04; dt = 7.1866e-03; 42.6 %
             [Mach = 13.385881]
step:5940000; t = 4.2672e+04; dt = 7.1866e-03; 42.7 %
             [Mach = 13.350655]
step:5950000; t = 4.2744e+04; dt = 7.1866e-03; 42.7 %
             [Mach = 13.315107]
> Writing file #171 (dbl) to disk...
  [ 0.00 sec ]
step:5960000; t = 4.2816e+04; dt = 7.1866e-03; 42.8 %
             [Mach = 13.279212]
step:5970000; t = 4.2888e+04; dt = 7.1866e-03; 42.9 %
             [Mach = 13.242945]
step:5980000; t = 4.2959e+04; dt = 7.1866e-03; 43.0 %
             [Mach = 13.206293]
> Writing file #172 (dbl) to disk...
  [ 0.00 sec ]
step:5990000; t = 4.3031e+04; dt = 7.1866e-03; 43.0 %
             [Mach = 13.169245]
step:6000000; t = 4.3103e+04; dt = 7.1866e-03; 43.1 %
             [Mach = 13.131806]
step:6010000; t = 4.3175e+04; dt = 7.1866e-03; 43.2 %
             [Mach = 13.093988]
step:6020000; t = 4.3247e+04; dt = 7.1866e-03; 43.2 %
             [Mach = 13.055820]
> Writing file #173 (dbl) to disk...
  [ 0.00 sec ]
step:6030000; t = 4.3319e+04; dt = 7.1866e-03; 43.3 %
             [Mach = 13.017345]
step:6040000; t = 4.3391e+04; dt = 7.1866e-03; 43.4 %
             [Mach = 12.978619]
step:6050000; t = 4.3462e+04; dt = 7.1866e-03; 43.5 %
             [Mach = 12.939717]
> Writing file #174 (dbl) to disk...
  [ 0.00 sec ]
step:6060000; t = 4.3534e+04; dt = 7.1866e-03; 43.5 %
             [Mach = 12.900727]
step:6070000; t = 4.3606e+04; dt = 7.1866e-03; 43.6 %
             [Mach = 12.861750]
step:6080000; t = 4.3678e+04; dt = 7.1866e-03; 43.7 %
             [Mach = 12.822900]
step:6090000; t = 4.3750e+04; dt = 7.1866e-03; 43.7 %
             [Mach = 12.784304]
> Writing file #175 (dbl) to disk...
  [ 0.00 sec ]
step:6100000; t = 4.3822e+04; dt = 7.1866e-03; 43.8 %
             [Mach = 12.746093]
step:6110000; t = 4.3894e+04; dt = 7.1866e-03; 43.9 %
             [Mach = 12.708406]
step:6120000; t = 4.3965e+04; dt = 7.1866e-03; 44.0 %
             [Mach = 12.671386]
> Writing file #176 (dbl) to disk...
  [ 0.00 sec ]
step:6130000; t = 4.4037e+04; dt = 7.1866e-03; 44.0 %
             [Mach = 12.635171]
step:6140000; t = 4.4109e+04; dt = 7.1866e-03; 44.1 %
             [Mach = 12.599902]
step:6150000; t = 4.4181e+04; dt = 7.1866e-03; 44.2 %
             [Mach = 12.565708]
> Writing file #177 (dbl) to disk...
  [ 0.00 sec ]
step:6160000; t = 4.4253e+04; dt = 7.1866e-03; 44.3 %
             [Mach = 12.532512]
step:6170000; t = 4.4325e+04; dt = 7.1866e-03; 44.3 %
             [Mach = 12.500264]
step:6180000; t = 4.4397e+04; dt = 7.1866e-03; 44.4 %
             [Mach = 12.469434]
step:6190000; t = 4.4469e+04; dt = 7.1866e-03; 44.5 %
             [Mach = 12.440272]
> Writing file #178 (dbl) to disk...
  [ 0.00 sec ]
step:6200000; t = 4.4540e+04; dt = 7.1866e-03; 44.5 %
             [Mach = 12.412824]
step:6210000; t = 4.4612e+04; dt = 7.1866e-03; 44.6 %
             [Mach = 12.387104]
step:6220000; t = 4.4684e+04; dt = 7.1866e-03; 44.7 %
             [Mach = 12.363174]
> Writing file #179 (dbl) to disk...
  [ 0.00 sec ]
step:6230000; t = 4.4756e+04; dt = 7.1866e-03; 44.8 %
             [Mach = 12.341081]
step:6240000; t = 4.4828e+04; dt = 7.1866e-03; 44.8 %
             [Mach = 12.320841]
step:6250000; t = 4.4900e+04; dt = 7.1866e-03; 44.9 %
             [Mach = 12.302348]
step:6260000; t = 4.4972e+04; dt = 7.1866e-03; 45.0 %
             [Mach = 12.285490]
> Writing file #180 (dbl) to disk...
  [ 0.00 sec ]
step:6270000; t = 4.5043e+04; dt = 7.1866e-03; 45.0 %
             [Mach = 12.270112]
step:6280000; t = 4.5115e+04; dt = 7.1866e-03; 45.1 %
             [Mach = 12.256021]
step:6290000; t = 4.5187e+04; dt = 7.1866e-03; 45.2 %
             [Mach = 12.243037]
> Writing file #181 (dbl) to disk...
  [ 0.00 sec ]
step:6300000; t = 4.5259e+04; dt = 7.1866e-03; 45.3 %
             [Mach = 12.230861]
step:6310000; t = 4.5331e+04; dt = 7.1866e-03; 45.3 %
             [Mach = 12.219338]
step:6320000; t = 4.5403e+04; dt = 7.1866e-03; 45.4 %
             [Mach = 12.208224]
step:6330000; t = 4.5475e+04; dt = 7.1866e-03; 45.5 %
             [Mach = 12.197399]
> Writing file #182 (dbl) to disk...
  [ 0.00 sec ]
step:6340000; t = 4.5547e+04; dt = 7.1866e-03; 45.5 %
             [Mach = 12.186922]
step:6350000; t = 4.5618e+04; dt = 7.1866e-03; 45.6 %
             [Mach = 12.176695]
step:6360000; t = 4.5690e+04; dt = 7.1866e-03; 45.7 %
             [Mach = 12.166201]
> Writing file #183 (dbl) to disk...
  [ 0.00 sec ]
step:6370000; t = 4.5762e+04; dt = 7.1866e-03; 45.8 %
             [Mach = 12.156037]
step:6380000; t = 4.5834e+04; dt = 7.1866e-03; 45.8 %
             [Mach = 12.146671]
step:6390000; t = 4.5906e+04; dt = 7.1866e-03; 45.9 %
             [Mach = 12.137977]
step:6400000; t = 4.5978e+04; dt = 7.1866e-03; 46.0 %
             [Mach = 12.129808]
> Writing file #184 (dbl) to disk...
  [ 1.00 sec ]
step:6410000; t = 4.6050e+04; dt = 7.1866e-03; 46.0 %
             [Mach = 12.122010]
step:6420000; t = 4.6121e+04; dt = 7.1866e-03; 46.1 %
             [Mach = 12.114431]
step:6430000; t = 4.6193e+04; dt = 7.1866e-03; 46.2 %
             [Mach = 12.106936]
> Writing file #185 (dbl) to disk...
  [ 0.00 sec ]
step:6440000; t = 4.6265e+04; dt = 7.1866e-03; 46.3 %
             [Mach = 12.099404]
step:6450000; t = 4.6337e+04; dt = 7.1866e-03; 46.3 %
             [Mach = 12.091772]
step:6460000; t = 4.6409e+04; dt = 7.1866e-03; 46.4 %
             [Mach = 12.084030]
step:6470000; t = 4.6481e+04; dt = 7.1866e-03; 46.5 %
             [Mach = 12.076004]
> Writing file #186 (dbl) to disk...
  [ 0.00 sec ]
step:6480000; t = 4.6553e+04; dt = 7.1866e-03; 46.6 %
             [Mach = 12.067606]
step:6490000; t = 4.6625e+04; dt = 7.1866e-03; 46.6 %
             [Mach = 12.058813]
step:6500000; t = 4.6696e+04; dt = 7.1866e-03; 46.7 %
             [Mach = 12.049632]
> Writing file #187 (dbl) to disk...
  [ 0.00 sec ]
step:6510000; t = 4.6768e+04; dt = 7.1866e-03; 46.8 %
             [Mach = 12.040087]
step:6520000; t = 4.6840e+04; dt = 7.1866e-03; 46.8 %
             [Mach = 12.030203]
step:6530000; t = 4.6912e+04; dt = 7.1866e-03; 46.9 %
             [Mach = 12.020005]
step:6540000; t = 4.6984e+04; dt = 7.1866e-03; 47.0 %
             [Mach = 12.009516]
> Writing file #188 (dbl) to disk...
  [ 0.00 sec ]
step:6550000; t = 4.7056e+04; dt = 7.1866e-03; 47.1 %
             [Mach = 11.998761]
step:6560000; t = 4.7128e+04; dt = 7.1866e-03; 47.1 %
             [Mach = 11.987766]
step:6570000; t = 4.7199e+04; dt = 7.1866e-03; 47.2 %
             [Mach = 11.976555]
> Writing file #189 (dbl) to disk...
  [ 0.00 sec ]
step:6580000; t = 4.7271e+04; dt = 7.1866e-03; 47.3 %
             [Mach = 11.965154]
step:6590000; t = 4.7343e+04; dt = 7.1866e-03; 47.3 %
             [Mach = 11.953583]
step:6600000; t = 4.7415e+04; dt = 7.1866e-03; 47.4 %
             [Mach = 11.941863]
step:6610000; t = 4.7487e+04; dt = 7.1866e-03; 47.5 %
             [Mach = 11.930011]
> Writing file #190 (dbl) to disk...
  [ 0.00 sec ]
step:6620000; t = 4.7559e+04; dt = 7.1866e-03; 47.6 %
             [Mach = 11.918040]
step:6630000; t = 4.7631e+04; dt = 7.1866e-03; 47.6 %
             [Mach = 11.905964]
step:6640000; t = 4.7702e+04; dt = 7.1866e-03; 47.7 %
             [Mach = 11.893793]
> Writing file #191 (dbl) to disk...
  [ 0.00 sec ]
step:6650000; t = 4.7774e+04; dt = 7.1866e-03; 47.8 %
             [Mach = 11.881535]
step:6660000; t = 4.7846e+04; dt = 7.1866e-03; 47.8 %
             [Mach = 11.869197]
step:6670000; t = 4.7918e+04; dt = 7.1866e-03; 47.9 %
             [Mach = 11.856784]
step:6680000; t = 4.7990e+04; dt = 7.1866e-03; 48.0 %
             [Mach = 11.844300]
> Writing file #192 (dbl) to disk...
  [ 0.00 sec ]
step:6690000; t = 4.8062e+04; dt = 7.1866e-03; 48.1 %
             [Mach = 11.831750]
step:6700000; t = 4.8134e+04; dt = 7.1866e-03; 48.1 %
             [Mach = 11.819134]
step:6710000; t = 4.8206e+04; dt = 7.1866e-03; 48.2 %
             [Mach = 11.806457]
> Writing file #193 (dbl) to disk...
  [ 0.00 sec ]
step:6720000; t = 4.8277e+04; dt = 7.1866e-03; 48.3 %
             [Mach = 11.793719]
step:6730000; t = 4.8349e+04; dt = 7.1866e-03; 48.3 %
             [Mach = 11.780923]
step:6740000; t = 4.8421e+04; dt = 7.1866e-03; 48.4 %
             [Mach = 11.768070]
step:6750000; t = 4.8493e+04; dt = 7.1866e-03; 48.5 %
             [Mach = 11.755162]
> Writing file #194 (dbl) to disk...
  [ 0.00 sec ]
step:6760000; t = 4.8565e+04; dt = 7.1866e-03; 48.6 %
             [Mach = 11.742198]
step:6770000; t = 4.8637e+04; dt = 7.1866e-03; 48.6 %
             [Mach = 11.729182]
step:6780000; t = 4.8709e+04; dt = 7.1866e-03; 48.7 %
             [Mach = 11.716113]
> Writing file #195 (dbl) to disk...
  [ 1.00 sec ]
step:6790000; t = 4.8780e+04; dt = 7.1866e-03; 48.8 %
             [Mach = 11.702992]
step:6800000; t = 4.8852e+04; dt = 7.1866e-03; 48.9 %
             [Mach = 11.689822]
step:6810000; t = 4.8924e+04; dt = 7.1866e-03; 48.9 %
             [Mach = 11.676602]
step:6820000; t = 4.8996e+04; dt = 7.1866e-03; 49.0 %
             [Mach = 11.663333]
> Writing file #196 (dbl) to disk...
  [ 0.00 sec ]
step:6830000; t = 4.9068e+04; dt = 7.1866e-03; 49.1 %
             [Mach = 11.650017]
step:6840000; t = 4.9140e+04; dt = 7.1866e-03; 49.1 %
             [Mach = 11.636654]
step:6850000; t = 4.9212e+04; dt = 7.1866e-03; 49.2 %
             [Mach = 11.623246]
> Writing file #197 (dbl) to disk...
  [ 0.00 sec ]
step:6860000; t = 4.9284e+04; dt = 7.1866e-03; 49.3 %
             [Mach = 11.609793]
step:6870000; t = 4.9355e+04; dt = 7.1866e-03; 49.4 %
             [Mach = 11.596295]
step:6880000; t = 4.9427e+04; dt = 7.1866e-03; 49.4 %
             [Mach = 11.582756]
step:6890000; t = 4.9499e+04; dt = 7.1866e-03; 49.5 %
             [Mach = 11.569174]
> Writing file #198 (dbl) to disk...
  [ 0.00 sec ]
step:6900000; t = 4.9571e+04; dt = 7.1866e-03; 49.6 %
             [Mach = 11.555551]
step:6910000; t = 4.9643e+04; dt = 7.1866e-03; 49.6 %
             [Mach = 11.541888]
step:6920000; t = 4.9715e+04; dt = 7.1866e-03; 49.7 %
             [Mach = 11.528187]
> Writing file #199 (dbl) to disk...
  [ 0.00 sec ]
step:6930000; t = 4.9787e+04; dt = 7.1866e-03; 49.8 %
             [Mach = 11.514447]
step:6940000; t = 4.9858e+04; dt = 7.1866e-03; 49.9 %
             [Mach = 11.500671]
step:6950000; t = 4.9930e+04; dt = 7.1866e-03; 49.9 %
             [Mach = 11.486859]
> Writing file #200 (dbl) to disk...
  [ 0.00 sec ]
step:6960000; t = 5.0002e+04; dt = 7.1866e-03; 50.0 %
             [Mach = 11.473011]
step:6970000; t = 5.0074e+04; dt = 7.1866e-03; 50.1 %
             [Mach = 11.459130]
step:6980000; t = 5.0146e+04; dt = 7.1866e-03; 50.1 %
             [Mach = 11.445217]
step:6990000; t = 5.0218e+04; dt = 7.1866e-03; 50.2 %
             [Mach = 11.431271]
> Writing file #201 (dbl) to disk...
  [ 0.00 sec ]
step:7000000; t = 5.0290e+04; dt = 7.1866e-03; 50.3 %
             [Mach = 11.417295]
step:7010000; t = 5.0362e+04; dt = 7.1866e-03; 50.4 %
             [Mach = 11.403290]
step:7020000; t = 5.0433e+04; dt = 7.1866e-03; 50.4 %
             [Mach = 11.389256]
> Writing file #202 (dbl) to disk...
  [ 0.00 sec ]
step:7030000; t = 5.0505e+04; dt = 7.1866e-03; 50.5 %
             [Mach = 11.375194]
step:7040000; t = 5.0577e+04; dt = 7.1866e-03; 50.6 %
             [Mach = 11.361107]
step:7050000; t = 5.0649e+04; dt = 7.1866e-03; 50.6 %
             [Mach = 11.346994]
step:7060000; t = 5.0721e+04; dt = 7.1866e-03; 50.7 %
             [Mach = 11.332857]
> Writing file #203 (dbl) to disk...
  [ 0.00 sec ]
step:7070000; t = 5.0793e+04; dt = 7.1866e-03; 50.8 %
             [Mach = 11.318697]
step:7080000; t = 5.0865e+04; dt = 7.1866e-03; 50.9 %
             [Mach = 11.304515]
step:7090000; t = 5.0936e+04; dt = 7.1866e-03; 50.9 %
             [Mach = 11.290313]
> Writing file #204 (dbl) to disk...
  [ 0.00 sec ]
step:7100000; t = 5.1008e+04; dt = 7.1866e-03; 51.0 %
             [Mach = 11.276091]
step:7110000; t = 5.1080e+04; dt = 7.1866e-03; 51.1 %
             [Mach = 11.261850]
step:7120000; t = 5.1152e+04; dt = 7.1866e-03; 51.2 %
             [Mach = 11.247592]
step:7130000; t = 5.1224e+04; dt = 7.1866e-03; 51.2 %
             [Mach = 11.233318]
> Writing file #205 (dbl) to disk...
  [ 0.00 sec ]
step:7140000; t = 5.1296e+04; dt = 7.1866e-03; 51.3 %
             [Mach = 11.219029]
step:7150000; t = 5.1368e+04; dt = 7.1866e-03; 51.4 %
             [Mach = 11.204725]
step:7160000; t = 5.1440e+04; dt = 7.1866e-03; 51.4 %
             [Mach = 11.190409]
> Writing file #206 (dbl) to disk...
  [ 1.00 sec ]
step:7170000; t = 5.1511e+04; dt = 7.1866e-03; 51.5 %
             [Mach = 11.176081]
step:7180000; t = 5.1583e+04; dt = 7.1866e-03; 51.6 %
             [Mach = 11.161742]
step:7190000; t = 5.1655e+04; dt = 7.1866e-03; 51.7 %
             [Mach = 11.147394]
step:7200000; t = 5.1727e+04; dt = 7.1866e-03; 51.7 %
             [Mach = 11.133037]
> Writing file #207 (dbl) to disk...
  [ 0.00 sec ]
step:7210000; t = 5.1799e+04; dt = 7.1866e-03; 51.8 %
             [Mach = 11.118674]
step:7220000; t = 5.1871e+04; dt = 7.1866e-03; 51.9 %
             [Mach = 11.104304]
step:7230000; t = 5.1943e+04; dt = 7.1866e-03; 51.9 %
             [Mach = 11.089929]
> Writing file #208 (dbl) to disk...
  [ 0.00 sec ]
step:7240000; t = 5.2014e+04; dt = 7.1866e-03; 52.0 %
             [Mach = 11.075550]
step:7250000; t = 5.2086e+04; dt = 7.1866e-03; 52.1 %
             [Mach = 11.061168]
step:7260000; t = 5.2158e+04; dt = 7.1866e-03; 52.2 %
             [Mach = 11.046785]
step:7270000; t = 5.2230e+04; dt = 7.1866e-03; 52.2 %
             [Mach = 11.032402]
> Writing file #209 (dbl) to disk...
  [ 0.00 sec ]
step:7280000; t = 5.2302e+04; dt = 7.1866e-03; 52.3 %
             [Mach = 11.018019]
step:7290000; t = 5.2374e+04; dt = 7.1866e-03; 52.4 %
             [Mach = 11.003638]
step:7300000; t = 5.2446e+04; dt = 7.1866e-03; 52.4 %
             [Mach = 10.989260]
> Writing file #210 (dbl) to disk...
  [ 0.00 sec ]
step:7310000; t = 5.2517e+04; dt = 7.1866e-03; 52.5 %
             [Mach = 10.974886]
step:7320000; t = 5.2589e+04; dt = 7.1866e-03; 52.6 %
             [Mach = 10.960517]
step:7330000; t = 5.2661e+04; dt = 7.1866e-03; 52.7 %
             [Mach = 10.946155]
step:7340000; t = 5.2733e+04; dt = 7.1866e-03; 52.7 %
             [Mach = 10.931800]
> Writing file #211 (dbl) to disk...
  [ 0.00 sec ]
step:7350000; t = 5.2805e+04; dt = 7.1866e-03; 52.8 %
             [Mach = 10.917454]
step:7360000; t = 5.2877e+04; dt = 7.1866e-03; 52.9 %
             [Mach = 10.903118]
step:7370000; t = 5.2949e+04; dt = 7.1866e-03; 52.9 %
             [Mach = 10.888792]
> Writing file #212 (dbl) to disk...
  [ 0.00 sec ]
step:7380000; t = 5.3021e+04; dt = 7.1866e-03; 53.0 %
             [Mach = 10.874479]
step:7390000; t = 5.3092e+04; dt = 7.1866e-03; 53.1 %
             [Mach = 10.860178]
step:7400000; t = 5.3164e+04; dt = 7.1866e-03; 53.2 %
             [Mach = 10.845892]
step:7410000; t = 5.3236e+04; dt = 7.1866e-03; 53.2 %
             [Mach = 10.831621]
> Writing file #213 (dbl) to disk...
  [ 0.00 sec ]
step:7420000; t = 5.3308e+04; dt = 7.1866e-03; 53.3 %
             [Mach = 10.817367]
step:7430000; t = 5.3380e+04; dt = 7.1866e-03; 53.4 %
             [Mach = 10.803130]
step:7440000; t = 5.3452e+04; dt = 7.1866e-03; 53.5 %
             [Mach = 10.788912]
> Writing file #214 (dbl) to disk...
  [ 0.00 sec ]
step:7450000; t = 5.3524e+04; dt = 7.1866e-03; 53.5 %
             [Mach = 10.774714]
step:7460000; t = 5.3595e+04; dt = 7.1866e-03; 53.6 %
             [Mach = 10.760536]
step:7470000; t = 5.3667e+04; dt = 7.1866e-03; 53.7 %
             [Mach = 10.746380]
step:7480000; t = 5.3739e+04; dt = 7.1866e-03; 53.7 %
             [Mach = 10.732248]
> Writing file #215 (dbl) to disk...
  [ 0.00 sec ]
step:7490000; t = 5.3811e+04; dt = 7.1866e-03; 53.8 %
             [Mach = 10.718139]
step:7500000; t = 5.3883e+04; dt = 7.1866e-03; 53.9 %
             [Mach = 10.704056]
step:7510000; t = 5.3955e+04; dt = 7.1866e-03; 54.0 %
             [Mach = 10.689998]
> Writing file #216 (dbl) to disk...
  [ 0.00 sec ]
step:7520000; t = 5.4027e+04; dt = 7.1866e-03; 54.0 %
             [Mach = 10.675968]
step:7530000; t = 5.4099e+04; dt = 7.1866e-03; 54.1 %
             [Mach = 10.661967]
step:7540000; t = 5.4170e+04; dt = 7.1866e-03; 54.2 %
             [Mach = 10.647994]
step:7550000; t = 5.4242e+04; dt = 7.1866e-03; 54.2 %
             [Mach = 10.634052]
> Writing file #217 (dbl) to disk...
  [ 0.00 sec ]
step:7560000; t = 5.4314e+04; dt = 7.1866e-03; 54.3 %
             [Mach = 10.620142]
step:7570000; t = 5.4386e+04; dt = 7.1866e-03; 54.4 %
             [Mach = 10.606264]
step:7580000; t = 5.4458e+04; dt = 7.1866e-03; 54.5 %
             [Mach = 10.592420]
> Writing file #218 (dbl) to disk...
  [ 1.00 sec ]
step:7590000; t = 5.4530e+04; dt = 7.1866e-03; 54.5 %
             [Mach = 10.578610]
step:7600000; t = 5.4602e+04; dt = 7.1866e-03; 54.6 %
             [Mach = 10.564835]
step:7610000; t = 5.4673e+04; dt = 7.1866e-03; 54.7 %
             [Mach = 10.551098]
step:7620000; t = 5.4745e+04; dt = 7.1866e-03; 54.7 %
             [Mach = 10.537398]
> Writing file #219 (dbl) to disk...
  [ 0.00 sec ]
step:7630000; t = 5.4817e+04; dt = 7.1866e-03; 54.8 %
             [Mach = 10.523736]
step:7640000; t = 5.4889e+04; dt = 7.1866e-03; 54.9 %
             [Mach = 10.510115]
step:7650000; t = 5.4961e+04; dt = 7.1866e-03; 55.0 %
             [Mach = 10.496533]
> Writing file #220 (dbl) to disk...
  [ 0.00 sec ]
step:7660000; t = 5.5033e+04; dt = 7.1866e-03; 55.0 %
             [Mach = 10.482994]
step:7670000; t = 5.5105e+04; dt = 7.1866e-03; 55.1 %
             [Mach = 10.469497]
step:7680000; t = 5.5177e+04; dt = 7.1866e-03; 55.2 %
             [Mach = 10.456044]
step:7690000; t = 5.5248e+04; dt = 7.1866e-03; 55.2 %
             [Mach = 10.442636]
> Writing file #221 (dbl) to disk...
  [ 0.00 sec ]
step:7700000; t = 5.5320e+04; dt = 7.1866e-03; 55.3 %
             [Mach = 10.429273]
step:7710000; t = 5.5392e+04; dt = 7.1866e-03; 55.4 %
             [Mach = 10.415957]
step:7720000; t = 5.5464e+04; dt = 7.1866e-03; 55.5 %
             [Mach = 10.402689]
> Writing file #222 (dbl) to disk...
  [ 0.00 sec ]
step:7730000; t = 5.5536e+04; dt = 7.1866e-03; 55.5 %
             [Mach = 10.389470]
step:7740000; t = 5.5608e+04; dt = 7.1866e-03; 55.6 %
             [Mach = 10.376300]
step:7750000; t = 5.5680e+04; dt = 7.1866e-03; 55.7 %
             [Mach = 10.363180]
> Writing file #223 (dbl) to disk...
  [ 0.00 sec ]
step:7760000; t = 5.5751e+04; dt = 7.1866e-03; 55.8 %
             [Mach = 10.350113]
step:7770000; t = 5.5823e+04; dt = 7.1866e-03; 55.8 %
             [Mach = 10.337098]
step:7780000; t = 5.5895e+04; dt = 7.1866e-03; 55.9 %
             [Mach = 10.324137]
step:7790000; t = 5.5967e+04; dt = 7.1866e-03; 56.0 %
             [Mach = 10.311231]
> Writing file #224 (dbl) to disk...
  [ 0.00 sec ]
step:7800000; t = 5.6039e+04; dt = 7.1866e-03; 56.0 %
             [Mach = 10.298380]
step:7810000; t = 5.6111e+04; dt = 7.1866e-03; 56.1 %
             [Mach = 10.285586]
step:7820000; t = 5.6183e+04; dt = 7.1866e-03; 56.2 %
             [Mach = 10.272850]
> Writing file #225 (dbl) to disk...
  [ 0.00 sec ]
step:7830000; t = 5.6255e+04; dt = 7.1866e-03; 56.3 %
             [Mach = 10.260173]
step:7840000; t = 5.6326e+04; dt = 7.1866e-03; 56.3 %
             [Mach = 10.247555]
step:7850000; t = 5.6398e+04; dt = 7.1866e-03; 56.4 %
             [Mach = 10.234998]
step:7860000; t = 5.6470e+04; dt = 7.1866e-03; 56.5 %
             [Mach = 10.222503]
> Writing file #226 (dbl) to disk...
  [ 0.00 sec ]
step:7870000; t = 5.6542e+04; dt = 7.1866e-03; 56.5 %
             [Mach = 10.210071]
step:7880000; t = 5.6614e+04; dt = 7.1866e-03; 56.6 %
             [Mach = 10.197702]
step:7890000; t = 5.6686e+04; dt = 7.1866e-03; 56.7 %
             [Mach = 10.185399]
> Writing file #227 (dbl) to disk...
  [ 0.00 sec ]
step:7900000; t = 5.6758e+04; dt = 7.1866e-03; 56.8 %
             [Mach = 10.173161]
step:7910000; t = 5.6829e+04; dt = 7.1866e-03; 56.8 %
             [Mach = 10.160991]
step:7920000; t = 5.6901e+04; dt = 7.1866e-03; 56.9 %
             [Mach = 10.148888]
step:7930000; t = 5.6973e+04; dt = 7.1866e-03; 57.0 %
             [Mach = 10.136855]
> Writing file #228 (dbl) to disk...
  [ 0.00 sec ]
step:7940000; t = 5.7045e+04; dt = 7.1866e-03; 57.0 %
             [Mach = 10.124892]
step:7950000; t = 5.7117e+04; dt = 7.1866e-03; 57.1 %
             [Mach = 10.113000]
step:7960000; t = 5.7189e+04; dt = 7.1866e-03; 57.2 %
             [Mach = 10.101181]
> Writing file #229 (dbl) to disk...
  [ 0.00 sec ]
step:7970000; t = 5.7261e+04; dt = 7.1866e-03; 57.3 %
             [Mach = 10.089435]
step:7980000; t = 5.7332e+04; dt = 7.1866e-03; 57.3 %
             [Mach = 10.077764]
step:7990000; t = 5.7404e+04; dt = 7.1866e-03; 57.4 %
             [Mach = 10.066169]
step:8000000; t = 5.7476e+04; dt = 7.1866e-03; 57.5 %
             [Mach = 10.054651]
> Writing file #230 (dbl) to disk...
  [ 0.00 sec ]
step:8010000; t = 5.7548e+04; dt = 7.1866e-03; 57.5 %
             [Mach = 10.043211]
step:8020000; t = 5.7620e+04; dt = 7.1866e-03; 57.6 %
             [Mach = 10.031850]
step:8030000; t = 5.7692e+04; dt = 7.1866e-03; 57.7 %
             [Mach = 10.020570]
> Writing file #231 (dbl) to disk...
  [ 0.00 sec ]
step:8040000; t = 5.7764e+04; dt = 7.1866e-03; 57.8 %
             [Mach = 10.009373]
step:8050000; t = 5.7836e+04; dt = 7.1866e-03; 57.8 %
             [Mach = 9.998258]
step:8060000; t = 5.7907e+04; dt = 7.1866e-03; 57.9 %
             [Mach = 9.987229]
step:8070000; t = 5.7979e+04; dt = 7.1866e-03; 58.0 %
             [Mach = 9.976285]
> Writing file #232 (dbl) to disk...
  [ 0.00 sec ]
step:8080000; t = 5.8051e+04; dt = 7.1866e-03; 58.1 %
             [Mach = 9.965429]
step:8090000; t = 5.8123e+04; dt = 7.1866e-03; 58.1 %
             [Mach = 9.954662]
step:8100000; t = 5.8195e+04; dt = 7.1866e-03; 58.2 %
             [Mach = 9.943986]
> Writing file #233 (dbl) to disk...
  [ 0.00 sec ]
step:8110000; t = 5.8267e+04; dt = 7.1866e-03; 58.3 %
             [Mach = 9.933402]
step:8120000; t = 5.8339e+04; dt = 7.1866e-03; 58.3 %
             [Mach = 9.922911]
step:8130000; t = 5.8410e+04; dt = 7.1866e-03; 58.4 %
             [Mach = 9.912516]
step:8140000; t = 5.8482e+04; dt = 7.1866e-03; 58.5 %
             [Mach = 9.902218]
> Writing file #234 (dbl) to disk...
  [ 0.00 sec ]
step:8150000; t = 5.8554e+04; dt = 7.1866e-03; 58.6 %
             [Mach = 9.892019]
step:8160000; t = 5.8626e+04; dt = 7.1866e-03; 58.6 %
             [Mach = 9.881920]
step:8170000; t = 5.8698e+04; dt = 7.1866e-03; 58.7 %
             [Mach = 9.871923]
> Writing file #235 (dbl) to disk...
  [ 0.00 sec ]
step:8180000; t = 5.8770e+04; dt = 7.1866e-03; 58.8 %
             [Mach = 9.862031]
step:8190000; t = 5.8842e+04; dt = 7.1866e-03; 58.8 %
             [Mach = 9.852245]
step:8200000; t = 5.8914e+04; dt = 7.1866e-03; 58.9 %
             [Mach = 9.842567]
step:8210000; t = 5.8985e+04; dt = 7.1866e-03; 59.0 %
             [Mach = 9.832998]
> Writing file #236 (dbl) to disk...
  [ 0.00 sec ]
step:8220000; t = 5.9057e+04; dt = 7.1866e-03; 59.1 %
             [Mach = 9.823542]
step:8230000; t = 5.9129e+04; dt = 7.1866e-03; 59.1 %
             [Mach = 9.814200]
step:8240000; t = 5.9201e+04; dt = 7.1866e-03; 59.2 %
             [Mach = 9.804973]
> Writing file #237 (dbl) to disk...
  [ 0.00 sec ]
step:8250000; t = 5.9273e+04; dt = 7.1866e-03; 59.3 %
             [Mach = 9.795865]
step:8260000; t = 5.9345e+04; dt = 7.1866e-03; 59.3 %
             [Mach = 9.786877]
step:8270000; t = 5.9417e+04; dt = 7.1866e-03; 59.4 %
             [Mach = 9.778010]
step:8280000; t = 5.9488e+04; dt = 7.1866e-03; 59.5 %
             [Mach = 9.769268]
> Writing file #238 (dbl) to disk...
  [ 0.00 sec ]
step:8290000; t = 5.9560e+04; dt = 7.1866e-03; 59.6 %
             [Mach = 9.760652]
step:8300000; t = 5.9632e+04; dt = 7.1866e-03; 59.6 %
             [Mach = 9.752164]
step:8310000; t = 5.9704e+04; dt = 7.1866e-03; 59.7 %
             [Mach = 9.743807]
> Writing file #239 (dbl) to disk...
  [ 0.00 sec ]
step:8320000; t = 5.9776e+04; dt = 7.1866e-03; 59.8 %
             [Mach = 9.735583]
step:8330000; t = 5.9848e+04; dt = 7.1866e-03; 59.8 %
             [Mach = 9.727493]
step:8340000; t = 5.9920e+04; dt = 7.1866e-03; 59.9 %
             [Mach = 9.719541]
step:8350000; t = 5.9992e+04; dt = 7.1866e-03; 60.0 %
             [Mach = 9.711728]
> Writing file #240 (dbl) to disk...
  [ 0.00 sec ]
step:8360000; t = 6.0063e+04; dt = 7.1866e-03; 60.1 %
             [Mach = 9.704057]
step:8370000; t = 6.0135e+04; dt = 7.1866e-03; 60.1 %
             [Mach = 9.696530]
step:8380000; t = 6.0207e+04; dt = 7.1866e-03; 60.2 %
             [Mach = 9.689149]
> Writing file #241 (dbl) to disk...
  [ 0.00 sec ]
step:8390000; t = 6.0279e+04; dt = 7.1866e-03; 60.3 %
             [Mach = 9.681917]
step:8400000; t = 6.0351e+04; dt = 7.1866e-03; 60.4 %
             [Mach = 9.674834]
step:8410000; t = 6.0423e+04; dt = 7.1866e-03; 60.4 %
             [Mach = 9.667905]
step:8420000; t = 6.0495e+04; dt = 7.1866e-03; 60.5 %
             [Mach = 9.661129]
> Writing file #242 (dbl) to disk...
  [ 0.00 sec ]
step:8430000; t = 6.0566e+04; dt = 7.1866e-03; 60.6 %
             [Mach = 9.654510]
step:8440000; t = 6.0638e+04; dt = 7.1866e-03; 60.6 %
             [Mach = 9.648049]
step:8450000; t = 6.0710e+04; dt = 7.1866e-03; 60.7 %
             [Mach = 9.641747]
> Writing file #243 (dbl) to disk...
  [ 0.00 sec ]
step:8460000; t = 6.0782e+04; dt = 7.1866e-03; 60.8 %
             [Mach = 9.635605]
step:8470000; t = 6.0854e+04; dt = 7.1866e-03; 60.9 %
             [Mach = 9.629626]
step:8480000; t = 6.0926e+04; dt = 7.1866e-03; 60.9 %
             [Mach = 9.623809]
step:8490000; t = 6.0998e+04; dt = 7.1866e-03; 61.0 %
             [Mach = 9.618157]
> Writing file #244 (dbl) to disk...
  [ 0.00 sec ]
step:8500000; t = 6.1069e+04; dt = 7.1866e-03; 61.1 %
             [Mach = 9.612668]
step:8510000; t = 6.1141e+04; dt = 7.1866e-03; 61.1 %
             [Mach = 9.607345]
step:8520000; t = 6.1213e+04; dt = 7.1866e-03; 61.2 %
             [Mach = 9.602186]
> Writing file #245 (dbl) to disk...
  [ 0.00 sec ]
step:8530000; t = 6.1285e+04; dt = 7.1866e-03; 61.3 %
             [Mach = 9.597192]
step:8540000; t = 6.1357e+04; dt = 7.1866e-03; 61.4 %
             [Mach = 9.592362]
step:8550000; t = 6.1429e+04; dt = 7.1866e-03; 61.4 %
             [Mach = 9.587697]
> Writing file #246 (dbl) to disk...
  [ 0.00 sec ]
step:8560000; t = 6.1501e+04; dt = 7.1866e-03; 61.5 %
             [Mach = 9.583194]
step:8570000; t = 6.1573e+04; dt = 7.1866e-03; 61.6 %
             [Mach = 9.578854]
step:8580000; t = 6.1644e+04; dt = 7.1866e-03; 61.6 %
             [Mach = 9.574674]
step:8590000; t = 6.1716e+04; dt = 7.1866e-03; 61.7 %
             [Mach = 9.570654]
> Writing file #247 (dbl) to disk...
  [ 0.00 sec ]
step:8600000; t = 6.1788e+04; dt = 7.1866e-03; 61.8 %
             [Mach = 9.566791]
step:8610000; t = 6.1860e+04; dt = 7.1866e-03; 61.9 %
             [Mach = 9.563083]
step:8620000; t = 6.1932e+04; dt = 7.1866e-03; 61.9 %
             [Mach = 9.559529]
> Writing file #248 (dbl) to disk...
  [ 0.00 sec ]
step:8630000; t = 6.2004e+04; dt = 7.1866e-03; 62.0 %
             [Mach = 9.556125]
step:8640000; t = 6.2076e+04; dt = 7.1866e-03; 62.1 %
             [Mach = 9.552870]
step:8650000; t = 6.2147e+04; dt = 7.1866e-03; 62.1 %
             [Mach = 9.549760]
step:8660000; t = 6.2219e+04; dt = 7.1866e-03; 62.2 %
             [Mach = 9.546791]
> Writing file #249 (dbl) to disk...
  [ 0.00 sec ]
step:8670000; t = 6.2291e+04; dt = 7.1866e-03; 62.3 %
             [Mach = 9.543962]
step:8680000; t = 6.2363e+04; dt = 7.1866e-03; 62.4 %
             [Mach = 9.541268]
step:8690000; t = 6.2435e+04; dt = 7.1866e-03; 62.4 %
             [Mach = 9.538706]
> Writing file #250 (dbl) to disk...
  [ 0.00 sec ]
step:8700000; t = 6.2507e+04; dt = 7.1866e-03; 62.5 %
             [Mach = 9.536273]
step:8710000; t = 6.2579e+04; dt = 7.1866e-03; 62.6 %
             [Mach = 9.533964]
step:8720000; t = 6.2651e+04; dt = 7.1866e-03; 62.7 %
             [Mach = 9.531775]
step:8730000; t = 6.2722e+04; dt = 7.1866e-03; 62.7 %
             [Mach = 9.529704]
> Writing file #251 (dbl) to disk...
  [ 0.00 sec ]
step:8740000; t = 6.2794e+04; dt = 7.1866e-03; 62.8 %
             [Mach = 9.527745]
step:8750000; t = 6.2866e+04; dt = 7.1866e-03; 62.9 %
             [Mach = 9.525894]
step:8760000; t = 6.2938e+04; dt = 7.1866e-03; 62.9 %
             [Mach = 9.524148]
> Writing file #252 (dbl) to disk...
  [ 0.00 sec ]
step:8770000; t = 6.3010e+04; dt = 7.1866e-03; 63.0 %
             [Mach = 9.522503]
step:8780000; t = 6.3082e+04; dt = 7.1866e-03; 63.1 %
             [Mach = 9.520954]
step:8790000; t = 6.3154e+04; dt = 7.1866e-03; 63.2 %
             [Mach = 9.519497]
step:8800000; t = 6.3225e+04; dt = 7.1866e-03; 63.2 %
             [Mach = 9.518128]
> Writing file #253 (dbl) to disk...
  [ 0.00 sec ]
step:8810000; t = 6.3297e+04; dt = 7.1866e-03; 63.3 %
             [Mach = 9.516843]
step:8820000; t = 6.3369e+04; dt = 7.1866e-03; 63.4 %
             [Mach = 9.515639]
step:8830000; t = 6.3441e+04; dt = 7.1866e-03; 63.4 %
             [Mach = 9.514511]
> Writing file #254 (dbl) to disk...
  [ 1.00 sec ]
step:8840000; t = 6.3513e+04; dt = 7.1866e-03; 63.5 %
             [Mach = 9.513456]
step:8850000; t = 6.3585e+04; dt = 7.1866e-03; 63.6 %
             [Mach = 9.512469]
step:8860000; t = 6.3657e+04; dt = 7.1866e-03; 63.7 %
             [Mach = 9.511547]
step:8870000; t = 6.3729e+04; dt = 7.1866e-03; 63.7 %
             [Mach = 9.510688]
> Writing file #255 (dbl) to disk...
  [ 0.00 sec ]
step:8880000; t = 6.3800e+04; dt = 7.1866e-03; 63.8 %
             [Mach = 9.509886]
step:8890000; t = 6.3872e+04; dt = 7.1866e-03; 63.9 %
             [Mach = 9.509139]
step:8900000; t = 6.3944e+04; dt = 7.1866e-03; 63.9 %
             [Mach = 9.508444]
> Writing file #256 (dbl) to disk...
  [ 0.00 sec ]
step:8910000; t = 6.4016e+04; dt = 7.1866e-03; 64.0 %
             [Mach = 9.507797]
step:8920000; t = 6.4088e+04; dt = 7.1866e-03; 64.1 %
             [Mach = 9.507197]
step:8930000; t = 6.4160e+04; dt = 7.1866e-03; 64.2 %
             [Mach = 9.506639]
step:8940000; t = 6.4232e+04; dt = 7.1866e-03; 64.2 %
             [Mach = 9.506121]
> Writing file #257 (dbl) to disk...
  [ 0.00 sec ]
step:8950000; t = 6.4303e+04; dt = 7.1866e-03; 64.3 %
             [Mach = 9.505641]
step:8960000; t = 6.4375e+04; dt = 7.1866e-03; 64.4 %
             [Mach = 9.505197]
step:8970000; t = 6.4447e+04; dt = 7.1866e-03; 64.4 %
             [Mach = 9.504786]
> Writing file #258 (dbl) to disk...
  [ 0.00 sec ]
step:8980000; t = 6.4519e+04; dt = 7.1866e-03; 64.5 %
             [Mach = 9.504405]
step:8990000; t = 6.4591e+04; dt = 7.1866e-03; 64.6 %
             [Mach = 9.504053]
step:9000000; t = 6.4663e+04; dt = 7.1866e-03; 64.7 %
             [Mach = 9.503729]
step:9010000; t = 6.4735e+04; dt = 7.1866e-03; 64.7 %
             [Mach = 9.503429]
> Writing file #259 (dbl) to disk...
  [ 0.00 sec ]
step:9020000; t = 6.4807e+04; dt = 7.1866e-03; 64.8 %
             [Mach = 9.503153]
step:9030000; t = 6.4878e+04; dt = 7.1866e-03; 64.9 %
             [Mach = 9.502898]
step:9040000; t = 6.4950e+04; dt = 7.1866e-03; 65.0 %
             [Mach = 9.502663]
> Writing file #260 (dbl) to disk...
  [ 0.00 sec ]
step:9050000; t = 6.5022e+04; dt = 7.1866e-03; 65.0 %
             [Mach = 9.502447]
step:9060000; t = 6.5094e+04; dt = 7.1866e-03; 65.1 %
             [Mach = 9.502248]
step:9070000; t = 6.5166e+04; dt = 7.1866e-03; 65.2 %
             [Mach = 9.502066]
step:9080000; t = 6.5238e+04; dt = 7.1866e-03; 65.2 %
             [Mach = 9.501898]
> Writing file #261 (dbl) to disk...
  [ 0.00 sec ]
step:9090000; t = 6.5310e+04; dt = 7.1866e-03; 65.3 %
             [Mach = 9.501743]
step:9100000; t = 6.5381e+04; dt = 7.1866e-03; 65.4 %
             [Mach = 9.501602]
step:9110000; t = 6.5453e+04; dt = 7.1866e-03; 65.5 %
             [Mach = 9.501472]
> Writing file #262 (dbl) to disk...
  [ 0.00 sec ]
step:9120000; t = 6.5525e+04; dt = 7.1866e-03; 65.5 %
             [Mach = 9.501353]
step:9130000; t = 6.5597e+04; dt = 7.1866e-03; 65.6 %
             [Mach = 9.501243]
step:9140000; t = 6.5669e+04; dt = 7.1866e-03; 65.7 %
             [Mach = 9.501143]
step:9150000; t = 6.5741e+04; dt = 7.1866e-03; 65.7 %
             [Mach = 9.501051]
> Writing file #263 (dbl) to disk...
  [ 0.00 sec ]
step:9160000; t = 6.5813e+04; dt = 7.1866e-03; 65.8 %
             [Mach = 9.500967]
step:9170000; t = 6.5884e+04; dt = 7.1866e-03; 65.9 %
             [Mach = 9.500890]
step:9180000; t = 6.5956e+04; dt = 7.1866e-03; 66.0 %
             [Mach = 9.500819]
> Writing file #264 (dbl) to disk...
  [ 0.00 sec ]
step:9190000; t = 6.6028e+04; dt = 7.1866e-03; 66.0 %
             [Mach = 9.500755]
step:9200000; t = 6.6100e+04; dt = 7.1866e-03; 66.1 %
             [Mach = 9.500695]
step:9210000; t = 6.6172e+04; dt = 7.1866e-03; 66.2 %
             [Mach = 9.500641]
step:9220000; t = 6.6244e+04; dt = 7.1866e-03; 66.2 %
             [Mach = 9.500592]
> Writing file #265 (dbl) to disk...
  [ 0.00 sec ]
step:9230000; t = 6.6316e+04; dt = 7.1866e-03; 66.3 %
             [Mach = 9.500546]
step:9240000; t = 6.6388e+04; dt = 7.1866e-03; 66.4 %
             [Mach = 9.500505]
step:9250000; t = 6.6459e+04; dt = 7.1866e-03; 66.5 %
             [Mach = 9.500467]
> Writing file #266 (dbl) to disk...
  [ 0.00 sec ]
step:9260000; t = 6.6531e+04; dt = 7.1866e-03; 66.5 %
             [Mach = 9.500432]
step:9270000; t = 6.6603e+04; dt = 7.1866e-03; 66.6 %
             [Mach = 9.500400]
step:9280000; t = 6.6675e+04; dt = 7.1866e-03; 66.7 %
             [Mach = 9.500371]
step:9290000; t = 6.6747e+04; dt = 7.1866e-03; 66.7 %
             [Mach = 9.500345]
> Writing file #267 (dbl) to disk...
  [ 0.00 sec ]
step:9300000; t = 6.6819e+04; dt = 7.1866e-03; 66.8 %
             [Mach = 9.500320]
step:9310000; t = 6.6891e+04; dt = 7.1866e-03; 66.9 %
             [Mach = 9.500298]
step:9320000; t = 6.6962e+04; dt = 7.1866e-03; 67.0 %
             [Mach = 9.500278]
> Writing file #268 (dbl) to disk...
  [ 0.00 sec ]
step:9330000; t = 6.7034e+04; dt = 7.1866e-03; 67.0 %
             [Mach = 9.500259]
step:9340000; t = 6.7106e+04; dt = 7.1866e-03; 67.1 %
             [Mach = 9.500242]
step:9350000; t = 6.7178e+04; dt = 7.1866e-03; 67.2 %
             [Mach = 9.500226]
step:9360000; t = 6.7250e+04; dt = 7.1866e-03; 67.2 %
             [Mach = 9.500212]
> Writing file #269 (dbl) to disk...
  [ 0.00 sec ]
step:9370000; t = 6.7322e+04; dt = 7.1866e-03; 67.3 %
             [Mach = 9.500199]
step:9380000; t = 6.7394e+04; dt = 7.1866e-03; 67.4 %
             [Mach = 9.500187]
step:9390000; t = 6.7466e+04; dt = 7.1866e-03; 67.5 %
             [Mach = 9.500176]
> Writing file #270 (dbl) to disk...
  [ 0.00 sec ]
step:9400000; t = 6.7537e+04; dt = 7.1866e-03; 67.5 %
             [Mach = 9.500166]
step:9410000; t = 6.7609e+04; dt = 7.1866e-03; 67.6 %
             [Mach = 9.500157]
step:9420000; t = 6.7681e+04; dt = 7.1866e-03; 67.7 %
             [Mach = 9.500148]
> Writing file #271 (dbl) to disk...
  [ 0.00 sec ]
step:9430000; t = 6.7753e+04; dt = 7.1866e-03; 67.8 %
             [Mach = 9.500140]
step:9440000; t = 6.7825e+04; dt = 7.1866e-03; 67.8 %
             [Mach = 9.500133]
step:9450000; t = 6.7897e+04; dt = 7.1866e-03; 67.9 %
             [Mach = 9.500127]
step:9460000; t = 6.7969e+04; dt = 7.1866e-03; 68.0 %
             [Mach = 9.500121]
> Writing file #272 (dbl) to disk...
  [ 0.00 sec ]
step:9470000; t = 6.8040e+04; dt = 7.1866e-03; 68.0 %
             [Mach = 9.500116]
step:9480000; t = 6.8112e+04; dt = 7.1866e-03; 68.1 %
             [Mach = 9.500111]
step:9490000; t = 6.8184e+04; dt = 7.1866e-03; 68.2 %
             [Mach = 9.500106]
> Writing file #273 (dbl) to disk...
  [ 0.00 sec ]
step:9500000; t = 6.8256e+04; dt = 7.1866e-03; 68.3 %
             [Mach = 9.500102]
step:9510000; t = 6.8328e+04; dt = 7.1866e-03; 68.3 %
             [Mach = 9.500098]
step:9520000; t = 6.8400e+04; dt = 7.1866e-03; 68.4 %
             [Mach = 9.500095]
step:9530000; t = 6.8472e+04; dt = 7.1866e-03; 68.5 %
             [Mach = 9.500092]
> Writing file #274 (dbl) to disk...
  [ 0.00 sec ]
step:9540000; t = 6.8544e+04; dt = 7.1866e-03; 68.5 %
             [Mach = 9.500089]
step:9550000; t = 6.8615e+04; dt = 7.1866e-03; 68.6 %
             [Mach = 9.500086]
step:9560000; t = 6.8687e+04; dt = 7.1866e-03; 68.7 %
             [Mach = 9.500084]
> Writing file #275 (dbl) to disk...
  [ 0.00 sec ]
step:9570000; t = 6.8759e+04; dt = 7.1866e-03; 68.8 %
             [Mach = 9.500081]
step:9580000; t = 6.8831e+04; dt = 7.1866e-03; 68.8 %
             [Mach = 9.500079]
step:9590000; t = 6.8903e+04; dt = 7.1866e-03; 68.9 %
             [Mach = 9.500078]
step:9600000; t = 6.8975e+04; dt = 7.1866e-03; 69.0 %
             [Mach = 9.500076]
> Writing file #276 (dbl) to disk...
  [ 0.00 sec ]
step:9610000; t = 6.9047e+04; dt = 7.1866e-03; 69.0 %
             [Mach = 9.500074]
step:9620000; t = 6.9118e+04; dt = 7.1866e-03; 69.1 %
             [Mach = 9.500073]
step:9630000; t = 6.9190e+04; dt = 7.1866e-03; 69.2 %
             [Mach = 9.500072]
> Writing file #277 (dbl) to disk...
  [ 0.00 sec ]
step:9640000; t = 6.9262e+04; dt = 7.1866e-03; 69.3 %
             [Mach = 9.500070]
step:9650000; t = 6.9334e+04; dt = 7.1866e-03; 69.3 %
             [Mach = 9.500069]
step:9660000; t = 6.9406e+04; dt = 7.1866e-03; 69.4 %
             [Mach = 9.500068]
step:9670000; t = 6.9478e+04; dt = 7.1866e-03; 69.5 %
             [Mach = 9.500067]
> Writing file #278 (dbl) to disk...
  [ 0.00 sec ]
step:9680000; t = 6.9550e+04; dt = 7.1866e-03; 69.5 %
             [Mach = 9.500066]
step:9690000; t = 6.9621e+04; dt = 7.1866e-03; 69.6 %
             [Mach = 9.500066]
step:9700000; t = 6.9693e+04; dt = 7.1866e-03; 69.7 %
             [Mach = 9.500065]
> Writing file #279 (dbl) to disk...
  [ 0.00 sec ]
step:9710000; t = 6.9765e+04; dt = 7.1866e-03; 69.8 %
             [Mach = 9.500064]
step:9720000; t = 6.9837e+04; dt = 7.1866e-03; 69.8 %
             [Mach = 9.500064]
step:9730000; t = 6.9909e+04; dt = 7.1866e-03; 69.9 %
             [Mach = 9.500063]
step:9740000; t = 6.9981e+04; dt = 7.1866e-03; 70.0 %
             [Mach = 9.500063]
> Writing file #280 (dbl) to disk...
  [ 0.00 sec ]
step:9750000; t = 7.0053e+04; dt = 7.1866e-03; 70.1 %
             [Mach = 9.500062]
step:9760000; t = 7.0125e+04; dt = 7.1866e-03; 70.1 %
             [Mach = 9.500062]
step:9770000; t = 7.0196e+04; dt = 7.1866e-03; 70.2 %
             [Mach = 9.500061]
> Writing file #281 (dbl) to disk...
  [ 0.00 sec ]
step:9780000; t = 7.0268e+04; dt = 7.1866e-03; 70.3 %
             [Mach = 9.500061]
step:9790000; t = 7.0340e+04; dt = 7.1866e-03; 70.3 %
             [Mach = 9.500061]
step:9800000; t = 7.0412e+04; dt = 7.1866e-03; 70.4 %
             [Mach = 9.500061]
step:9810000; t = 7.0484e+04; dt = 7.1866e-03; 70.5 %
             [Mach = 9.500060]
> Writing file #282 (dbl) to disk...
  [ 0.00 sec ]
step:9820000; t = 7.0556e+04; dt = 7.1866e-03; 70.6 %
             [Mach = 9.500060]
step:9830000; t = 7.0628e+04; dt = 7.1866e-03; 70.6 %
             [Mach = 9.500060]
step:9840000; t = 7.0699e+04; dt = 7.1866e-03; 70.7 %
             [Mach = 9.500060]
> Writing file #283 (dbl) to disk...
  [ 0.00 sec ]
step:9850000; t = 7.0771e+04; dt = 7.1866e-03; 70.8 %
             [Mach = 9.500059]
step:9860000; t = 7.0843e+04; dt = 7.1866e-03; 70.8 %
             [Mach = 9.500059]
step:9870000; t = 7.0915e+04; dt = 7.1866e-03; 70.9 %
             [Mach = 9.500059]
step:9880000; t = 7.0987e+04; dt = 7.1866e-03; 71.0 %
             [Mach = 9.500059]
> Writing file #284 (dbl) to disk...
  [ 0.00 sec ]
step:9890000; t = 7.1059e+04; dt = 7.1866e-03; 71.1 %
             [Mach = 9.500059]
step:9900000; t = 7.1131e+04; dt = 7.1866e-03; 71.1 %
             [Mach = 9.500059]
step:9910000; t = 7.1203e+04; dt = 7.1866e-03; 71.2 %
             [Mach = 9.500059]
> Writing file #285 (dbl) to disk...
  [ 0.00 sec ]
step:9920000; t = 7.1274e+04; dt = 7.1866e-03; 71.3 %
             [Mach = 9.500058]
step:9930000; t = 7.1346e+04; dt = 7.1866e-03; 71.3 %
             [Mach = 9.500058]
step:9940000; t = 7.1418e+04; dt = 7.1866e-03; 71.4 %
             [Mach = 9.500058]
step:9950000; t = 7.1490e+04; dt = 7.1866e-03; 71.5 %
             [Mach = 9.500058]
> Writing file #286 (dbl) to disk...
  [ 0.00 sec ]
step:9960000; t = 7.1562e+04; dt = 7.1866e-03; 71.6 %
             [Mach = 9.500058]
step:9970000; t = 7.1634e+04; dt = 7.1866e-03; 71.6 %
             [Mach = 9.500058]
step:9980000; t = 7.1706e+04; dt = 7.1866e-03; 71.7 %
             [Mach = 9.500058]
> Writing file #287 (dbl) to disk...
  [ 0.00 sec ]
step:9990000; t = 7.1777e+04; dt = 7.1866e-03; 71.8 %
             [Mach = 9.500058]
step:10000000; t = 7.1849e+04; dt = 7.1866e-03; 71.8 %
             [Mach = 9.500058]
step:10010000; t = 7.1921e+04; dt = 7.1866e-03; 71.9 %
             [Mach = 9.500058]
step:10020000; t = 7.1993e+04; dt = 7.1866e-03; 72.0 %
             [Mach = 9.500058]
> Writing file #288 (dbl) to disk...
  [ 0.00 sec ]
step:10030000; t = 7.2065e+04; dt = 7.1866e-03; 72.1 %
             [Mach = 9.500058]
step:10040000; t = 7.2137e+04; dt = 7.1866e-03; 72.1 %
             [Mach = 9.500058]
step:10050000; t = 7.2209e+04; dt = 7.1866e-03; 72.2 %
             [Mach = 9.500058]
> Writing file #289 (dbl) to disk...
  [ 0.00 sec ]
step:10060000; t = 7.2281e+04; dt = 7.1866e-03; 72.3 %
             [Mach = 9.500058]
step:10070000; t = 7.2352e+04; dt = 7.1866e-03; 72.4 %
             [Mach = 9.500058]
step:10080000; t = 7.2424e+04; dt = 7.1866e-03; 72.4 %
             [Mach = 9.500058]
step:10090000; t = 7.2496e+04; dt = 7.1866e-03; 72.5 %
             [Mach = 9.500058]
> Writing file #290 (dbl) to disk...
  [ 0.00 sec ]
step:10100000; t = 7.2568e+04; dt = 7.1866e-03; 72.6 %
             [Mach = 9.500058]
step:10110000; t = 7.2640e+04; dt = 7.1866e-03; 72.6 %
             [Mach = 9.500058]
step:10120000; t = 7.2712e+04; dt = 7.1866e-03; 72.7 %
             [Mach = 9.500058]
> Writing file #291 (dbl) to disk...
  [ 0.00 sec ]
step:10130000; t = 7.2784e+04; dt = 7.1866e-03; 72.8 %
             [Mach = 9.500058]
step:10140000; t = 7.2855e+04; dt = 7.1866e-03; 72.9 %
             [Mach = 9.500058]
step:10150000; t = 7.2927e+04; dt = 7.1866e-03; 72.9 %
             [Mach = 9.500058]
step:10160000; t = 7.2999e+04; dt = 7.1866e-03; 73.0 %
             [Mach = 9.500058]
> Writing file #292 (dbl) to disk...
  [ 0.00 sec ]
step:10170000; t = 7.3071e+04; dt = 7.1866e-03; 73.1 %
             [Mach = 9.500057]
step:10180000; t = 7.3143e+04; dt = 7.1866e-03; 73.1 %
             [Mach = 9.500057]
step:10190000; t = 7.3215e+04; dt = 7.1866e-03; 73.2 %
             [Mach = 9.500057]
> Writing file #293 (dbl) to disk...
  [ 0.00 sec ]
step:10200000; t = 7.3287e+04; dt = 7.1866e-03; 73.3 %
             [Mach = 9.500057]
step:10210000; t = 7.3359e+04; dt = 7.1866e-03; 73.4 %
             [Mach = 9.500057]
step:10220000; t = 7.3430e+04; dt = 7.1866e-03; 73.4 %
             [Mach = 9.500057]
> Writing file #294 (dbl) to disk...
  [ 0.00 sec ]
step:10230000; t = 7.3502e+04; dt = 7.1866e-03; 73.5 %
             [Mach = 9.500057]
step:10240000; t = 7.3574e+04; dt = 7.1866e-03; 73.6 %
             [Mach = 9.500057]
step:10250000; t = 7.3646e+04; dt = 7.1866e-03; 73.6 %
             [Mach = 9.500057]
step:10260000; t = 7.3718e+04; dt = 7.1866e-03; 73.7 %
             [Mach = 9.500057]
> Writing file #295 (dbl) to disk...
  [ 0.00 sec ]
step:10270000; t = 7.3790e+04; dt = 7.1866e-03; 73.8 %
             [Mach = 9.500057]
step:10280000; t = 7.3862e+04; dt = 7.1866e-03; 73.9 %
             [Mach = 9.500057]
step:10290000; t = 7.3933e+04; dt = 7.1866e-03; 73.9 %
             [Mach = 9.500057]
> Writing file #296 (dbl) to disk...
  [ 0.00 sec ]
step:10300000; t = 7.4005e+04; dt = 7.1866e-03; 74.0 %
             [Mach = 9.500057]
step:10310000; t = 7.4077e+04; dt = 7.1866e-03; 74.1 %
             [Mach = 9.500057]
step:10320000; t = 7.4149e+04; dt = 7.1866e-03; 74.1 %
             [Mach = 9.500057]
step:10330000; t = 7.4221e+04; dt = 7.1866e-03; 74.2 %
             [Mach = 9.500057]
> Writing file #297 (dbl) to disk...
  [ 0.00 sec ]
step:10340000; t = 7.4293e+04; dt = 7.1866e-03; 74.3 %
             [Mach = 9.500057]
step:10350000; t = 7.4365e+04; dt = 7.1866e-03; 74.4 %
             [Mach = 9.500057]
step:10360000; t = 7.4436e+04; dt = 7.1866e-03; 74.4 %
             [Mach = 9.500057]
> Writing file #298 (dbl) to disk...
  [ 0.00 sec ]
step:10370000; t = 7.4508e+04; dt = 7.1866e-03; 74.5 %
             [Mach = 9.500057]
step:10380000; t = 7.4580e+04; dt = 7.1866e-03; 74.6 %
             [Mach = 9.500057]
step:10390000; t = 7.4652e+04; dt = 7.1866e-03; 74.7 %
             [Mach = 9.500057]
step:10400000; t = 7.4724e+04; dt = 7.1866e-03; 74.7 %
             [Mach = 9.500057]
> Writing file #299 (dbl) to disk...
  [ 0.00 sec ]
step:10410000; t = 7.4796e+04; dt = 7.1866e-03; 74.8 %
             [Mach = 9.500057]
step:10420000; t = 7.4868e+04; dt = 7.1866e-03; 74.9 %
             [Mach = 9.500057]
step:10430000; t = 7.4940e+04; dt = 7.1866e-03; 74.9 %
             [Mach = 9.500057]
> Writing file #300 (dbl) to disk...
  [ 0.00 sec ]
step:10440000; t = 7.5011e+04; dt = 7.1866e-03; 75.0 %
             [Mach = 9.500057]
step:10450000; t = 7.5083e+04; dt = 7.1866e-03; 75.1 %
             [Mach = 9.500057]
step:10460000; t = 7.5155e+04; dt = 7.1866e-03; 75.2 %
             [Mach = 9.500057]
step:10470000; t = 7.5227e+04; dt = 7.1866e-03; 75.2 %
             [Mach = 9.500057]
> Writing file #301 (dbl) to disk...
  [ 0.00 sec ]
step:10480000; t = 7.5299e+04; dt = 7.1866e-03; 75.3 %
             [Mach = 9.500057]
step:10490000; t = 7.5371e+04; dt = 7.1866e-03; 75.4 %
             [Mach = 9.500057]
step:10500000; t = 7.5443e+04; dt = 7.1866e-03; 75.4 %
             [Mach = 9.500057]
> Writing file #302 (dbl) to disk...
  [ 0.00 sec ]
step:10510000; t = 7.5514e+04; dt = 7.1866e-03; 75.5 %
             [Mach = 9.500057]
step:10520000; t = 7.5586e+04; dt = 7.1866e-03; 75.6 %
             [Mach = 9.500057]
step:10530000; t = 7.5658e+04; dt = 7.1866e-03; 75.7 %
             [Mach = 9.500057]
step:10540000; t = 7.5730e+04; dt = 7.1866e-03; 75.7 %
             [Mach = 9.500057]
> Writing file #303 (dbl) to disk...
  [ 0.00 sec ]
step:10550000; t = 7.5802e+04; dt = 7.1866e-03; 75.8 %
             [Mach = 9.500057]
step:10560000; t = 7.5874e+04; dt = 7.1866e-03; 75.9 %
             [Mach = 9.500057]
step:10570000; t = 7.5946e+04; dt = 7.1866e-03; 75.9 %
             [Mach = 9.500057]
> Writing file #304 (dbl) to disk...
  [ 0.00 sec ]
step:10580000; t = 7.6018e+04; dt = 7.1866e-03; 76.0 %
             [Mach = 9.500057]
step:10590000; t = 7.6089e+04; dt = 7.1866e-03; 76.1 %
             [Mach = 9.500057]
step:10600000; t = 7.6161e+04; dt = 7.1866e-03; 76.2 %
             [Mach = 9.500057]
step:10610000; t = 7.6233e+04; dt = 7.1866e-03; 76.2 %
             [Mach = 9.500057]
> Writing file #305 (dbl) to disk...
  [ 0.00 sec ]
step:10620000; t = 7.6305e+04; dt = 7.1866e-03; 76.3 %
             [Mach = 9.500057]
step:10630000; t = 7.6377e+04; dt = 7.1866e-03; 76.4 %
             [Mach = 9.500057]
step:10640000; t = 7.6449e+04; dt = 7.1866e-03; 76.4 %
             [Mach = 9.500057]
> Writing file #306 (dbl) to disk...
  [ 0.00 sec ]
step:10650000; t = 7.6521e+04; dt = 7.1866e-03; 76.5 %
             [Mach = 9.500057]
step:10660000; t = 7.6592e+04; dt = 7.1866e-03; 76.6 %
             [Mach = 9.500057]
step:10670000; t = 7.6664e+04; dt = 7.1866e-03; 76.7 %
             [Mach = 9.500057]
step:10680000; t = 7.6736e+04; dt = 7.1866e-03; 76.7 %
             [Mach = 9.500057]
> Writing file #307 (dbl) to disk...
  [ 1.00 sec ]
step:10690000; t = 7.6808e+04; dt = 7.1866e-03; 76.8 %
             [Mach = 9.500057]
step:10700000; t = 7.6880e+04; dt = 7.1866e-03; 76.9 %
             [Mach = 9.500057]
step:10710000; t = 7.6952e+04; dt = 7.1866e-03; 77.0 %
             [Mach = 9.500057]
> Writing file #308 (dbl) to disk...
  [ 0.00 sec ]
step:10720000; t = 7.7024e+04; dt = 7.1866e-03; 77.0 %
             [Mach = 9.500057]
step:10730000; t = 7.7096e+04; dt = 7.1866e-03; 77.1 %
             [Mach = 9.500057]
step:10740000; t = 7.7167e+04; dt = 7.1866e-03; 77.2 %
             [Mach = 9.500057]
step:10750000; t = 7.7239e+04; dt = 7.1866e-03; 77.2 %
             [Mach = 9.500057]
> Writing file #309 (dbl) to disk...
  [ 0.00 sec ]
step:10760000; t = 7.7311e+04; dt = 7.1866e-03; 77.3 %
             [Mach = 9.500057]
step:10770000; t = 7.7383e+04; dt = 7.1866e-03; 77.4 %
             [Mach = 9.500057]
step:10780000; t = 7.7455e+04; dt = 7.1866e-03; 77.5 %
             [Mach = 9.500057]
> Writing file #310 (dbl) to disk...
  [ 0.00 sec ]
step:10790000; t = 7.7527e+04; dt = 7.1866e-03; 77.5 %
             [Mach = 9.500057]
step:10800000; t = 7.7599e+04; dt = 7.1866e-03; 77.6 %
             [Mach = 9.500057]
step:10810000; t = 7.7670e+04; dt = 7.1866e-03; 77.7 %
             [Mach = 9.500057]
step:10820000; t = 7.7742e+04; dt = 7.1866e-03; 77.7 %
             [Mach = 9.500057]
> Writing file #311 (dbl) to disk...
  [ 0.00 sec ]
step:10830000; t = 7.7814e+04; dt = 7.1866e-03; 77.8 %
             [Mach = 9.500057]
step:10840000; t = 7.7886e+04; dt = 7.1866e-03; 77.9 %
             [Mach = 9.500057]
step:10850000; t = 7.7958e+04; dt = 7.1866e-03; 78.0 %
             [Mach = 9.500057]
> Writing file #312 (dbl) to disk...
  [ 0.00 sec ]
step:10860000; t = 7.8030e+04; dt = 7.1866e-03; 78.0 %
             [Mach = 9.500057]
step:10870000; t = 7.8102e+04; dt = 7.1866e-03; 78.1 %
             [Mach = 9.500057]
step:10880000; t = 7.8174e+04; dt = 7.1866e-03; 78.2 %
             [Mach = 9.500057]
step:10890000; t = 7.8245e+04; dt = 7.1866e-03; 78.2 %
             [Mach = 9.500057]
> Writing file #313 (dbl) to disk...
  [ 0.00 sec ]
step:10900000; t = 7.8317e+04; dt = 7.1866e-03; 78.3 %
             [Mach = 9.500057]
step:10910000; t = 7.8389e+04; dt = 7.1866e-03; 78.4 %
             [Mach = 9.500057]
step:10920000; t = 7.8461e+04; dt = 7.1866e-03; 78.5 %
             [Mach = 9.500057]
> Writing file #314 (dbl) to disk...
  [ 0.00 sec ]
step:10930000; t = 7.8533e+04; dt = 7.1866e-03; 78.5 %
             [Mach = 9.500057]
step:10940000; t = 7.8605e+04; dt = 7.1866e-03; 78.6 %
             [Mach = 9.500057]
step:10950000; t = 7.8677e+04; dt = 7.1866e-03; 78.7 %
             [Mach = 9.500057]
step:10960000; t = 7.8748e+04; dt = 7.1866e-03; 78.7 %
             [Mach = 9.500057]
> Writing file #315 (dbl) to disk...
  [ 0.00 sec ]
step:10970000; t = 7.8820e+04; dt = 7.1866e-03; 78.8 %
             [Mach = 9.500057]
step:10980000; t = 7.8892e+04; dt = 7.1866e-03; 78.9 %
             [Mach = 9.500057]
step:10990000; t = 7.8964e+04; dt = 7.1866e-03; 79.0 %
             [Mach = 9.500057]
> Writing file #316 (dbl) to disk...
  [ 0.00 sec ]
step:11000000; t = 7.9036e+04; dt = 7.1866e-03; 79.0 %
             [Mach = 9.500057]
step:11010000; t = 7.9108e+04; dt = 7.1866e-03; 79.1 %
             [Mach = 9.500057]
step:11020000; t = 7.9180e+04; dt = 7.1866e-03; 79.2 %
             [Mach = 9.500057]
> Writing file #317 (dbl) to disk...
  [ 0.00 sec ]
step:11030000; t = 7.9251e+04; dt = 7.1866e-03; 79.3 %
             [Mach = 9.500057]
step:11040000; t = 7.9323e+04; dt = 7.1866e-03; 79.3 %
             [Mach = 9.500057]
step:11050000; t = 7.9395e+04; dt = 7.1866e-03; 79.4 %
             [Mach = 9.500057]
step:11060000; t = 7.9467e+04; dt = 7.1866e-03; 79.5 %
             [Mach = 9.500057]
> Writing file #318 (dbl) to disk...
  [ 0.00 sec ]
step:11070000; t = 7.9539e+04; dt = 7.1866e-03; 79.5 %
             [Mach = 9.500057]
step:11080000; t = 7.9611e+04; dt = 7.1866e-03; 79.6 %
             [Mach = 9.500057]
step:11090000; t = 7.9683e+04; dt = 7.1866e-03; 79.7 %
             [Mach = 9.500057]
> Writing file #319 (dbl) to disk...
  [ 0.00 sec ]
step:11100000; t = 7.9755e+04; dt = 7.1866e-03; 79.8 %
             [Mach = 9.500057]
step:11110000; t = 7.9826e+04; dt = 7.1866e-03; 79.8 %
             [Mach = 9.500057]
step:11120000; t = 7.9898e+04; dt = 7.1866e-03; 79.9 %
             [Mach = 9.500057]
step:11130000; t = 7.9970e+04; dt = 7.1866e-03; 80.0 %
             [Mach = 9.500057]
> Writing file #320 (dbl) to disk...
  [ 0.00 sec ]
step:11140000; t = 8.0042e+04; dt = 7.1866e-03; 80.0 %
             [Mach = 9.500057]
step:11150000; t = 8.0114e+04; dt = 7.1866e-03; 80.1 %
             [Mach = 9.500057]
step:11160000; t = 8.0186e+04; dt = 7.1866e-03; 80.2 %
             [Mach = 9.500057]
> Writing file #321 (dbl) to disk...
  [ 0.00 sec ]
step:11170000; t = 8.0258e+04; dt = 7.1866e-03; 80.3 %
             [Mach = 9.500057]
step:11180000; t = 8.0329e+04; dt = 7.1866e-03; 80.3 %
             [Mach = 9.500057]
step:11190000; t = 8.0401e+04; dt = 7.1866e-03; 80.4 %
             [Mach = 9.500057]
step:11200000; t = 8.0473e+04; dt = 7.1866e-03; 80.5 %
             [Mach = 9.500057]
> Writing file #322 (dbl) to disk...
  [ 0.00 sec ]
step:11210000; t = 8.0545e+04; dt = 7.1866e-03; 80.5 %
             [Mach = 9.500057]
step:11220000; t = 8.0617e+04; dt = 7.1866e-03; 80.6 %
             [Mach = 9.500057]
step:11230000; t = 8.0689e+04; dt = 7.1866e-03; 80.7 %
             [Mach = 9.500057]
> Writing file #323 (dbl) to disk...
  [ 0.00 sec ]
step:11240000; t = 8.0761e+04; dt = 7.1866e-03; 80.8 %
             [Mach = 9.500057]
step:11250000; t = 8.0833e+04; dt = 7.1866e-03; 80.8 %
             [Mach = 9.500057]
step:11260000; t = 8.0904e+04; dt = 7.1866e-03; 80.9 %
             [Mach = 9.500057]
step:11270000; t = 8.0976e+04; dt = 7.1866e-03; 81.0 %
             [Mach = 9.500057]
> Writing file #324 (dbl) to disk...
  [ 0.00 sec ]
step:11280000; t = 8.1048e+04; dt = 7.1866e-03; 81.0 %
             [Mach = 9.500057]
step:11290000; t = 8.1120e+04; dt = 7.1866e-03; 81.1 %
             [Mach = 9.500057]
step:11300000; t = 8.1192e+04; dt = 7.1866e-03; 81.2 %
             [Mach = 9.500057]
> Writing file #325 (dbl) to disk...
  [ 0.00 sec ]
step:11310000; t = 8.1264e+04; dt = 7.1866e-03; 81.3 %
             [Mach = 9.500057]
step:11320000; t = 8.1336e+04; dt = 7.1866e-03; 81.3 %
             [Mach = 9.500057]
step:11330000; t = 8.1407e+04; dt = 7.1866e-03; 81.4 %
             [Mach = 9.500057]
step:11340000; t = 8.1479e+04; dt = 7.1866e-03; 81.5 %
             [Mach = 9.500057]
> Writing file #326 (dbl) to disk...
  [ 0.00 sec ]
step:11350000; t = 8.1551e+04; dt = 7.1866e-03; 81.6 %
             [Mach = 9.500057]
step:11360000; t = 8.1623e+04; dt = 7.1866e-03; 81.6 %
             [Mach = 9.500057]
step:11370000; t = 8.1695e+04; dt = 7.1866e-03; 81.7 %
             [Mach = 9.500057]
> Writing file #327 (dbl) to disk...
  [ 0.00 sec ]
step:11380000; t = 8.1767e+04; dt = 7.1866e-03; 81.8 %
             [Mach = 9.500057]
step:11390000; t = 8.1839e+04; dt = 7.1866e-03; 81.8 %
             [Mach = 9.500057]
step:11400000; t = 8.1911e+04; dt = 7.1866e-03; 81.9 %
             [Mach = 9.500057]
step:11410000; t = 8.1982e+04; dt = 7.1866e-03; 82.0 %
             [Mach = 9.500057]
> Writing file #328 (dbl) to disk...
  [ 0.00 sec ]
step:11420000; t = 8.2054e+04; dt = 7.1866e-03; 82.1 %
             [Mach = 9.500057]
step:11430000; t = 8.2126e+04; dt = 7.1866e-03; 82.1 %
             [Mach = 9.500057]
step:11440000; t = 8.2198e+04; dt = 7.1866e-03; 82.2 %
             [Mach = 9.500057]
> Writing file #329 (dbl) to disk...
  [ 0.00 sec ]
step:11450000; t = 8.2270e+04; dt = 7.1866e-03; 82.3 %
             [Mach = 9.500057]
step:11460000; t = 8.2342e+04; dt = 7.1866e-03; 82.3 %
             [Mach = 9.500057]
step:11470000; t = 8.2414e+04; dt = 7.1866e-03; 82.4 %
             [Mach = 9.500057]
step:11480000; t = 8.2485e+04; dt = 7.1866e-03; 82.5 %
             [Mach = 9.500057]
> Writing file #330 (dbl) to disk...
  [ 0.00 sec ]
step:11490000; t = 8.2557e+04; dt = 7.1866e-03; 82.6 %
             [Mach = 9.500057]
step:11500000; t = 8.2629e+04; dt = 7.1866e-03; 82.6 %
             [Mach = 9.500057]
step:11510000; t = 8.2701e+04; dt = 7.1866e-03; 82.7 %
             [Mach = 9.500057]
> Writing file #331 (dbl) to disk...
  [ 0.00 sec ]
step:11520000; t = 8.2773e+04; dt = 7.1866e-03; 82.8 %
             [Mach = 9.500057]
step:11530000; t = 8.2845e+04; dt = 7.1866e-03; 82.8 %
             [Mach = 9.500057]
step:11540000; t = 8.2917e+04; dt = 7.1866e-03; 82.9 %
             [Mach = 9.500057]
step:11550000; t = 8.2988e+04; dt = 7.1866e-03; 83.0 %
             [Mach = 9.500057]
> Writing file #332 (dbl) to disk...
  [ 0.00 sec ]
step:11560000; t = 8.3060e+04; dt = 7.1866e-03; 83.1 %
             [Mach = 9.500057]
step:11570000; t = 8.3132e+04; dt = 7.1866e-03; 83.1 %
             [Mach = 9.500057]
step:11580000; t = 8.3204e+04; dt = 7.1866e-03; 83.2 %
             [Mach = 9.500057]
> Writing file #333 (dbl) to disk...
  [ 0.00 sec ]
step:11590000; t = 8.3276e+04; dt = 7.1866e-03; 83.3 %
             [Mach = 9.500057]
step:11600000; t = 8.3348e+04; dt = 7.1866e-03; 83.3 %
             [Mach = 9.500057]
step:11610000; t = 8.3420e+04; dt = 7.1866e-03; 83.4 %
             [Mach = 9.500057]
step:11620000; t = 8.3492e+04; dt = 7.1866e-03; 83.5 %
             [Mach = 9.500057]
> Writing file #334 (dbl) to disk...
  [ 0.00 sec ]
step:11630000; t = 8.3563e+04; dt = 7.1866e-03; 83.6 %
             [Mach = 9.500057]
step:11640000; t = 8.3635e+04; dt = 7.1866e-03; 83.6 %
             [Mach = 9.500057]
step:11650000; t = 8.3707e+04; dt = 7.1866e-03; 83.7 %
             [Mach = 9.500057]
> Writing file #335 (dbl) to disk...
  [ 0.00 sec ]
step:11660000; t = 8.3779e+04; dt = 7.1866e-03; 83.8 %
             [Mach = 9.500057]
step:11670000; t = 8.3851e+04; dt = 7.1866e-03; 83.9 %
             [Mach = 9.500057]
step:11680000; t = 8.3923e+04; dt = 7.1866e-03; 83.9 %
             [Mach = 9.500057]
step:11690000; t = 8.3995e+04; dt = 7.1866e-03; 84.0 %
             [Mach = 9.500057]
> Writing file #336 (dbl) to disk...
  [ 0.00 sec ]
step:11700000; t = 8.4066e+04; dt = 7.1866e-03; 84.1 %
             [Mach = 9.500057]
step:11710000; t = 8.4138e+04; dt = 7.1866e-03; 84.1 %
             [Mach = 9.500057]
step:11720000; t = 8.4210e+04; dt = 7.1866e-03; 84.2 %
             [Mach = 9.500057]
> Writing file #337 (dbl) to disk...
  [ 0.00 sec ]
step:11730000; t = 8.4282e+04; dt = 7.1866e-03; 84.3 %
             [Mach = 9.500057]
step:11740000; t = 8.4354e+04; dt = 7.1866e-03; 84.4 %
             [Mach = 9.500057]
step:11750000; t = 8.4426e+04; dt = 7.1866e-03; 84.4 %
             [Mach = 9.500057]
step:11760000; t = 8.4498e+04; dt = 7.1866e-03; 84.5 %
             [Mach = 9.500057]
> Writing file #338 (dbl) to disk...
  [ 0.00 sec ]
step:11770000; t = 8.4570e+04; dt = 7.1866e-03; 84.6 %
             [Mach = 9.500057]
step:11780000; t = 8.4641e+04; dt = 7.1866e-03; 84.6 %
             [Mach = 9.500057]
step:11790000; t = 8.4713e+04; dt = 7.1866e-03; 84.7 %
             [Mach = 9.500057]
> Writing file #339 (dbl) to disk...
  [ 0.00 sec ]
step:11800000; t = 8.4785e+04; dt = 7.1866e-03; 84.8 %
             [Mach = 9.500057]
step:11810000; t = 8.4857e+04; dt = 7.1866e-03; 84.9 %
             [Mach = 9.500057]
step:11820000; t = 8.4929e+04; dt = 7.1866e-03; 84.9 %
             [Mach = 9.500057]
> Writing file #340 (dbl) to disk...
  [ 0.00 sec ]
step:11830000; t = 8.5001e+04; dt = 7.1866e-03; 85.0 %
             [Mach = 9.500057]
step:11840000; t = 8.5073e+04; dt = 7.1866e-03; 85.1 %
             [Mach = 9.500057]
step:11850000; t = 8.5144e+04; dt = 7.1866e-03; 85.1 %
             [Mach = 9.500057]
step:11860000; t = 8.5216e+04; dt = 7.1866e-03; 85.2 %
             [Mach = 9.500057]
> Writing file #341 (dbl) to disk...
  [ 0.00 sec ]
step:11870000; t = 8.5288e+04; dt = 7.1866e-03; 85.3 %
             [Mach = 9.500057]
step:11880000; t = 8.5360e+04; dt = 7.1866e-03; 85.4 %
             [Mach = 9.500057]
step:11890000; t = 8.5432e+04; dt = 7.1866e-03; 85.4 %
             [Mach = 9.500057]
> Writing file #342 (dbl) to disk...
  [ 0.00 sec ]
step:11900000; t = 8.5504e+04; dt = 7.1866e-03; 85.5 %
             [Mach = 9.500057]
step:11910000; t = 8.5576e+04; dt = 7.1866e-03; 85.6 %
             [Mach = 9.500057]
step:11920000; t = 8.5648e+04; dt = 7.1866e-03; 85.6 %
             [Mach = 9.500057]
step:11930000; t = 8.5719e+04; dt = 7.1866e-03; 85.7 %
             [Mach = 9.500057]
> Writing file #343 (dbl) to disk...
  [ 0.00 sec ]
step:11940000; t = 8.5791e+04; dt = 7.1866e-03; 85.8 %
             [Mach = 9.500057]
step:11950000; t = 8.5863e+04; dt = 7.1866e-03; 85.9 %
             [Mach = 9.500057]
step:11960000; t = 8.5935e+04; dt = 7.1866e-03; 85.9 %
             [Mach = 9.500057]
> Writing file #344 (dbl) to disk...
  [ 0.00 sec ]
step:11970000; t = 8.6007e+04; dt = 7.1866e-03; 86.0 %
             [Mach = 9.500057]
step:11980000; t = 8.6079e+04; dt = 7.1866e-03; 86.1 %
             [Mach = 9.500057]
step:11990000; t = 8.6151e+04; dt = 7.1866e-03; 86.2 %
             [Mach = 9.500057]
step:12000000; t = 8.6222e+04; dt = 7.1866e-03; 86.2 %
             [Mach = 9.500057]
> Writing file #345 (dbl) to disk...
  [ 0.00 sec ]
step:12010000; t = 8.6294e+04; dt = 7.1866e-03; 86.3 %
             [Mach = 9.500057]
step:12020000; t = 8.6366e+04; dt = 7.1866e-03; 86.4 %
             [Mach = 9.500057]
step:12030000; t = 8.6438e+04; dt = 7.1866e-03; 86.4 %
             [Mach = 9.500057]
> Writing file #346 (dbl) to disk...
  [ 0.00 sec ]
step:12040000; t = 8.6510e+04; dt = 7.1866e-03; 86.5 %
             [Mach = 9.500057]
step:12050000; t = 8.6582e+04; dt = 7.1866e-03; 86.6 %
             [Mach = 9.500057]
step:12060000; t = 8.6654e+04; dt = 7.1866e-03; 86.7 %
             [Mach = 9.500057]
step:12070000; t = 8.6726e+04; dt = 7.1866e-03; 86.7 %
             [Mach = 9.500057]
> Writing file #347 (dbl) to disk...
  [ 0.00 sec ]
step:12080000; t = 8.6797e+04; dt = 7.1866e-03; 86.8 %
             [Mach = 9.500057]
step:12090000; t = 8.6869e+04; dt = 7.1866e-03; 86.9 %
             [Mach = 9.500057]
step:12100000; t = 8.6941e+04; dt = 7.1866e-03; 86.9 %
             [Mach = 9.500057]
> Writing file #348 (dbl) to disk...
  [ 0.00 sec ]
step:12110000; t = 8.7013e+04; dt = 7.1866e-03; 87.0 %
             [Mach = 9.500057]
step:12120000; t = 8.7085e+04; dt = 7.1866e-03; 87.1 %
             [Mach = 9.500057]
step:12130000; t = 8.7157e+04; dt = 7.1866e-03; 87.2 %
             [Mach = 9.500057]
step:12140000; t = 8.7229e+04; dt = 7.1866e-03; 87.2 %
             [Mach = 9.500057]
> Writing file #349 (dbl) to disk...
  [ 0.00 sec ]
step:12150000; t = 8.7300e+04; dt = 7.1866e-03; 87.3 %
             [Mach = 9.500057]
step:12160000; t = 8.7372e+04; dt = 7.1866e-03; 87.4 %
             [Mach = 9.500057]
step:12170000; t = 8.7444e+04; dt = 7.1866e-03; 87.4 %
             [Mach = 9.500057]
> Writing file #350 (dbl) to disk...
  [ 0.00 sec ]
step:12180000; t = 8.7516e+04; dt = 7.1866e-03; 87.5 %
             [Mach = 9.500057]
step:12190000; t = 8.7588e+04; dt = 7.1866e-03; 87.6 %
             [Mach = 9.500057]
step:12200000; t = 8.7660e+04; dt = 7.1866e-03; 87.7 %
             [Mach = 9.500057]
step:12210000; t = 8.7732e+04; dt = 7.1866e-03; 87.7 %
             [Mach = 9.500057]
> Writing file #351 (dbl) to disk...
  [ 0.00 sec ]
step:12220000; t = 8.7803e+04; dt = 7.1866e-03; 87.8 %
             [Mach = 9.500057]
step:12230000; t = 8.7875e+04; dt = 7.1866e-03; 87.9 %
             [Mach = 9.500057]
step:12240000; t = 8.7947e+04; dt = 7.1866e-03; 87.9 %
             [Mach = 9.500057]
> Writing file #352 (dbl) to disk...
  [ 0.00 sec ]
step:12250000; t = 8.8019e+04; dt = 7.1866e-03; 88.0 %
             [Mach = 9.500057]
step:12260000; t = 8.8091e+04; dt = 7.1866e-03; 88.1 %
             [Mach = 9.500057]
step:12270000; t = 8.8163e+04; dt = 7.1866e-03; 88.2 %
             [Mach = 9.500057]
step:12280000; t = 8.8235e+04; dt = 7.1866e-03; 88.2 %
             [Mach = 9.500057]
> Writing file #353 (dbl) to disk...
  [ 0.00 sec ]
step:12290000; t = 8.8307e+04; dt = 7.1866e-03; 88.3 %
             [Mach = 9.500057]
step:12300000; t = 8.8378e+04; dt = 7.1866e-03; 88.4 %
             [Mach = 9.500057]
step:12310000; t = 8.8450e+04; dt = 7.1866e-03; 88.5 %
             [Mach = 9.500057]
> Writing file #354 (dbl) to disk...
  [ 0.00 sec ]
step:12320000; t = 8.8522e+04; dt = 7.1866e-03; 88.5 %
             [Mach = 9.500057]
step:12330000; t = 8.8594e+04; dt = 7.1866e-03; 88.6 %
             [Mach = 9.500057]
step:12340000; t = 8.8666e+04; dt = 7.1866e-03; 88.7 %
             [Mach = 9.500057]
step:12350000; t = 8.8738e+04; dt = 7.1866e-03; 88.7 %
             [Mach = 9.500057]
> Writing file #355 (dbl) to disk...
  [ 0.00 sec ]
step:12360000; t = 8.8810e+04; dt = 7.1866e-03; 88.8 %
             [Mach = 9.500057]
step:12370000; t = 8.8881e+04; dt = 7.1866e-03; 88.9 %
             [Mach = 9.500057]
step:12380000; t = 8.8953e+04; dt = 7.1866e-03; 89.0 %
             [Mach = 9.500057]
> Writing file #356 (dbl) to disk...
  [ 0.00 sec ]
step:12390000; t = 8.9025e+04; dt = 7.1866e-03; 89.0 %
             [Mach = 9.500057]
step:12400000; t = 8.9097e+04; dt = 7.1866e-03; 89.1 %
             [Mach = 9.500057]
step:12410000; t = 8.9169e+04; dt = 7.1866e-03; 89.2 %
             [Mach = 9.500057]
step:12420000; t = 8.9241e+04; dt = 7.1866e-03; 89.2 %
             [Mach = 9.500057]
> Writing file #357 (dbl) to disk...
  [ 0.00 sec ]
step:12430000; t = 8.9313e+04; dt = 7.1866e-03; 89.3 %
             [Mach = 9.500057]
step:12440000; t = 8.9385e+04; dt = 7.1866e-03; 89.4 %
             [Mach = 9.500057]
step:12450000; t = 8.9456e+04; dt = 7.1866e-03; 89.5 %
             [Mach = 9.500057]
> Writing file #358 (dbl) to disk...
  [ 0.00 sec ]
step:12460000; t = 8.9528e+04; dt = 7.1866e-03; 89.5 %
             [Mach = 9.500057]
step:12470000; t = 8.9600e+04; dt = 7.1866e-03; 89.6 %
             [Mach = 9.500057]
step:12480000; t = 8.9672e+04; dt = 7.1866e-03; 89.7 %
             [Mach = 9.500057]
step:12490000; t = 8.9744e+04; dt = 7.1866e-03; 89.7 %
             [Mach = 9.500057]
> Writing file #359 (dbl) to disk...
  [ 0.00 sec ]
step:12500000; t = 8.9816e+04; dt = 7.1866e-03; 89.8 %
             [Mach = 9.500057]
step:12510000; t = 8.9888e+04; dt = 7.1866e-03; 89.9 %
             [Mach = 9.500057]
step:12520000; t = 8.9959e+04; dt = 7.1866e-03; 90.0 %
             [Mach = 9.500057]
> Writing file #360 (dbl) to disk...
  [ 0.00 sec ]
step:12530000; t = 9.0031e+04; dt = 7.1866e-03; 90.0 %
             [Mach = 9.500057]
step:12540000; t = 9.0103e+04; dt = 7.1866e-03; 90.1 %
             [Mach = 9.500057]
step:12550000; t = 9.0175e+04; dt = 7.1866e-03; 90.2 %
             [Mach = 9.500057]
step:12560000; t = 9.0247e+04; dt = 7.1866e-03; 90.2 %
             [Mach = 9.500057]
> Writing file #361 (dbl) to disk...
  [ 0.00 sec ]
step:12570000; t = 9.0319e+04; dt = 7.1866e-03; 90.3 %
             [Mach = 9.500057]
step:12580000; t = 9.0391e+04; dt = 7.1866e-03; 90.4 %
             [Mach = 9.500057]
step:12590000; t = 9.0463e+04; dt = 7.1866e-03; 90.5 %
             [Mach = 9.500057]
> Writing file #362 (dbl) to disk...
  [ 0.00 sec ]
step:12600000; t = 9.0534e+04; dt = 7.1866e-03; 90.5 %
             [Mach = 9.500057]
step:12610000; t = 9.0606e+04; dt = 7.1866e-03; 90.6 %
             [Mach = 9.500057]
step:12620000; t = 9.0678e+04; dt = 7.1866e-03; 90.7 %
             [Mach = 9.500057]
step:12630000; t = 9.0750e+04; dt = 7.1866e-03; 90.7 %
             [Mach = 9.500057]
> Writing file #363 (dbl) to disk...
  [ 0.00 sec ]
step:12640000; t = 9.0822e+04; dt = 7.1866e-03; 90.8 %
             [Mach = 9.500057]
step:12650000; t = 9.0894e+04; dt = 7.1866e-03; 90.9 %
             [Mach = 9.500057]
step:12660000; t = 9.0966e+04; dt = 7.1866e-03; 91.0 %
             [Mach = 9.500057]
> Writing file #364 (dbl) to disk...
  [ 0.00 sec ]
step:12670000; t = 9.1037e+04; dt = 7.1866e-03; 91.0 %
             [Mach = 9.500057]
step:12680000; t = 9.1109e+04; dt = 7.1866e-03; 91.1 %
             [Mach = 9.500057]
step:12690000; t = 9.1181e+04; dt = 7.1866e-03; 91.2 %
             [Mach = 9.500057]
> Writing file #365 (dbl) to disk...
  [ 0.00 sec ]
step:12700000; t = 9.1253e+04; dt = 7.1866e-03; 91.3 %
             [Mach = 9.500057]
step:12710000; t = 9.1325e+04; dt = 7.1866e-03; 91.3 %
             [Mach = 9.500057]
step:12720000; t = 9.1397e+04; dt = 7.1866e-03; 91.4 %
             [Mach = 9.500057]
step:12730000; t = 9.1469e+04; dt = 7.1866e-03; 91.5 %
             [Mach = 9.500057]
> Writing file #366 (dbl) to disk...
  [ 0.00 sec ]
step:12740000; t = 9.1540e+04; dt = 7.1866e-03; 91.5 %
             [Mach = 9.500057]
step:12750000; t = 9.1612e+04; dt = 7.1866e-03; 91.6 %
             [Mach = 9.500057]
step:12760000; t = 9.1684e+04; dt = 7.1866e-03; 91.7 %
             [Mach = 9.500057]
> Writing file #367 (dbl) to disk...
  [ 0.00 sec ]
step:12770000; t = 9.1756e+04; dt = 7.1866e-03; 91.8 %
             [Mach = 9.500057]
step:12780000; t = 9.1828e+04; dt = 7.1866e-03; 91.8 %
             [Mach = 9.500057]
step:12790000; t = 9.1900e+04; dt = 7.1866e-03; 91.9 %
             [Mach = 9.500057]
step:12800000; t = 9.1972e+04; dt = 7.1866e-03; 92.0 %
             [Mach = 9.500057]
> Writing file #368 (dbl) to disk...
  [ 0.00 sec ]
step:12810000; t = 9.2044e+04; dt = 7.1866e-03; 92.0 %
             [Mach = 9.500057]
step:12820000; t = 9.2115e+04; dt = 7.1866e-03; 92.1 %
             [Mach = 9.500057]
step:12830000; t = 9.2187e+04; dt = 7.1866e-03; 92.2 %
             [Mach = 9.500057]
> Writing file #369 (dbl) to disk...
  [ 0.00 sec ]
step:12840000; t = 9.2259e+04; dt = 7.1866e-03; 92.3 %
             [Mach = 9.500057]
step:12850000; t = 9.2331e+04; dt = 7.1866e-03; 92.3 %
             [Mach = 9.500057]
step:12860000; t = 9.2403e+04; dt = 7.1866e-03; 92.4 %
             [Mach = 9.500057]
step:12870000; t = 9.2475e+04; dt = 7.1866e-03; 92.5 %
             [Mach = 9.500057]
> Writing file #370 (dbl) to disk...
  [ 0.00 sec ]
step:12880000; t = 9.2547e+04; dt = 7.1866e-03; 92.5 %
             [Mach = 9.500057]
step:12890000; t = 9.2618e+04; dt = 7.1866e-03; 92.6 %
             [Mach = 9.500057]
step:12900000; t = 9.2690e+04; dt = 7.1866e-03; 92.7 %
             [Mach = 9.500057]
> Writing file #371 (dbl) to disk...
  [ 0.00 sec ]
step:12910000; t = 9.2762e+04; dt = 7.1866e-03; 92.8 %
             [Mach = 9.500057]
step:12920000; t = 9.2834e+04; dt = 7.1866e-03; 92.8 %
             [Mach = 9.500057]
step:12930000; t = 9.2906e+04; dt = 7.1866e-03; 92.9 %
             [Mach = 9.500057]
step:12940000; t = 9.2978e+04; dt = 7.1866e-03; 93.0 %
             [Mach = 9.500057]
> Writing file #372 (dbl) to disk...
  [ 0.00 sec ]
step:12950000; t = 9.3050e+04; dt = 7.1866e-03; 93.0 %
             [Mach = 9.500057]
step:12960000; t = 9.3122e+04; dt = 7.1866e-03; 93.1 %
             [Mach = 9.500057]
step:12970000; t = 9.3193e+04; dt = 7.1866e-03; 93.2 %
             [Mach = 9.500057]
> Writing file #373 (dbl) to disk...
  [ 0.00 sec ]
step:12980000; t = 9.3265e+04; dt = 7.1866e-03; 93.3 %
             [Mach = 9.500057]
step:12990000; t = 9.3337e+04; dt = 7.1866e-03; 93.3 %
             [Mach = 9.500057]
step:13000000; t = 9.3409e+04; dt = 7.1866e-03; 93.4 %
             [Mach = 9.500057]
step:13010000; t = 9.3481e+04; dt = 7.1866e-03; 93.5 %
             [Mach = 9.500057]
> Writing file #374 (dbl) to disk...
  [ 0.00 sec ]
step:13020000; t = 9.3553e+04; dt = 7.1866e-03; 93.6 %
             [Mach = 9.500057]
step:13030000; t = 9.3625e+04; dt = 7.1866e-03; 93.6 %
             [Mach = 9.500057]
step:13040000; t = 9.3696e+04; dt = 7.1866e-03; 93.7 %
             [Mach = 9.500057]
> Writing file #375 (dbl) to disk...
  [ 0.00 sec ]
step:13050000; t = 9.3768e+04; dt = 7.1866e-03; 93.8 %
             [Mach = 9.500057]
step:13060000; t = 9.3840e+04; dt = 7.1866e-03; 93.8 %
             [Mach = 9.500057]
step:13070000; t = 9.3912e+04; dt = 7.1866e-03; 93.9 %
             [Mach = 9.500057]
step:13080000; t = 9.3984e+04; dt = 7.1866e-03; 94.0 %
             [Mach = 9.500057]
> Writing file #376 (dbl) to disk...
  [ 0.00 sec ]
step:13090000; t = 9.4056e+04; dt = 7.1866e-03; 94.1 %
             [Mach = 9.500057]
step:13100000; t = 9.4128e+04; dt = 7.1866e-03; 94.1 %
             [Mach = 9.500057]
step:13110000; t = 9.4200e+04; dt = 7.1866e-03; 94.2 %
             [Mach = 9.500057]
> Writing file #377 (dbl) to disk...
  [ 0.00 sec ]
step:13120000; t = 9.4271e+04; dt = 7.1866e-03; 94.3 %
             [Mach = 9.500057]
step:13130000; t = 9.4343e+04; dt = 7.1866e-03; 94.3 %
             [Mach = 9.500057]
step:13140000; t = 9.4415e+04; dt = 7.1866e-03; 94.4 %
             [Mach = 9.500057]
step:13150000; t = 9.4487e+04; dt = 7.1866e-03; 94.5 %
             [Mach = 9.500057]
> Writing file #378 (dbl) to disk...
  [ 0.00 sec ]
step:13160000; t = 9.4559e+04; dt = 7.1866e-03; 94.6 %
             [Mach = 9.500057]
step:13170000; t = 9.4631e+04; dt = 7.1866e-03; 94.6 %
             [Mach = 9.500057]
step:13180000; t = 9.4703e+04; dt = 7.1866e-03; 94.7 %
             [Mach = 9.500057]
> Writing file #379 (dbl) to disk...
  [ 0.00 sec ]
step:13190000; t = 9.4774e+04; dt = 7.1866e-03; 94.8 %
             [Mach = 9.500057]
step:13200000; t = 9.4846e+04; dt = 7.1866e-03; 94.8 %
             [Mach = 9.500057]
step:13210000; t = 9.4918e+04; dt = 7.1866e-03; 94.9 %
             [Mach = 9.500057]
step:13220000; t = 9.4990e+04; dt = 7.1866e-03; 95.0 %
             [Mach = 9.500057]
> Writing file #380 (dbl) to disk...
  [ 0.00 sec ]
step:13230000; t = 9.5062e+04; dt = 7.1866e-03; 95.1 %
             [Mach = 9.500057]
step:13240000; t = 9.5134e+04; dt = 7.1866e-03; 95.1 %
             [Mach = 9.500057]
step:13250000; t = 9.5206e+04; dt = 7.1866e-03; 95.2 %
             [Mach = 9.500057]
> Writing file #381 (dbl) to disk...
  [ 0.00 sec ]
step:13260000; t = 9.5278e+04; dt = 7.1866e-03; 95.3 %
             [Mach = 9.500057]
step:13270000; t = 9.5349e+04; dt = 7.1866e-03; 95.3 %
             [Mach = 9.500057]
step:13280000; t = 9.5421e+04; dt = 7.1866e-03; 95.4 %
             [Mach = 9.500057]
step:13290000; t = 9.5493e+04; dt = 7.1866e-03; 95.5 %
             [Mach = 9.500057]
> Writing file #382 (dbl) to disk...
  [ 0.00 sec ]
step:13300000; t = 9.5565e+04; dt = 7.1866e-03; 95.6 %
             [Mach = 9.500057]
step:13310000; t = 9.5637e+04; dt = 7.1866e-03; 95.6 %
             [Mach = 9.500057]
step:13320000; t = 9.5709e+04; dt = 7.1866e-03; 95.7 %
             [Mach = 9.500057]
> Writing file #383 (dbl) to disk...
  [ 0.00 sec ]
step:13330000; t = 9.5781e+04; dt = 7.1866e-03; 95.8 %
             [Mach = 9.500057]
step:13340000; t = 9.5852e+04; dt = 7.1866e-03; 95.9 %
             [Mach = 9.500057]
step:13350000; t = 9.5924e+04; dt = 7.1866e-03; 95.9 %
             [Mach = 9.500057]
step:13360000; t = 9.5996e+04; dt = 7.1866e-03; 96.0 %
             [Mach = 9.500057]
> Writing file #384 (dbl) to disk...
  [ 0.00 sec ]
step:13370000; t = 9.6068e+04; dt = 7.1866e-03; 96.1 %
             [Mach = 9.500057]
step:13380000; t = 9.6140e+04; dt = 7.1866e-03; 96.1 %
             [Mach = 9.500057]
step:13390000; t = 9.6212e+04; dt = 7.1866e-03; 96.2 %
             [Mach = 9.500057]
> Writing file #385 (dbl) to disk...
  [ 0.00 sec ]
step:13400000; t = 9.6284e+04; dt = 7.1866e-03; 96.3 %
             [Mach = 9.500057]
step:13410000; t = 9.6355e+04; dt = 7.1866e-03; 96.4 %
             [Mach = 9.500057]
step:13420000; t = 9.6427e+04; dt = 7.1866e-03; 96.4 %
             [Mach = 9.500057]
step:13430000; t = 9.6499e+04; dt = 7.1866e-03; 96.5 %
             [Mach = 9.500057]
> Writing file #386 (dbl) to disk...
  [ 0.00 sec ]
step:13440000; t = 9.6571e+04; dt = 7.1866e-03; 96.6 %
             [Mach = 9.500057]
step:13450000; t = 9.6643e+04; dt = 7.1866e-03; 96.6 %
             [Mach = 9.500057]
step:13460000; t = 9.6715e+04; dt = 7.1866e-03; 96.7 %
             [Mach = 9.500057]
> Writing file #387 (dbl) to disk...
  [ 0.00 sec ]
step:13470000; t = 9.6787e+04; dt = 7.1866e-03; 96.8 %
             [Mach = 9.500057]
step:13480000; t = 9.6859e+04; dt = 7.1866e-03; 96.9 %
             [Mach = 9.500057]
step:13490000; t = 9.6930e+04; dt = 7.1866e-03; 96.9 %
             [Mach = 9.500057]
> Writing file #388 (dbl) to disk...
  [ 0.00 sec ]
step:13500000; t = 9.7002e+04; dt = 7.1866e-03; 97.0 %
             [Mach = 9.500057]
step:13510000; t = 9.7074e+04; dt = 7.1866e-03; 97.1 %
             [Mach = 9.500057]
step:13520000; t = 9.7146e+04; dt = 7.1866e-03; 97.1 %
             [Mach = 9.500057]
step:13530000; t = 9.7218e+04; dt = 7.1866e-03; 97.2 %
             [Mach = 9.500057]
> Writing file #389 (dbl) to disk...
  [ 0.00 sec ]
step:13540000; t = 9.7290e+04; dt = 7.1866e-03; 97.3 %
             [Mach = 9.500057]
step:13550000; t = 9.7362e+04; dt = 7.1866e-03; 97.4 %
             [Mach = 9.500057]
step:13560000; t = 9.7433e+04; dt = 7.1866e-03; 97.4 %
             [Mach = 9.500057]
> Writing file #390 (dbl) to disk...
  [ 0.00 sec ]
step:13570000; t = 9.7505e+04; dt = 7.1866e-03; 97.5 %
             [Mach = 9.500057]
step:13580000; t = 9.7577e+04; dt = 7.1866e-03; 97.6 %
             [Mach = 9.500057]
step:13590000; t = 9.7649e+04; dt = 7.1866e-03; 97.6 %
             [Mach = 9.500057]
step:13600000; t = 9.7721e+04; dt = 7.1866e-03; 97.7 %
             [Mach = 9.500057]
> Writing file #391 (dbl) to disk...
  [ 0.00 sec ]
step:13610000; t = 9.7793e+04; dt = 7.1866e-03; 97.8 %
             [Mach = 9.500057]
step:13620000; t = 9.7865e+04; dt = 7.1866e-03; 97.9 %
             [Mach = 9.500057]
step:13630000; t = 9.7937e+04; dt = 7.1866e-03; 97.9 %
             [Mach = 9.500057]
> Writing file #392 (dbl) to disk...
  [ 0.00 sec ]
step:13640000; t = 9.8008e+04; dt = 7.1866e-03; 98.0 %
             [Mach = 9.500057]
step:13650000; t = 9.8080e+04; dt = 7.1866e-03; 98.1 %
             [Mach = 9.500057]
step:13660000; t = 9.8152e+04; dt = 7.1866e-03; 98.2 %
             [Mach = 9.500057]
step:13670000; t = 9.8224e+04; dt = 7.1866e-03; 98.2 %
             [Mach = 9.500057]
> Writing file #393 (dbl) to disk...
  [ 0.00 sec ]
step:13680000; t = 9.8296e+04; dt = 7.1866e-03; 98.3 %
             [Mach = 9.500057]
step:13690000; t = 9.8368e+04; dt = 7.1866e-03; 98.4 %
             [Mach = 9.500057]
step:13700000; t = 9.8440e+04; dt = 7.1866e-03; 98.4 %
             [Mach = 9.500057]
> Writing file #394 (dbl) to disk...
  [ 0.00 sec ]
step:13710000; t = 9.8511e+04; dt = 7.1866e-03; 98.5 %
             [Mach = 9.500057]
step:13720000; t = 9.8583e+04; dt = 7.1866e-03; 98.6 %
             [Mach = 9.500057]
step:13730000; t = 9.8655e+04; dt = 7.1866e-03; 98.7 %
             [Mach = 9.500057]
step:13740000; t = 9.8727e+04; dt = 7.1866e-03; 98.7 %
             [Mach = 9.500057]
> Writing file #395 (dbl) to disk...
  [ 0.00 sec ]
step:13750000; t = 9.8799e+04; dt = 7.1866e-03; 98.8 %
             [Mach = 9.500057]
step:13760000; t = 9.8871e+04; dt = 7.1866e-03; 98.9 %
             [Mach = 9.500057]
step:13770000; t = 9.8943e+04; dt = 7.1866e-03; 98.9 %
             [Mach = 9.500057]
> Writing file #396 (dbl) to disk...
  [ 0.00 sec ]
step:13780000; t = 9.9015e+04; dt = 7.1866e-03; 99.0 %
             [Mach = 9.500057]
step:13790000; t = 9.9086e+04; dt = 7.1866e-03; 99.1 %
             [Mach = 9.500057]
step:13800000; t = 9.9158e+04; dt = 7.1866e-03; 99.2 %
             [Mach = 9.500057]
step:13810000; t = 9.9230e+04; dt = 7.1866e-03; 99.2 %
             [Mach = 9.500057]
> Writing file #397 (dbl) to disk...
  [ 0.00 sec ]
step:13820000; t = 9.9302e+04; dt = 7.1866e-03; 99.3 %
             [Mach = 9.500057]
step:13830000; t = 9.9374e+04; dt = 7.1866e-03; 99.4 %
             [Mach = 9.500057]
step:13840000; t = 9.9446e+04; dt = 7.1866e-03; 99.4 %
             [Mach = 9.500057]
> Writing file #398 (dbl) to disk...
  [ 0.00 sec ]
step:13850000; t = 9.9518e+04; dt = 7.1866e-03; 99.5 %
             [Mach = 9.500057]
step:13860000; t = 9.9589e+04; dt = 7.1866e-03; 99.6 %
             [Mach = 9.500057]
step:13870000; t = 9.9661e+04; dt = 7.1866e-03; 99.7 %
             [Mach = 9.500057]
step:13880000; t = 9.9733e+04; dt = 7.1866e-03; 99.7 %
             [Mach = 9.500057]
> Writing file #399 (dbl) to disk...
  [ 0.00 sec ]
step:13890000; t = 9.9805e+04; dt = 7.1866e-03; 99.8 %
             [Mach = 9.500057]
step:13900000; t = 9.9877e+04; dt = 7.1866e-03; 99.9 %
             [Mach = 9.500057]
step:13910000; t = 9.9949e+04; dt = 7.1866e-03; 99.9 %
             [Mach = 9.500057]
> Writing file #400 (dbl) to disk...
  [ 0.00 sec ]

> Total allocated memory    1.05 Mb (proc #0)
> Elapsed time              0d:0h:33m:43s
> Average time/step         1.45e-04  (sec)  
> Local time                Wed Jul 15 23:14:18 2026
> Done
