
   ___  __   __  ____________   
  / _ \/ /  / / / /_  __/ __ \ 
 / ___/ /__/ /_/ / / / / /_/ /  
/_/  /____/\____/ /_/  \____/   
=============================    v. 4.4-patch4 (Jun 2026)  

> System:

  sysconf.out file not found... 

  - Basic data type size (Bytes):
    o sizeof (char)     = 1
    o sizeof (uchar)    = 1
    o sizeof (uint16_t) = 2
    o sizeof (short)    = 2
    o sizeof (ushort)   = 2
    o sizeof (int)      = 4
    o sizeof (long)     = 8
    o sizeof (*int)     = 8
    o sizeof (float)    = 4
    o sizeof (double)   = 8
    o sizeof (*double)  = 8

  - Structure data type (Bytes):
    o sizeof (cmdLine)    = 64
    o sizeof (Data)       = 272
    o sizeof (Grid)       = 1024
    o sizeof (Float_Vect) = 12
    o sizeof (Image)      = 856
    o sizeof (Output)     = 1768
    o sizeof (RGB)        = 3
    o sizeof (Runtime)    = 47008
    o sizeof (Restart)    = 128
    o sizeof (timeStep)   = 144
    o sizeof (RBox)       = 112
    o sizeof (State)      = 128
    o sizeof (Sweep)      = 568

> Local time:       Wed Jul 15 23:14:19 2026

> Cmd line args:    -dec 8 

> Header configuration:

  PHYSICS:          RHD
  DIMENSIONS:       1
  GEOMETRY:         Spherical
  BODY_FORCE:       EXPLICIT
  RECONSTRUCTION:   Linear  (Primitive lim)
  TIME STEPPING:    Runge-Kutta II
  TRACERS:          0
  VARIABLES:        6
  ENTROPY_SWITCH:   ENABLED
  LOADED MODULES:

  ROTATION:         NO
  EOS:              Ideal

> Runtime configuration (pluto.ini):

  +----------------------------------------------------------
  | [Grid]
  | X1-grid    2    11.00    200    u    12.00    1850    s    10000.0
  | X2-grid    1    0.0    	1      u    1.0
  | X3-grid    1    0.0   	1      u    1.0
  | 
  | [Chombo Refinement]
  | 
  | Levels           4
  | Ref_ratio        2 2 2 2 2 
  | Regrid_interval  2 2 2 2 
  | Refine_thresh    0.3
  | Tag_buffer_size  3
  | Block_factor     8
  | Max_grid_size    64
  | Fill_ratio       0.75
  | 
  | [Time]
  | 
  | CFL              0.4
  | CFL_max_var      1.1
  | tstop            100000.0
  | first_dt         1.0e-6
  | 
  | [Solver]
  | 
  | Solver        tvdlf
  | 
  | [Boundary]
  | 
  | X1-beg        axisymmetric
  | X1-end        outflow
  | X2-beg        outflow
  | X2-end        outflow
  | X3-beg        outflow
  | X3-end        outflow
  | 
  | [Static Grid Output]
  | 
  | uservar    0
  | dbl        250.0  -1   single_file
  | flt       -1.0  -1   single_file
  | vtk       -1.0  -1   single_file
  | dbl.h5    -1.0  -1
  | flt.h5    -1.0  -1
  | tab       -1.0  -1   
  | ppm       -1.0  -1   
  | png       -1.0  -1
  | log        10000
  | analysis  -1.0  -1
  | 
  | [Chombo HDF5 output]
  | 
  | Checkpoint_interval  -1.0  0
  | Plot_interval         1.0  0 
  | 
  | [Particles]
  | 
  | Nparticles          -1     1
  | particles_dbl        1.0  -1
  | particles_flt       -1.0  -1
  | particles_vtk       -1.0  -1
  | particles_tab       -1.0  -1
  | 
  | [Parameters]
  | 
  | M_NS                        1.2  
  | GAMMA                       1.333333333333  
  | RHO_IN                      1.0e8  
  | V_IN                        0.07  
  | V_INF                       0.25  
  +---------------------------------------------------------

> Generating grid...

     - Stretched grid on dim 0 (ratio: 1.004986)
  Global grid:
  X1: [  11.0000, 10000.0000],   2050 point(s), 2 ghosts

  Local grid:
  X1: [  11.0000,  12.3303],    257 point(s); 2 ghosts; Active zones = [2, 258]

> Memory allocation
> Assigning initial conditions (Startup) ...
> Normalization Units:

  [Density]:      1.000e+07 (gr/cm^3), 5.979e+30 (1/cm^3)
  [Pressure]:     8.988e+27 (dyne/cm^2)
  [Velocity]:     2.998e+10 (cm/s)
  [Length]:       1.000e+05 (cm)
  [Temperature]:  1.081e+13 X (p/rho*mu) (K)
  [Time]:         3.336e-06 (sec), 1.058e-13 (yrs) 
 
> Number of processors: 8
> Proc size:            257
> Parallel Directions:  X1
> Writing file #0 (dbl) to disk...
  [ 0.00 sec ]
> Starting computation... 

step:0; t = 0.0000e+00; dt = 1.0000e-06; 0.0 %
        [Mach = 22.445022]
step:10000; t = 7.0259e+01; dt = 7.1475e-03; 0.1 %
            [Mach = 22.446892]
step:20000; t = 1.4198e+02; dt = 7.1914e-03; 0.1 %
            [Mach = 22.446597]
step:30000; t = 2.1403e+02; dt = 7.2173e-03; 0.2 %
            [Mach = 22.444477]
> Writing file #1 (dbl) to disk...
  [ 0.00 sec ]
step:40000; t = 2.8630e+02; dt = 7.2361e-03; 0.3 %
            [Mach = 22.440918]
step:50000; t = 3.5874e+02; dt = 7.2506e-03; 0.4 %
            [Mach = 22.436268]
step:60000; t = 4.3130e+02; dt = 7.2622e-03; 0.4 %
            [Mach = 22.430823]
> Writing file #2 (dbl) to disk...
  [ 0.00 sec ]
step:70000; t = 5.0398e+02; dt = 7.2716e-03; 0.5 %
            [Mach = 22.424819]
step:80000; t = 5.7673e+02; dt = 7.2794e-03; 0.6 %
            [Mach = 22.418439]
step:90000; t = 6.4956e+02; dt = 7.2858e-03; 0.6 %
            [Mach = 22.411814]
step:100000; t = 7.2244e+02; dt = 7.2913e-03; 0.7 %
             [Mach = 22.405036]
> Writing file #3 (dbl) to disk...
  [ 0.00 sec ]
step:110000; t = 7.9538e+02; dt = 7.2959e-03; 0.8 %
             [Mach = 22.398169]
step:120000; t = 8.6836e+02; dt = 7.2998e-03; 0.9 %
             [Mach = 22.391250]
step:130000; t = 9.4138e+02; dt = 7.3032e-03; 0.9 %
             [Mach = 22.384302]
> Writing file #4 (dbl) to disk...
  [ 0.00 sec ]
step:140000; t = 1.0144e+03; dt = 7.3061e-03; 1.0 %
             [Mach = 22.377337]
step:150000; t = 1.0875e+03; dt = 7.3086e-03; 1.1 %
             [Mach = 22.370362]
step:160000; t = 1.1606e+03; dt = 7.3108e-03; 1.2 %
             [Mach = 22.363378]
step:170000; t = 1.2337e+03; dt = 7.3127e-03; 1.2 %
             [Mach = 22.356385]
> Writing file #5 (dbl) to disk...
  [ 0.00 sec ]
step:180000; t = 1.3068e+03; dt = 7.3143e-03; 1.3 %
             [Mach = 22.349382]
step:190000; t = 1.3800e+03; dt = 7.3158e-03; 1.4 %
             [Mach = 22.342369]
step:200000; t = 1.4532e+03; dt = 7.3170e-03; 1.5 %
             [Mach = 22.335345]
> Writing file #6 (dbl) to disk...
  [ 0.00 sec ]
step:210000; t = 1.5263e+03; dt = 7.3181e-03; 1.5 %
             [Mach = 22.328309]
step:220000; t = 1.5995e+03; dt = 7.3191e-03; 1.6 %
             [Mach = 22.321261]
step:230000; t = 1.6727e+03; dt = 7.3200e-03; 1.7 %
             [Mach = 22.314202]
step:240000; t = 1.7459e+03; dt = 7.3207e-03; 1.7 %
             [Mach = 22.307130]
> Writing file #7 (dbl) to disk...
  [ 0.00 sec ]
step:250000; t = 1.8191e+03; dt = 7.3214e-03; 1.8 %
             [Mach = 22.300047]
step:260000; t = 1.8923e+03; dt = 7.3220e-03; 1.9 %
             [Mach = 22.292951]
step:270000; t = 1.9656e+03; dt = 7.3225e-03; 2.0 %
             [Mach = 22.285844]
> Writing file #8 (dbl) to disk...
  [ 0.00 sec ]
step:280000; t = 2.0388e+03; dt = 7.3230e-03; 2.0 %
             [Mach = 22.278726]
step:290000; t = 2.1120e+03; dt = 7.3234e-03; 2.1 %
             [Mach = 22.271596]
step:300000; t = 2.1853e+03; dt = 7.3238e-03; 2.2 %
             [Mach = 22.264454]
> Writing file #9 (dbl) to disk...
  [ 0.00 sec ]
step:310000; t = 2.2585e+03; dt = 7.3241e-03; 2.3 %
             [Mach = 22.257301]
step:320000; t = 2.3318e+03; dt = 7.3244e-03; 2.3 %
             [Mach = 22.250136]
step:330000; t = 2.4050e+03; dt = 7.3247e-03; 2.4 %
             [Mach = 22.242960]
step:340000; t = 2.4782e+03; dt = 7.3249e-03; 2.5 %
             [Mach = 22.235773]
> Writing file #10 (dbl) to disk...
  [ 0.00 sec ]
step:350000; t = 2.5515e+03; dt = 7.3251e-03; 2.6 %
             [Mach = 22.228573]
step:360000; t = 2.6247e+03; dt = 7.3253e-03; 2.6 %
             [Mach = 22.221362]
step:370000; t = 2.6980e+03; dt = 7.3255e-03; 2.7 %
             [Mach = 22.214140]
> Writing file #11 (dbl) to disk...
  [ 0.00 sec ]
step:380000; t = 2.7713e+03; dt = 7.3256e-03; 2.8 %
             [Mach = 22.206906]
step:390000; t = 2.8445e+03; dt = 7.3257e-03; 2.8 %
             [Mach = 22.199660]
step:400000; t = 2.9178e+03; dt = 7.3258e-03; 2.9 %
             [Mach = 22.192402]
step:410000; t = 2.9910e+03; dt = 7.3259e-03; 3.0 %
             [Mach = 22.185133]
> Writing file #12 (dbl) to disk...
  [ 0.00 sec ]
step:420000; t = 3.0643e+03; dt = 7.3260e-03; 3.1 %
             [Mach = 22.177852]
step:430000; t = 3.1375e+03; dt = 7.3261e-03; 3.1 %
             [Mach = 22.170560]
step:440000; t = 3.2108e+03; dt = 7.3262e-03; 3.2 %
             [Mach = 22.163255]
> Writing file #13 (dbl) to disk...
  [ 0.00 sec ]
step:450000; t = 3.2841e+03; dt = 7.3263e-03; 3.3 %
             [Mach = 22.155939]
step:460000; t = 3.3573e+03; dt = 7.3263e-03; 3.4 %
             [Mach = 22.148610]
step:470000; t = 3.4306e+03; dt = 7.3264e-03; 3.4 %
             [Mach = 22.141270]
> Writing file #14 (dbl) to disk...
  [ 0.00 sec ]
step:480000; t = 3.5039e+03; dt = 7.3264e-03; 3.5 %
             [Mach = 22.133918]
step:490000; t = 3.5771e+03; dt = 7.3265e-03; 3.6 %
             [Mach = 22.126554]
step:500000; t = 3.6504e+03; dt = 7.3265e-03; 3.7 %
             [Mach = 22.119178]
step:510000; t = 3.7237e+03; dt = 7.3265e-03; 3.7 %
             [Mach = 22.111790]
> Writing file #15 (dbl) to disk...
  [ 0.00 sec ]
step:520000; t = 3.7969e+03; dt = 7.3266e-03; 3.8 %
             [Mach = 22.104390]
step:530000; t = 3.8702e+03; dt = 7.3266e-03; 3.9 %
             [Mach = 22.096977]
step:540000; t = 3.9435e+03; dt = 7.3266e-03; 3.9 %
             [Mach = 22.089553]
> Writing file #16 (dbl) to disk...
  [ 0.00 sec ]
step:550000; t = 4.0167e+03; dt = 7.3266e-03; 4.0 %
             [Mach = 22.082116]
step:560000; t = 4.0900e+03; dt = 7.3266e-03; 4.1 %
             [Mach = 22.074667]
step:570000; t = 4.1633e+03; dt = 7.3267e-03; 4.2 %
             [Mach = 22.067205]
step:580000; t = 4.2365e+03; dt = 7.3267e-03; 4.2 %
             [Mach = 22.059732]
> Writing file #17 (dbl) to disk...
  [ 0.00 sec ]
step:590000; t = 4.3098e+03; dt = 7.3267e-03; 4.3 %
             [Mach = 22.052246]
step:600000; t = 4.3831e+03; dt = 7.3267e-03; 4.4 %
             [Mach = 22.044747]
step:610000; t = 4.4563e+03; dt = 7.3267e-03; 4.5 %
             [Mach = 22.037236]
> Writing file #18 (dbl) to disk...
  [ 0.00 sec ]
step:620000; t = 4.5296e+03; dt = 7.3267e-03; 4.5 %
             [Mach = 22.029713]
step:630000; t = 4.6029e+03; dt = 7.3267e-03; 4.6 %
             [Mach = 22.022177]
step:640000; t = 4.6761e+03; dt = 7.3267e-03; 4.7 %
             [Mach = 22.014628]
step:650000; t = 4.7494e+03; dt = 7.3267e-03; 4.7 %
             [Mach = 22.007067]
> Writing file #19 (dbl) to disk...
  [ 0.00 sec ]
step:660000; t = 4.8227e+03; dt = 7.3267e-03; 4.8 %
             [Mach = 21.999492]
step:670000; t = 4.8959e+03; dt = 7.3268e-03; 4.9 %
             [Mach = 21.991906]
step:680000; t = 4.9692e+03; dt = 7.3268e-03; 5.0 %
             [Mach = 21.984306]
> Writing file #20 (dbl) to disk...
  [ 0.00 sec ]
step:690000; t = 5.0425e+03; dt = 7.3268e-03; 5.0 %
             [Mach = 21.976694]
step:700000; t = 5.1157e+03; dt = 7.3268e-03; 5.1 %
             [Mach = 21.969068]
step:710000; t = 5.1890e+03; dt = 7.3268e-03; 5.2 %
             [Mach = 21.961430]
> Writing file #21 (dbl) to disk...
  [ 0.00 sec ]
step:720000; t = 5.2623e+03; dt = 7.3268e-03; 5.3 %
             [Mach = 21.953779]
step:730000; t = 5.3355e+03; dt = 7.3268e-03; 5.3 %
             [Mach = 21.946115]
step:740000; t = 5.4088e+03; dt = 7.3268e-03; 5.4 %
             [Mach = 21.938437]
step:750000; t = 5.4821e+03; dt = 7.3268e-03; 5.5 %
             [Mach = 21.930747]
> Writing file #22 (dbl) to disk...
  [ 0.00 sec ]
step:760000; t = 5.5553e+03; dt = 7.3268e-03; 5.6 %
             [Mach = 21.923043]
step:770000; t = 5.6286e+03; dt = 7.3268e-03; 5.6 %
             [Mach = 21.915326]
step:780000; t = 5.7019e+03; dt = 7.3268e-03; 5.7 %
             [Mach = 21.907596]
> Writing file #23 (dbl) to disk...
  [ 0.00 sec ]
step:790000; t = 5.7751e+03; dt = 7.3268e-03; 5.8 %
             [Mach = 21.899853]
step:800000; t = 5.8484e+03; dt = 7.3268e-03; 5.8 %
             [Mach = 21.892096]
step:810000; t = 5.9217e+03; dt = 7.3268e-03; 5.9 %
             [Mach = 21.884326]
step:820000; t = 5.9949e+03; dt = 7.3268e-03; 6.0 %
             [Mach = 21.876542]
> Writing file #24 (dbl) to disk...
  [ 0.00 sec ]
step:830000; t = 6.0682e+03; dt = 7.3268e-03; 6.1 %
             [Mach = 21.868745]
step:840000; t = 6.1415e+03; dt = 7.3268e-03; 6.1 %
             [Mach = 21.860934]
step:850000; t = 6.2147e+03; dt = 7.3268e-03; 6.2 %
             [Mach = 21.853110]
> Writing file #25 (dbl) to disk...
  [ 0.00 sec ]
step:860000; t = 6.2880e+03; dt = 7.3268e-03; 6.3 %
             [Mach = 21.845272]
step:870000; t = 6.3613e+03; dt = 7.3268e-03; 6.4 %
             [Mach = 21.837420]
step:880000; t = 6.4345e+03; dt = 7.3268e-03; 6.4 %
             [Mach = 21.829554]
> Writing file #26 (dbl) to disk...
  [ 0.00 sec ]
step:890000; t = 6.5078e+03; dt = 7.3268e-03; 6.5 %
             [Mach = 21.821675]
step:900000; t = 6.5811e+03; dt = 7.3268e-03; 6.6 %
             [Mach = 21.813781]
step:910000; t = 6.6544e+03; dt = 7.3268e-03; 6.7 %
             [Mach = 21.805874]
step:920000; t = 6.7276e+03; dt = 7.3268e-03; 6.7 %
             [Mach = 21.797953]
> Writing file #27 (dbl) to disk...
  [ 0.00 sec ]
step:930000; t = 6.8009e+03; dt = 7.3268e-03; 6.8 %
             [Mach = 21.790017]
step:940000; t = 6.8742e+03; dt = 7.3268e-03; 6.9 %
             [Mach = 21.782068]
step:950000; t = 6.9474e+03; dt = 7.3268e-03; 6.9 %
             [Mach = 21.774104]
> Writing file #28 (dbl) to disk...
  [ 0.00 sec ]
step:960000; t = 7.0207e+03; dt = 7.3268e-03; 7.0 %
             [Mach = 21.766127]
step:970000; t = 7.0940e+03; dt = 7.3268e-03; 7.1 %
             [Mach = 21.758135]
step:980000; t = 7.1672e+03; dt = 7.3268e-03; 7.2 %
             [Mach = 21.750128]
step:990000; t = 7.2405e+03; dt = 7.3268e-03; 7.2 %
             [Mach = 21.742107]
> Writing file #29 (dbl) to disk...
  [ 0.00 sec ]
step:1000000; t = 7.3138e+03; dt = 7.3268e-03; 7.3 %
             [Mach = 21.734072]
step:1010000; t = 7.3870e+03; dt = 7.3268e-03; 7.4 %
             [Mach = 21.726022]
step:1020000; t = 7.4603e+03; dt = 7.3268e-03; 7.5 %
             [Mach = 21.717958]
> Writing file #30 (dbl) to disk...
  [ 0.00 sec ]
step:1030000; t = 7.5336e+03; dt = 7.3268e-03; 7.5 %
             [Mach = 21.709879]
step:1040000; t = 7.6068e+03; dt = 7.3268e-03; 7.6 %
             [Mach = 21.701786]
step:1050000; t = 7.6801e+03; dt = 7.3268e-03; 7.7 %
             [Mach = 21.693677]
> Writing file #31 (dbl) to disk...
  [ 0.00 sec ]
step:1060000; t = 7.7534e+03; dt = 7.3268e-03; 7.8 %
             [Mach = 21.685554]
step:1070000; t = 7.8266e+03; dt = 7.3268e-03; 7.8 %
             [Mach = 21.677416]
step:1080000; t = 7.8999e+03; dt = 7.3268e-03; 7.9 %
             [Mach = 21.669264]
step:1090000; t = 7.9732e+03; dt = 7.3268e-03; 8.0 %
             [Mach = 21.661096]
> Writing file #32 (dbl) to disk...
  [ 0.00 sec ]
step:1100000; t = 8.0464e+03; dt = 7.3268e-03; 8.0 %
             [Mach = 21.652913]
step:1110000; t = 8.1197e+03; dt = 7.3268e-03; 8.1 %
             [Mach = 21.644715]
step:1120000; t = 8.1930e+03; dt = 7.3268e-03; 8.2 %
             [Mach = 21.636502]
> Writing file #33 (dbl) to disk...
  [ 0.00 sec ]
step:1130000; t = 8.2662e+03; dt = 7.3268e-03; 8.3 %
             [Mach = 21.628274]
step:1140000; t = 8.3395e+03; dt = 7.3268e-03; 8.3 %
             [Mach = 21.620030]
step:1150000; t = 8.4128e+03; dt = 7.3268e-03; 8.4 %
             [Mach = 21.611771]
step:1160000; t = 8.4860e+03; dt = 7.3268e-03; 8.5 %
             [Mach = 21.603497]
> Writing file #34 (dbl) to disk...
  [ 0.00 sec ]
step:1170000; t = 8.5593e+03; dt = 7.3268e-03; 8.6 %
             [Mach = 21.595208]
step:1180000; t = 8.6326e+03; dt = 7.3268e-03; 8.6 %
             [Mach = 21.586902]
step:1190000; t = 8.7059e+03; dt = 7.3268e-03; 8.7 %
             [Mach = 21.578582]
> Writing file #35 (dbl) to disk...
  [ 0.00 sec ]
step:1200000; t = 8.7791e+03; dt = 7.3268e-03; 8.8 %
             [Mach = 21.570245]
step:1210000; t = 8.8524e+03; dt = 7.3268e-03; 8.9 %
             [Mach = 21.561893]
step:1220000; t = 8.9257e+03; dt = 7.3268e-03; 8.9 %
             [Mach = 21.553525]
step:1230000; t = 8.9989e+03; dt = 7.3268e-03; 9.0 %
             [Mach = 21.545141]
> Writing file #36 (dbl) to disk...
  [ 0.00 sec ]
step:1240000; t = 9.0722e+03; dt = 7.3268e-03; 9.1 %
             [Mach = 21.536742]
step:1250000; t = 9.1455e+03; dt = 7.3268e-03; 9.1 %
             [Mach = 21.528326]
step:1260000; t = 9.2187e+03; dt = 7.3268e-03; 9.2 %
             [Mach = 21.519895]
> Writing file #37 (dbl) to disk...
  [ 0.00 sec ]
step:1270000; t = 9.2920e+03; dt = 7.3268e-03; 9.3 %
             [Mach = 21.511447]
step:1280000; t = 9.3653e+03; dt = 7.3268e-03; 9.4 %
             [Mach = 21.502983]
step:1290000; t = 9.4385e+03; dt = 7.3268e-03; 9.4 %
             [Mach = 21.494503]
> Writing file #38 (dbl) to disk...
  [ 0.00 sec ]
step:1300000; t = 9.5118e+03; dt = 7.3268e-03; 9.5 %
             [Mach = 21.486006]
step:1310000; t = 9.5851e+03; dt = 7.3268e-03; 9.6 %
             [Mach = 21.477493]
step:1320000; t = 9.6583e+03; dt = 7.3268e-03; 9.7 %
             [Mach = 21.468964]
step:1330000; t = 9.7316e+03; dt = 7.3268e-03; 9.7 %
             [Mach = 21.460418]
> Writing file #39 (dbl) to disk...
  [ 0.00 sec ]
step:1340000; t = 9.8049e+03; dt = 7.3268e-03; 9.8 %
             [Mach = 21.451856]
step:1350000; t = 9.8781e+03; dt = 7.3268e-03; 9.9 %
             [Mach = 21.443277]
step:1360000; t = 9.9514e+03; dt = 7.3268e-03; 10.0 %
             [Mach = 21.434681]
> Writing file #40 (dbl) to disk...
  [ 0.00 sec ]
step:1370000; t = 1.0025e+04; dt = 7.3268e-03; 10.0 %
             [Mach = 21.426069]
step:1380000; t = 1.0098e+04; dt = 7.3268e-03; 10.1 %
             [Mach = 21.417439]
step:1390000; t = 1.0171e+04; dt = 7.3268e-03; 10.2 %
             [Mach = 21.408793]
step:1400000; t = 1.0244e+04; dt = 7.3268e-03; 10.2 %
             [Mach = 21.400129]
> Writing file #41 (dbl) to disk...
  [ 0.00 sec ]
step:1410000; t = 1.0318e+04; dt = 7.3268e-03; 10.3 %
             [Mach = 21.391449]
step:1420000; t = 1.0391e+04; dt = 7.3268e-03; 10.4 %
             [Mach = 21.382751]
step:1430000; t = 1.0464e+04; dt = 7.3268e-03; 10.5 %
             [Mach = 21.374037]
> Writing file #42 (dbl) to disk...
  [ 0.00 sec ]
step:1440000; t = 1.0538e+04; dt = 7.3268e-03; 10.5 %
             [Mach = 21.365304]
step:1450000; t = 1.0611e+04; dt = 7.3268e-03; 10.6 %
             [Mach = 21.356555]
step:1460000; t = 1.0684e+04; dt = 7.3268e-03; 10.7 %
             [Mach = 21.347788]
> Writing file #43 (dbl) to disk...
  [ 0.00 sec ]
step:1470000; t = 1.0757e+04; dt = 7.3268e-03; 10.8 %
             [Mach = 21.339003]
step:1480000; t = 1.0831e+04; dt = 7.3268e-03; 10.8 %
             [Mach = 21.330201]
step:1490000; t = 1.0904e+04; dt = 7.3268e-03; 10.9 %
             [Mach = 21.321381]
step:1500000; t = 1.0977e+04; dt = 7.3268e-03; 11.0 %
             [Mach = 21.312544]
> Writing file #44 (dbl) to disk...
  [ 0.00 sec ]
step:1510000; t = 1.1050e+04; dt = 7.3268e-03; 11.1 %
             [Mach = 21.303688]
step:1520000; t = 1.1124e+04; dt = 7.3268e-03; 11.1 %
             [Mach = 21.294815]
step:1530000; t = 1.1197e+04; dt = 7.3268e-03; 11.2 %
             [Mach = 21.285924]
> Writing file #45 (dbl) to disk...
  [ 0.00 sec ]
step:1540000; t = 1.1270e+04; dt = 7.3268e-03; 11.3 %
             [Mach = 21.277014]
step:1550000; t = 1.1344e+04; dt = 7.3268e-03; 11.3 %
             [Mach = 21.268087]
step:1560000; t = 1.1417e+04; dt = 7.3268e-03; 11.4 %
             [Mach = 21.259141]
step:1570000; t = 1.1490e+04; dt = 7.3268e-03; 11.5 %
             [Mach = 21.250177]
> Writing file #46 (dbl) to disk...
  [ 0.00 sec ]
step:1580000; t = 1.1563e+04; dt = 7.3268e-03; 11.6 %
             [Mach = 21.241194]
step:1590000; t = 1.1637e+04; dt = 7.3268e-03; 11.6 %
             [Mach = 21.232193]
step:1600000; t = 1.1710e+04; dt = 7.3268e-03; 11.7 %
             [Mach = 21.223173]
> Writing file #47 (dbl) to disk...
  [ 0.00 sec ]
step:1610000; t = 1.1783e+04; dt = 7.3268e-03; 11.8 %
             [Mach = 21.214135]
step:1620000; t = 1.1856e+04; dt = 7.3268e-03; 11.9 %
             [Mach = 21.205078]
step:1630000; t = 1.1930e+04; dt = 7.3268e-03; 11.9 %
             [Mach = 21.196002]
> Writing file #48 (dbl) to disk...
  [ 0.00 sec ]
step:1640000; t = 1.2003e+04; dt = 7.3268e-03; 12.0 %
             [Mach = 21.186907]
step:1650000; t = 1.2076e+04; dt = 7.3268e-03; 12.1 %
             [Mach = 21.177794]
step:1660000; t = 1.2149e+04; dt = 7.3268e-03; 12.1 %
             [Mach = 21.168661]
step:1670000; t = 1.2223e+04; dt = 7.3268e-03; 12.2 %
             [Mach = 21.159509]
> Writing file #49 (dbl) to disk...
  [ 0.00 sec ]
step:1680000; t = 1.2296e+04; dt = 7.3268e-03; 12.3 %
             [Mach = 21.150337]
step:1690000; t = 1.2369e+04; dt = 7.3268e-03; 12.4 %
             [Mach = 21.141147]
step:1700000; t = 1.2443e+04; dt = 7.3268e-03; 12.4 %
             [Mach = 21.131937]
> Writing file #50 (dbl) to disk...
  [ 0.00 sec ]
step:1710000; t = 1.2516e+04; dt = 7.3268e-03; 12.5 %
             [Mach = 21.122707]
step:1720000; t = 1.2589e+04; dt = 7.3268e-03; 12.6 %
             [Mach = 21.113458]
step:1730000; t = 1.2662e+04; dt = 7.3268e-03; 12.7 %
             [Mach = 21.104189]
step:1740000; t = 1.2736e+04; dt = 7.3268e-03; 12.7 %
             [Mach = 21.094900]
> Writing file #51 (dbl) to disk...
  [ 0.00 sec ]
step:1750000; t = 1.2809e+04; dt = 7.3268e-03; 12.8 %
             [Mach = 21.085591]
step:1760000; t = 1.2882e+04; dt = 7.3268e-03; 12.9 %
             [Mach = 21.076263]
step:1770000; t = 1.2955e+04; dt = 7.3268e-03; 13.0 %
             [Mach = 21.066914]
> Writing file #52 (dbl) to disk...
  [ 0.00 sec ]
step:1780000; t = 1.3029e+04; dt = 7.3268e-03; 13.0 %
             [Mach = 21.057545]
step:1790000; t = 1.3102e+04; dt = 7.3268e-03; 13.1 %
             [Mach = 21.048156]
step:1800000; t = 1.3175e+04; dt = 7.3268e-03; 13.2 %
             [Mach = 21.038747]
step:1810000; t = 1.3248e+04; dt = 7.3268e-03; 13.2 %
             [Mach = 21.029317]
> Writing file #53 (dbl) to disk...
  [ 0.00 sec ]
step:1820000; t = 1.3322e+04; dt = 7.3268e-03; 13.3 %
             [Mach = 21.019866]
step:1830000; t = 1.3395e+04; dt = 7.3268e-03; 13.4 %
             [Mach = 21.010395]
step:1840000; t = 1.3468e+04; dt = 7.3268e-03; 13.5 %
             [Mach = 21.000903]
> Writing file #54 (dbl) to disk...
  [ 0.00 sec ]
step:1850000; t = 1.3542e+04; dt = 7.3268e-03; 13.5 %
             [Mach = 20.991390]
step:1860000; t = 1.3615e+04; dt = 7.3268e-03; 13.6 %
             [Mach = 20.981856]
step:1870000; t = 1.3688e+04; dt = 7.3268e-03; 13.7 %
             [Mach = 20.972301]
> Writing file #55 (dbl) to disk...
  [ 0.00 sec ]
step:1880000; t = 1.3761e+04; dt = 7.3268e-03; 13.8 %
             [Mach = 20.962726]
step:1890000; t = 1.3835e+04; dt = 7.3268e-03; 13.8 %
             [Mach = 20.953128]
step:1900000; t = 1.3908e+04; dt = 7.3268e-03; 13.9 %
             [Mach = 20.943510]
step:1910000; t = 1.3981e+04; dt = 7.3268e-03; 14.0 %
             [Mach = 20.933870]
> Writing file #56 (dbl) to disk...
  [ 0.00 sec ]
step:1920000; t = 1.4054e+04; dt = 7.3268e-03; 14.1 %
             [Mach = 20.924208]
step:1930000; t = 1.4128e+04; dt = 7.3268e-03; 14.1 %
             [Mach = 20.914525]
step:1940000; t = 1.4201e+04; dt = 7.3268e-03; 14.2 %
             [Mach = 20.904819]
> Writing file #57 (dbl) to disk...
  [ 0.00 sec ]
step:1950000; t = 1.4274e+04; dt = 7.3268e-03; 14.3 %
             [Mach = 20.895092]
step:1960000; t = 1.4347e+04; dt = 7.3268e-03; 14.3 %
             [Mach = 20.885343]
step:1970000; t = 1.4421e+04; dt = 7.3268e-03; 14.4 %
             [Mach = 20.875572]
step:1980000; t = 1.4494e+04; dt = 7.3268e-03; 14.5 %
             [Mach = 20.865779]
> Writing file #58 (dbl) to disk...
  [ 0.00 sec ]
step:1990000; t = 1.4567e+04; dt = 7.3268e-03; 14.6 %
             [Mach = 20.855963]
step:2000000; t = 1.4641e+04; dt = 7.3268e-03; 14.6 %
             [Mach = 20.846125]
step:2010000; t = 1.4714e+04; dt = 7.3268e-03; 14.7 %
             [Mach = 20.836264]
> Writing file #59 (dbl) to disk...
  [ 0.00 sec ]
step:2020000; t = 1.4787e+04; dt = 7.3268e-03; 14.8 %
             [Mach = 20.826381]
step:2030000; t = 1.4860e+04; dt = 7.3268e-03; 14.9 %
             [Mach = 20.816475]
step:2040000; t = 1.4934e+04; dt = 7.3268e-03; 14.9 %
             [Mach = 20.806546]
> Writing file #60 (dbl) to disk...
  [ 0.00 sec ]
step:2050000; t = 1.5007e+04; dt = 7.3268e-03; 15.0 %
             [Mach = 20.796594]
step:2060000; t = 1.5080e+04; dt = 7.3268e-03; 15.1 %
             [Mach = 20.786619]
step:2070000; t = 1.5153e+04; dt = 7.3268e-03; 15.2 %
             [Mach = 20.776620]
step:2080000; t = 1.5227e+04; dt = 7.3268e-03; 15.2 %
             [Mach = 20.766598]
> Writing file #61 (dbl) to disk...
  [ 0.00 sec ]
step:2090000; t = 1.5300e+04; dt = 7.3268e-03; 15.3 %
             [Mach = 20.756553]
step:2100000; t = 1.5373e+04; dt = 7.3268e-03; 15.4 %
             [Mach = 20.746484]
step:2110000; t = 1.5447e+04; dt = 7.3268e-03; 15.4 %
             [Mach = 20.736392]
> Writing file #62 (dbl) to disk...
  [ 0.00 sec ]
step:2120000; t = 1.5520e+04; dt = 7.3268e-03; 15.5 %
             [Mach = 20.726275]
step:2130000; t = 1.5593e+04; dt = 7.3268e-03; 15.6 %
             [Mach = 20.716135]
step:2140000; t = 1.5666e+04; dt = 7.3268e-03; 15.7 %
             [Mach = 20.705970]
step:2150000; t = 1.5740e+04; dt = 7.3268e-03; 15.7 %
             [Mach = 20.695782]
> Writing file #63 (dbl) to disk...
  [ 0.00 sec ]
step:2160000; t = 1.5813e+04; dt = 7.3268e-03; 15.8 %
             [Mach = 20.685568]
step:2170000; t = 1.5886e+04; dt = 7.3268e-03; 15.9 %
             [Mach = 20.675331]
step:2180000; t = 1.5959e+04; dt = 7.3268e-03; 16.0 %
             [Mach = 20.665069]
> Writing file #64 (dbl) to disk...
  [ 0.00 sec ]
step:2190000; t = 1.6033e+04; dt = 7.3268e-03; 16.0 %
             [Mach = 20.654782]
step:2200000; t = 1.6106e+04; dt = 7.3268e-03; 16.1 %
             [Mach = 20.644470]
step:2210000; t = 1.6179e+04; dt = 7.3268e-03; 16.2 %
             [Mach = 20.634133]
> Writing file #65 (dbl) to disk...
  [ 0.00 sec ]
step:2220000; t = 1.6252e+04; dt = 7.3268e-03; 16.3 %
             [Mach = 20.623771]
step:2230000; t = 1.6326e+04; dt = 7.3268e-03; 16.3 %
             [Mach = 20.613384]
step:2240000; t = 1.6399e+04; dt = 7.3268e-03; 16.4 %
             [Mach = 20.602972]
step:2250000; t = 1.6472e+04; dt = 7.3268e-03; 16.5 %
             [Mach = 20.592534]
> Writing file #66 (dbl) to disk...
  [ 0.00 sec ]
step:2260000; t = 1.6546e+04; dt = 7.3268e-03; 16.5 %
             [Mach = 20.582070]
step:2270000; t = 1.6619e+04; dt = 7.3268e-03; 16.6 %
             [Mach = 20.571580]
step:2280000; t = 1.6692e+04; dt = 7.3268e-03; 16.7 %
             [Mach = 20.561065]
> Writing file #67 (dbl) to disk...
  [ 0.00 sec ]
step:2290000; t = 1.6765e+04; dt = 7.3268e-03; 16.8 %
             [Mach = 20.550523]
step:2300000; t = 1.6839e+04; dt = 7.3268e-03; 16.8 %
             [Mach = 20.539955]
step:2310000; t = 1.6912e+04; dt = 7.3268e-03; 16.9 %
             [Mach = 20.529361]
step:2320000; t = 1.6985e+04; dt = 7.3268e-03; 17.0 %
             [Mach = 20.518740]
> Writing file #68 (dbl) to disk...
  [ 0.00 sec ]
step:2330000; t = 1.7058e+04; dt = 7.3268e-03; 17.1 %
             [Mach = 20.508093]
step:2340000; t = 1.7132e+04; dt = 7.3268e-03; 17.1 %
             [Mach = 20.497419]
step:2350000; t = 1.7205e+04; dt = 7.3268e-03; 17.2 %
             [Mach = 20.486718]
> Writing file #69 (dbl) to disk...
  [ 0.00 sec ]
step:2360000; t = 1.7278e+04; dt = 7.3268e-03; 17.3 %
             [Mach = 20.475989]
step:2370000; t = 1.7351e+04; dt = 7.3268e-03; 17.4 %
             [Mach = 20.465234]
step:2380000; t = 1.7425e+04; dt = 7.3268e-03; 17.4 %
             [Mach = 20.454451]
step:2390000; t = 1.7498e+04; dt = 7.3268e-03; 17.5 %
             [Mach = 20.443641]
> Writing file #70 (dbl) to disk...
  [ 0.00 sec ]
step:2400000; t = 1.7571e+04; dt = 7.3268e-03; 17.6 %
             [Mach = 20.432802]
step:2410000; t = 1.7645e+04; dt = 7.3268e-03; 17.6 %
             [Mach = 20.421936]
step:2420000; t = 1.7718e+04; dt = 7.3268e-03; 17.7 %
             [Mach = 20.411042]
> Writing file #71 (dbl) to disk...
  [ 0.00 sec ]
step:2430000; t = 1.7791e+04; dt = 7.3268e-03; 17.8 %
             [Mach = 20.400120]
step:2440000; t = 1.7864e+04; dt = 7.3268e-03; 17.9 %
             [Mach = 20.389169]
step:2450000; t = 1.7938e+04; dt = 7.3268e-03; 17.9 %
             [Mach = 20.378190]
> Writing file #72 (dbl) to disk...
  [ 0.00 sec ]
step:2460000; t = 1.8011e+04; dt = 7.3268e-03; 18.0 %
             [Mach = 20.367182]
step:2470000; t = 1.8084e+04; dt = 7.3268e-03; 18.1 %
             [Mach = 20.356146]
step:2480000; t = 1.8157e+04; dt = 7.3268e-03; 18.2 %
             [Mach = 20.345080]
step:2490000; t = 1.8231e+04; dt = 7.3268e-03; 18.2 %
             [Mach = 20.333985]
> Writing file #73 (dbl) to disk...
  [ 0.00 sec ]
step:2500000; t = 1.8304e+04; dt = 7.3268e-03; 18.3 %
             [Mach = 20.322861]
step:2510000; t = 1.8377e+04; dt = 7.3268e-03; 18.4 %
             [Mach = 20.311708]
step:2520000; t = 1.8450e+04; dt = 7.3268e-03; 18.5 %
             [Mach = 20.300524]
> Writing file #74 (dbl) to disk...
  [ 0.00 sec ]
step:2530000; t = 1.8524e+04; dt = 7.3268e-03; 18.5 %
             [Mach = 20.289311]
step:2540000; t = 1.8597e+04; dt = 7.3268e-03; 18.6 %
             [Mach = 20.278068]
step:2550000; t = 1.8670e+04; dt = 7.3268e-03; 18.7 %
             [Mach = 20.266795]
step:2560000; t = 1.8744e+04; dt = 7.3268e-03; 18.7 %
             [Mach = 20.255491]
> Writing file #75 (dbl) to disk...
  [ 0.00 sec ]
step:2570000; t = 1.8817e+04; dt = 7.3268e-03; 18.8 %
             [Mach = 20.244157]
step:2580000; t = 1.8890e+04; dt = 7.3268e-03; 18.9 %
             [Mach = 20.232792]
step:2590000; t = 1.8963e+04; dt = 7.3268e-03; 19.0 %
             [Mach = 20.221396]
> Writing file #76 (dbl) to disk...
  [ 0.00 sec ]
step:2600000; t = 1.9037e+04; dt = 7.3268e-03; 19.0 %
             [Mach = 20.209968]
step:2610000; t = 1.9110e+04; dt = 7.3268e-03; 19.1 %
             [Mach = 20.198510]
step:2620000; t = 1.9183e+04; dt = 7.3268e-03; 19.2 %
             [Mach = 20.187020]
> Writing file #77 (dbl) to disk...
  [ 1.00 sec ]
step:2630000; t = 1.9256e+04; dt = 7.3268e-03; 19.3 %
             [Mach = 20.175499]
step:2640000; t = 1.9330e+04; dt = 7.3268e-03; 19.3 %
             [Mach = 20.163945]
step:2650000; t = 1.9403e+04; dt = 7.3268e-03; 19.4 %
             [Mach = 20.152360]
step:2660000; t = 1.9476e+04; dt = 7.3268e-03; 19.5 %
             [Mach = 20.140742]
> Writing file #78 (dbl) to disk...
  [ 0.00 sec ]
step:2670000; t = 1.9550e+04; dt = 7.3268e-03; 19.5 %
             [Mach = 20.129092]
step:2680000; t = 1.9623e+04; dt = 7.3268e-03; 19.6 %
             [Mach = 20.117409]
step:2690000; t = 1.9696e+04; dt = 7.3268e-03; 19.7 %
             [Mach = 20.105694]
> Writing file #79 (dbl) to disk...
  [ 0.00 sec ]
step:2700000; t = 1.9769e+04; dt = 7.3268e-03; 19.8 %
             [Mach = 20.093945]
step:2710000; t = 1.9843e+04; dt = 7.3268e-03; 19.8 %
             [Mach = 20.082163]
step:2720000; t = 1.9916e+04; dt = 7.3268e-03; 19.9 %
             [Mach = 20.070348]
step:2730000; t = 1.9989e+04; dt = 7.3268e-03; 20.0 %
             [Mach = 20.058499]
> Writing file #80 (dbl) to disk...
  [ 0.00 sec ]
step:2740000; t = 2.0062e+04; dt = 7.3268e-03; 20.1 %
             [Mach = 20.046616]
step:2750000; t = 2.0136e+04; dt = 7.3268e-03; 20.1 %
             [Mach = 20.034699]
step:2760000; t = 2.0209e+04; dt = 7.3268e-03; 20.2 %
             [Mach = 20.022747]
> Writing file #81 (dbl) to disk...
  [ 0.00 sec ]
step:2770000; t = 2.0282e+04; dt = 7.3268e-03; 20.3 %
             [Mach = 20.010761]
step:2780000; t = 2.0355e+04; dt = 7.3268e-03; 20.4 %
             [Mach = 19.998741]
step:2790000; t = 2.0429e+04; dt = 7.3268e-03; 20.4 %
             [Mach = 19.986685]
> Writing file #82 (dbl) to disk...
  [ 0.00 sec ]
step:2800000; t = 2.0502e+04; dt = 7.3268e-03; 20.5 %
             [Mach = 19.974595]
step:2810000; t = 2.0575e+04; dt = 7.3268e-03; 20.6 %
             [Mach = 19.962468]
step:2820000; t = 2.0649e+04; dt = 7.3268e-03; 20.6 %
             [Mach = 19.950307]
step:2830000; t = 2.0722e+04; dt = 7.3268e-03; 20.7 %
             [Mach = 19.938109]
> Writing file #83 (dbl) to disk...
  [ 0.00 sec ]
step:2840000; t = 2.0795e+04; dt = 7.3268e-03; 20.8 %
             [Mach = 19.925875]
step:2850000; t = 2.0868e+04; dt = 7.3268e-03; 20.9 %
             [Mach = 19.913605]
step:2860000; t = 2.0942e+04; dt = 7.3268e-03; 20.9 %
             [Mach = 19.901298]
> Writing file #84 (dbl) to disk...
  [ 0.00 sec ]
step:2870000; t = 2.1015e+04; dt = 7.3268e-03; 21.0 %
             [Mach = 19.888955]
step:2880000; t = 2.1088e+04; dt = 7.3268e-03; 21.1 %
             [Mach = 19.876574]
step:2890000; t = 2.1161e+04; dt = 7.3268e-03; 21.2 %
             [Mach = 19.864156]
step:2900000; t = 2.1235e+04; dt = 7.3268e-03; 21.2 %
             [Mach = 19.851701]
> Writing file #85 (dbl) to disk...
  [ 0.00 sec ]
step:2910000; t = 2.1308e+04; dt = 7.3268e-03; 21.3 %
             [Mach = 19.839208]
step:2920000; t = 2.1381e+04; dt = 7.3268e-03; 21.4 %
             [Mach = 19.826677]
step:2930000; t = 2.1454e+04; dt = 7.3268e-03; 21.5 %
             [Mach = 19.814107]
> Writing file #86 (dbl) to disk...
  [ 0.00 sec ]
step:2940000; t = 2.1528e+04; dt = 7.3268e-03; 21.5 %
             [Mach = 19.801499]
step:2950000; t = 2.1601e+04; dt = 7.3268e-03; 21.6 %
             [Mach = 19.788852]
step:2960000; t = 2.1674e+04; dt = 7.3268e-03; 21.7 %
             [Mach = 19.776166]
step:2970000; t = 2.1748e+04; dt = 7.3268e-03; 21.7 %
             [Mach = 19.763441]
> Writing file #87 (dbl) to disk...
  [ 0.00 sec ]
step:2980000; t = 2.1821e+04; dt = 7.3268e-03; 21.8 %
             [Mach = 19.750676]
step:2990000; t = 2.1894e+04; dt = 7.3268e-03; 21.9 %
             [Mach = 19.737871]
step:3000000; t = 2.1967e+04; dt = 7.3268e-03; 22.0 %
             [Mach = 19.725026]
> Writing file #88 (dbl) to disk...
  [ 0.00 sec ]
step:3010000; t = 2.2041e+04; dt = 7.3268e-03; 22.0 %
             [Mach = 19.712140]
step:3020000; t = 2.2114e+04; dt = 7.3268e-03; 22.1 %
             [Mach = 19.699214]
step:3030000; t = 2.2187e+04; dt = 7.3268e-03; 22.2 %
             [Mach = 19.686247]
> Writing file #89 (dbl) to disk...
  [ 0.00 sec ]
step:3040000; t = 2.2260e+04; dt = 7.3268e-03; 22.3 %
             [Mach = 19.673238]
step:3050000; t = 2.2334e+04; dt = 7.3268e-03; 22.3 %
             [Mach = 19.660188]
step:3060000; t = 2.2407e+04; dt = 7.3268e-03; 22.4 %
             [Mach = 19.647096]
step:3070000; t = 2.2480e+04; dt = 7.3268e-03; 22.5 %
             [Mach = 19.633962]
> Writing file #90 (dbl) to disk...
  [ 0.00 sec ]
step:3080000; t = 2.2553e+04; dt = 7.3268e-03; 22.6 %
             [Mach = 19.620785]
step:3090000; t = 2.2627e+04; dt = 7.3268e-03; 22.6 %
             [Mach = 19.607566]
step:3100000; t = 2.2700e+04; dt = 7.3268e-03; 22.7 %
             [Mach = 19.594303]
> Writing file #91 (dbl) to disk...
  [ 0.00 sec ]
step:3110000; t = 2.2773e+04; dt = 7.3268e-03; 22.8 %
             [Mach = 19.580997]
step:3120000; t = 2.2847e+04; dt = 7.3268e-03; 22.8 %
             [Mach = 19.567648]
step:3130000; t = 2.2920e+04; dt = 7.3268e-03; 22.9 %
             [Mach = 19.554254]
step:3140000; t = 2.2993e+04; dt = 7.3268e-03; 23.0 %
             [Mach = 19.540816]
> Writing file #92 (dbl) to disk...
  [ 0.00 sec ]
step:3150000; t = 2.3066e+04; dt = 7.3268e-03; 23.1 %
             [Mach = 19.527334]
step:3160000; t = 2.3140e+04; dt = 7.3268e-03; 23.1 %
             [Mach = 19.513806]
step:3170000; t = 2.3213e+04; dt = 7.3268e-03; 23.2 %
             [Mach = 19.500233]
> Writing file #93 (dbl) to disk...
  [ 0.00 sec ]
step:3180000; t = 2.3286e+04; dt = 7.3268e-03; 23.3 %
             [Mach = 19.486614]
step:3190000; t = 2.3359e+04; dt = 7.3268e-03; 23.4 %
             [Mach = 19.472950]
step:3200000; t = 2.3433e+04; dt = 7.3268e-03; 23.4 %
             [Mach = 19.459239]
> Writing file #94 (dbl) to disk...
  [ 0.00 sec ]
step:3210000; t = 2.3506e+04; dt = 7.3268e-03; 23.5 %
             [Mach = 19.445481]
step:3220000; t = 2.3579e+04; dt = 7.3268e-03; 23.6 %
             [Mach = 19.431677]
step:3230000; t = 2.3653e+04; dt = 7.3268e-03; 23.7 %
             [Mach = 19.417825]
step:3240000; t = 2.3726e+04; dt = 7.3268e-03; 23.7 %
             [Mach = 19.403925]
> Writing file #95 (dbl) to disk...
  [ 1.00 sec ]
step:3250000; t = 2.3799e+04; dt = 7.3268e-03; 23.8 %
             [Mach = 19.389977]
step:3260000; t = 2.3872e+04; dt = 7.3268e-03; 23.9 %
             [Mach = 19.375980]
step:3270000; t = 2.3946e+04; dt = 7.3268e-03; 23.9 %
             [Mach = 19.361935]
> Writing file #96 (dbl) to disk...
  [ 0.00 sec ]
step:3280000; t = 2.4019e+04; dt = 7.3268e-03; 24.0 %
             [Mach = 19.347841]
step:3290000; t = 2.4092e+04; dt = 7.3268e-03; 24.1 %
             [Mach = 19.333696]
step:3300000; t = 2.4165e+04; dt = 7.3268e-03; 24.2 %
             [Mach = 19.319502]
step:3310000; t = 2.4239e+04; dt = 7.3268e-03; 24.2 %
             [Mach = 19.305258]
> Writing file #97 (dbl) to disk...
  [ 0.00 sec ]
step:3320000; t = 2.4312e+04; dt = 7.3268e-03; 24.3 %
             [Mach = 19.290962]
step:3330000; t = 2.4385e+04; dt = 7.3268e-03; 24.4 %
             [Mach = 19.276616]
step:3340000; t = 2.4458e+04; dt = 7.3268e-03; 24.5 %
             [Mach = 19.262218]
> Writing file #98 (dbl) to disk...
  [ 0.00 sec ]
step:3350000; t = 2.4532e+04; dt = 7.3268e-03; 24.5 %
             [Mach = 19.247768]
step:3360000; t = 2.4605e+04; dt = 7.3268e-03; 24.6 %
             [Mach = 19.233265]
step:3370000; t = 2.4678e+04; dt = 7.3268e-03; 24.7 %
             [Mach = 19.218710]
> Writing file #99 (dbl) to disk...
  [ 0.00 sec ]
step:3380000; t = 2.4752e+04; dt = 7.3268e-03; 24.8 %
             [Mach = 19.204101]
step:3390000; t = 2.4825e+04; dt = 7.3268e-03; 24.8 %
             [Mach = 19.189438]
step:3400000; t = 2.4898e+04; dt = 7.3268e-03; 24.9 %
             [Mach = 19.174722]
step:3410000; t = 2.4971e+04; dt = 7.3268e-03; 25.0 %
             [Mach = 19.159951]
> Writing file #100 (dbl) to disk...
  [ 0.00 sec ]
step:3420000; t = 2.5045e+04; dt = 7.3268e-03; 25.0 %
             [Mach = 19.145124]
step:3430000; t = 2.5118e+04; dt = 7.3268e-03; 25.1 %
             [Mach = 19.130243]
step:3440000; t = 2.5191e+04; dt = 7.3268e-03; 25.2 %
             [Mach = 19.115305]
> Writing file #101 (dbl) to disk...
  [ 0.00 sec ]
step:3450000; t = 2.5264e+04; dt = 7.3268e-03; 25.3 %
             [Mach = 19.100311]
step:3460000; t = 2.5338e+04; dt = 7.3268e-03; 25.3 %
             [Mach = 19.085260]
step:3470000; t = 2.5411e+04; dt = 7.3268e-03; 25.4 %
             [Mach = 19.070152]
step:3480000; t = 2.5484e+04; dt = 7.3268e-03; 25.5 %
             [Mach = 19.054985]
> Writing file #102 (dbl) to disk...
  [ 0.00 sec ]
step:3490000; t = 2.5557e+04; dt = 7.3268e-03; 25.6 %
             [Mach = 19.039761]
step:3500000; t = 2.5631e+04; dt = 7.3268e-03; 25.6 %
             [Mach = 19.024477]
step:3510000; t = 2.5704e+04; dt = 7.3268e-03; 25.7 %
             [Mach = 19.009134]
> Writing file #103 (dbl) to disk...
  [ 0.00 sec ]
step:3520000; t = 2.5777e+04; dt = 7.3268e-03; 25.8 %
             [Mach = 18.993732]
step:3530000; t = 2.5851e+04; dt = 7.3268e-03; 25.9 %
             [Mach = 18.978268]
step:3540000; t = 2.5924e+04; dt = 7.3268e-03; 25.9 %
             [Mach = 18.962744]
step:3550000; t = 2.5997e+04; dt = 7.3268e-03; 26.0 %
             [Mach = 18.947159]
> Writing file #104 (dbl) to disk...
  [ 0.00 sec ]
step:3560000; t = 2.6070e+04; dt = 7.3268e-03; 26.1 %
             [Mach = 18.931511]
step:3570000; t = 2.6144e+04; dt = 7.3268e-03; 26.1 %
             [Mach = 18.915801]
step:3580000; t = 2.6217e+04; dt = 7.3268e-03; 26.2 %
             [Mach = 18.900028]
> Writing file #105 (dbl) to disk...
  [ 0.00 sec ]
step:3590000; t = 2.6290e+04; dt = 7.3268e-03; 26.3 %
             [Mach = 18.884191]
step:3600000; t = 2.6363e+04; dt = 7.3268e-03; 26.4 %
             [Mach = 18.868290]
step:3610000; t = 2.6437e+04; dt = 7.3268e-03; 26.4 %
             [Mach = 18.852323]
> Writing file #106 (dbl) to disk...
  [ 0.00 sec ]
step:3620000; t = 2.6510e+04; dt = 7.3268e-03; 26.5 %
             [Mach = 18.836292]
step:3630000; t = 2.6583e+04; dt = 7.3268e-03; 26.6 %
             [Mach = 18.820194]
step:3640000; t = 2.6657e+04; dt = 7.3268e-03; 26.7 %
             [Mach = 18.804030]
step:3650000; t = 2.6730e+04; dt = 7.3268e-03; 26.7 %
             [Mach = 18.787799]
> Writing file #107 (dbl) to disk...
  [ 0.00 sec ]
step:3660000; t = 2.6803e+04; dt = 7.3268e-03; 26.8 %
             [Mach = 18.771499]
step:3670000; t = 2.6876e+04; dt = 7.3268e-03; 26.9 %
             [Mach = 18.755131]
step:3680000; t = 2.6950e+04; dt = 7.3268e-03; 26.9 %
             [Mach = 18.738694]
> Writing file #108 (dbl) to disk...
  [ 0.00 sec ]
step:3690000; t = 2.7023e+04; dt = 7.3268e-03; 27.0 %
             [Mach = 18.722187]
step:3700000; t = 2.7096e+04; dt = 7.3268e-03; 27.1 %
             [Mach = 18.705610]
step:3710000; t = 2.7169e+04; dt = 7.3268e-03; 27.2 %
             [Mach = 18.688961]
step:3720000; t = 2.7243e+04; dt = 7.3268e-03; 27.2 %
             [Mach = 18.672240]
> Writing file #109 (dbl) to disk...
  [ 0.00 sec ]
step:3730000; t = 2.7316e+04; dt = 7.3268e-03; 27.3 %
             [Mach = 18.655447]
step:3740000; t = 2.7389e+04; dt = 7.3268e-03; 27.4 %
             [Mach = 18.638581]
step:3750000; t = 2.7462e+04; dt = 7.3268e-03; 27.5 %
             [Mach = 18.621640]
> Writing file #110 (dbl) to disk...
  [ 0.00 sec ]
step:3760000; t = 2.7536e+04; dt = 7.3268e-03; 27.5 %
             [Mach = 18.604625]
step:3770000; t = 2.7609e+04; dt = 7.3268e-03; 27.6 %
             [Mach = 18.587534]
step:3780000; t = 2.7682e+04; dt = 7.3268e-03; 27.7 %
             [Mach = 18.570367]
> Writing file #111 (dbl) to disk...
  [ 0.00 sec ]
step:3790000; t = 2.7756e+04; dt = 7.3268e-03; 27.8 %
             [Mach = 18.553123]
step:3800000; t = 2.7829e+04; dt = 7.3268e-03; 27.8 %
             [Mach = 18.535801]
step:3810000; t = 2.7902e+04; dt = 7.3268e-03; 27.9 %
             [Mach = 18.518400]
step:3820000; t = 2.7975e+04; dt = 7.3268e-03; 28.0 %
             [Mach = 18.500919]
> Writing file #112 (dbl) to disk...
  [ 0.00 sec ]
step:3830000; t = 2.8049e+04; dt = 7.3268e-03; 28.0 %
             [Mach = 18.483359]
step:3840000; t = 2.8122e+04; dt = 7.3268e-03; 28.1 %
             [Mach = 18.465717]
step:3850000; t = 2.8195e+04; dt = 7.3268e-03; 28.2 %
             [Mach = 18.447992]
> Writing file #113 (dbl) to disk...
  [ 0.00 sec ]
step:3860000; t = 2.8268e+04; dt = 7.3268e-03; 28.3 %
             [Mach = 18.430184]
step:3870000; t = 2.8342e+04; dt = 7.3268e-03; 28.3 %
             [Mach = 18.412292]
step:3880000; t = 2.8415e+04; dt = 7.3268e-03; 28.4 %
             [Mach = 18.394314]
step:3890000; t = 2.8488e+04; dt = 7.3268e-03; 28.5 %
             [Mach = 18.376248]
> Writing file #114 (dbl) to disk...
  [ 0.00 sec ]
step:3900000; t = 2.8561e+04; dt = 7.3268e-03; 28.6 %
             [Mach = 18.358102]
step:3910000; t = 2.8635e+04; dt = 7.3268e-03; 28.6 %
             [Mach = 18.339873]
step:3920000; t = 2.8708e+04; dt = 7.3268e-03; 28.7 %
             [Mach = 18.321558]
> Writing file #115 (dbl) to disk...
  [ 0.00 sec ]
step:3930000; t = 2.8781e+04; dt = 7.3268e-03; 28.8 %
             [Mach = 18.303154]
step:3940000; t = 2.8855e+04; dt = 7.3268e-03; 28.9 %
             [Mach = 18.284661]
step:3950000; t = 2.8928e+04; dt = 7.3268e-03; 28.9 %
             [Mach = 18.266076]
> Writing file #116 (dbl) to disk...
  [ 0.00 sec ]
step:3960000; t = 2.9001e+04; dt = 7.3268e-03; 29.0 %
             [Mach = 18.247399]
step:3970000; t = 2.9074e+04; dt = 7.3268e-03; 29.1 %
             [Mach = 18.228627]
step:3980000; t = 2.9148e+04; dt = 7.3268e-03; 29.1 %
             [Mach = 18.209761]
step:3990000; t = 2.9221e+04; dt = 7.3268e-03; 29.2 %
             [Mach = 18.190798]
> Writing file #117 (dbl) to disk...
  [ 0.00 sec ]
step:4000000; t = 2.9294e+04; dt = 7.3268e-03; 29.3 %
             [Mach = 18.171738]
step:4010000; t = 2.9367e+04; dt = 7.3268e-03; 29.4 %
             [Mach = 18.152580]
step:4020000; t = 2.9441e+04; dt = 7.3268e-03; 29.4 %
             [Mach = 18.133324]
> Writing file #118 (dbl) to disk...
  [ 0.00 sec ]
step:4030000; t = 2.9514e+04; dt = 7.3268e-03; 29.5 %
             [Mach = 18.113969]
step:4040000; t = 2.9587e+04; dt = 7.3268e-03; 29.6 %
             [Mach = 18.094514]
step:4050000; t = 2.9660e+04; dt = 7.3268e-03; 29.7 %
             [Mach = 18.074956]
step:4060000; t = 2.9734e+04; dt = 7.3268e-03; 29.7 %
             [Mach = 18.055296]
> Writing file #119 (dbl) to disk...
  [ 0.00 sec ]
step:4070000; t = 2.9807e+04; dt = 7.3268e-03; 29.8 %
             [Mach = 18.035532]
step:4080000; t = 2.9880e+04; dt = 7.3268e-03; 29.9 %
             [Mach = 18.015661]
step:4090000; t = 2.9954e+04; dt = 7.3268e-03; 30.0 %
             [Mach = 17.995682]
> Writing file #120 (dbl) to disk...
  [ 0.00 sec ]
step:4100000; t = 3.0027e+04; dt = 7.3268e-03; 30.0 %
             [Mach = 17.975594]
step:4110000; t = 3.0100e+04; dt = 7.3268e-03; 30.1 %
             [Mach = 17.955396]
step:4120000; t = 3.0173e+04; dt = 7.3268e-03; 30.2 %
             [Mach = 17.935085]
step:4130000; t = 3.0247e+04; dt = 7.3268e-03; 30.2 %
             [Mach = 17.914660]
> Writing file #121 (dbl) to disk...
  [ 0.00 sec ]
step:4140000; t = 3.0320e+04; dt = 7.3268e-03; 30.3 %
             [Mach = 17.894119]
step:4150000; t = 3.0393e+04; dt = 7.3268e-03; 30.4 %
             [Mach = 17.873462]
step:4160000; t = 3.0466e+04; dt = 7.3268e-03; 30.5 %
             [Mach = 17.852687]
> Writing file #122 (dbl) to disk...
  [ 0.00 sec ]
step:4170000; t = 3.0540e+04; dt = 7.3268e-03; 30.5 %
             [Mach = 17.831792]
step:4180000; t = 3.0613e+04; dt = 7.3268e-03; 30.6 %
             [Mach = 17.810777]
step:4190000; t = 3.0686e+04; dt = 7.3268e-03; 30.7 %
             [Mach = 17.789639]
> Writing file #123 (dbl) to disk...
  [ 0.00 sec ]
step:4200000; t = 3.0760e+04; dt = 7.3268e-03; 30.8 %
             [Mach = 17.768377]
step:4210000; t = 3.0833e+04; dt = 7.3268e-03; 30.8 %
             [Mach = 17.746989]
step:4220000; t = 3.0906e+04; dt = 7.3268e-03; 30.9 %
             [Mach = 17.725474]
step:4230000; t = 3.0979e+04; dt = 7.3268e-03; 31.0 %
             [Mach = 17.703828]
> Writing file #124 (dbl) to disk...
  [ 0.00 sec ]
step:4240000; t = 3.1053e+04; dt = 7.3268e-03; 31.1 %
             [Mach = 17.682043]
step:4250000; t = 3.1126e+04; dt = 7.3268e-03; 31.1 %
             [Mach = 17.660120]
step:4260000; t = 3.1199e+04; dt = 7.3268e-03; 31.2 %
             [Mach = 17.638059]
> Writing file #125 (dbl) to disk...
  [ 0.00 sec ]
step:4270000; t = 3.1272e+04; dt = 7.3268e-03; 31.3 %
             [Mach = 17.615859]
step:4280000; t = 3.1346e+04; dt = 7.3268e-03; 31.3 %
             [Mach = 17.593521]
step:4290000; t = 3.1419e+04; dt = 7.3268e-03; 31.4 %
             [Mach = 17.571044]
step:4300000; t = 3.1492e+04; dt = 7.3268e-03; 31.5 %
             [Mach = 17.548426]
> Writing file #126 (dbl) to disk...
  [ 0.00 sec ]
step:4310000; t = 3.1565e+04; dt = 7.3268e-03; 31.6 %
             [Mach = 17.525666]
step:4320000; t = 3.1639e+04; dt = 7.3268e-03; 31.6 %
             [Mach = 17.502761]
step:4330000; t = 3.1712e+04; dt = 7.3268e-03; 31.7 %
             [Mach = 17.479709]
> Writing file #127 (dbl) to disk...
  [ 0.00 sec ]
step:4340000; t = 3.1785e+04; dt = 7.3268e-03; 31.8 %
             [Mach = 17.456506]
step:4350000; t = 3.1859e+04; dt = 7.3268e-03; 31.9 %
             [Mach = 17.433150]
step:4360000; t = 3.1932e+04; dt = 7.3268e-03; 31.9 %
             [Mach = 17.409637]
> Writing file #128 (dbl) to disk...
  [ 0.00 sec ]
step:4370000; t = 3.2005e+04; dt = 7.3268e-03; 32.0 %
             [Mach = 17.385965]
step:4380000; t = 3.2078e+04; dt = 7.3268e-03; 32.1 %
             [Mach = 17.362129]
step:4390000; t = 3.2152e+04; dt = 7.3268e-03; 32.2 %
             [Mach = 17.338128]
step:4400000; t = 3.2225e+04; dt = 7.3268e-03; 32.2 %
             [Mach = 17.313958]
> Writing file #129 (dbl) to disk...
  [ 0.00 sec ]
step:4410000; t = 3.2298e+04; dt = 7.3268e-03; 32.3 %
             [Mach = 17.289616]
step:4420000; t = 3.2371e+04; dt = 7.3268e-03; 32.4 %
             [Mach = 17.265099]
step:4430000; t = 3.2445e+04; dt = 7.3268e-03; 32.4 %
             [Mach = 17.240405]
> Writing file #130 (dbl) to disk...
  [ 0.00 sec ]
step:4440000; t = 3.2518e+04; dt = 7.3268e-03; 32.5 %
             [Mach = 17.215531]
step:4450000; t = 3.2591e+04; dt = 7.3268e-03; 32.6 %
             [Mach = 17.190475]
step:4460000; t = 3.2664e+04; dt = 7.3268e-03; 32.7 %
             [Mach = 17.165233]
step:4470000; t = 3.2738e+04; dt = 7.3268e-03; 32.7 %
             [Mach = 17.139803]
> Writing file #131 (dbl) to disk...
  [ 0.00 sec ]
step:4480000; t = 3.2811e+04; dt = 7.3268e-03; 32.8 %
             [Mach = 17.114180]
step:4490000; t = 3.2884e+04; dt = 7.3268e-03; 32.9 %
             [Mach = 17.088362]
step:4500000; t = 3.2958e+04; dt = 7.3268e-03; 33.0 %
             [Mach = 17.062343]
> Writing file #132 (dbl) to disk...
  [ 0.00 sec ]
step:4510000; t = 3.3031e+04; dt = 7.3268e-03; 33.0 %
             [Mach = 17.036117]
step:4520000; t = 3.3104e+04; dt = 7.3268e-03; 33.1 %
             [Mach = 17.009678]
step:4530000; t = 3.3177e+04; dt = 7.3268e-03; 33.2 %
             [Mach = 16.983018]
> Writing file #133 (dbl) to disk...
  [ 0.00 sec ]
step:4540000; t = 3.3251e+04; dt = 7.3268e-03; 33.3 %
             [Mach = 16.956130]
step:4550000; t = 3.3324e+04; dt = 7.3268e-03; 33.3 %
             [Mach = 16.929007]
step:4560000; t = 3.3397e+04; dt = 7.3268e-03; 33.4 %
             [Mach = 16.901640]
step:4570000; t = 3.3470e+04; dt = 7.3268e-03; 33.5 %
             [Mach = 16.874025]
> Writing file #134 (dbl) to disk...
  [ 0.00 sec ]
step:4580000; t = 3.3544e+04; dt = 7.3268e-03; 33.5 %
             [Mach = 16.846158]
step:4590000; t = 3.3617e+04; dt = 7.3268e-03; 33.6 %
             [Mach = 16.818038]
step:4600000; t = 3.3690e+04; dt = 7.3268e-03; 33.7 %
             [Mach = 16.789668]
> Writing file #135 (dbl) to disk...
  [ 0.00 sec ]
step:4610000; t = 3.3763e+04; dt = 7.3268e-03; 33.8 %
             [Mach = 16.761053]
step:4620000; t = 3.3837e+04; dt = 7.3268e-03; 33.8 %
             [Mach = 16.732201]
step:4630000; t = 3.3910e+04; dt = 7.3268e-03; 33.9 %
             [Mach = 16.703122]
step:4640000; t = 3.3983e+04; dt = 7.3268e-03; 34.0 %
             [Mach = 16.673826]
> Writing file #136 (dbl) to disk...
  [ 0.00 sec ]
step:4650000; t = 3.4057e+04; dt = 7.3268e-03; 34.1 %
             [Mach = 16.644319]
step:4660000; t = 3.4130e+04; dt = 7.3268e-03; 34.1 %
             [Mach = 16.614602]
step:4670000; t = 3.4203e+04; dt = 7.3268e-03; 34.2 %
             [Mach = 16.584669]
> Writing file #137 (dbl) to disk...
  [ 0.00 sec ]
step:4680000; t = 3.4276e+04; dt = 7.3268e-03; 34.3 %
             [Mach = 16.554500]
step:4690000; t = 3.4350e+04; dt = 7.3268e-03; 34.3 %
             [Mach = 16.524063]
step:4700000; t = 3.4423e+04; dt = 7.3268e-03; 34.4 %
             [Mach = 16.493309]
step:4710000; t = 3.4496e+04; dt = 7.3268e-03; 34.5 %
             [Mach = 16.462179]
> Writing file #138 (dbl) to disk...
  [ 0.00 sec ]
step:4720000; t = 3.4569e+04; dt = 7.3268e-03; 34.6 %
             [Mach = 16.430601]
step:4730000; t = 3.4643e+04; dt = 7.3268e-03; 34.6 %
             [Mach = 16.398502]
step:4740000; t = 3.4716e+04; dt = 7.3268e-03; 34.7 %
             [Mach = 16.365811]
> Writing file #139 (dbl) to disk...
  [ 0.00 sec ]
step:4750000; t = 3.4789e+04; dt = 7.3268e-03; 34.8 %
             [Mach = 16.332472]
step:4760000; t = 3.4863e+04; dt = 7.3268e-03; 34.9 %
             [Mach = 16.298449]
step:4770000; t = 3.4936e+04; dt = 7.3268e-03; 34.9 %
             [Mach = 16.263735]
> Writing file #140 (dbl) to disk...
  [ 0.00 sec ]
step:4780000; t = 3.5009e+04; dt = 7.3268e-03; 35.0 %
             [Mach = 16.228355]
step:4790000; t = 3.5082e+04; dt = 7.3268e-03; 35.1 %
             [Mach = 16.192358]
step:4800000; t = 3.5156e+04; dt = 7.3268e-03; 35.2 %
             [Mach = 16.155816]
step:4810000; t = 3.5229e+04; dt = 7.3268e-03; 35.2 %
             [Mach = 16.118805]
> Writing file #141 (dbl) to disk...
  [ 0.00 sec ]
step:4820000; t = 3.5302e+04; dt = 7.3268e-03; 35.3 %
             [Mach = 16.081396]
step:4830000; t = 3.5375e+04; dt = 7.3268e-03; 35.4 %
             [Mach = 16.043641]
step:4840000; t = 3.5449e+04; dt = 7.3268e-03; 35.4 %
             [Mach = 16.005570]
> Writing file #142 (dbl) to disk...
  [ 0.00 sec ]
step:4850000; t = 3.5522e+04; dt = 7.3268e-03; 35.5 %
             [Mach = 15.967188]
step:4860000; t = 3.5595e+04; dt = 7.3268e-03; 35.6 %
             [Mach = 15.928491]
step:4870000; t = 3.5668e+04; dt = 7.3268e-03; 35.7 %
             [Mach = 15.889470]
step:4880000; t = 3.5742e+04; dt = 7.3268e-03; 35.7 %
             [Mach = 15.850111]
> Writing file #143 (dbl) to disk...
  [ 0.00 sec ]
step:4890000; t = 3.5815e+04; dt = 7.3268e-03; 35.8 %
             [Mach = 15.810140]
step:4900000; t = 3.5888e+04; dt = 7.3268e-03; 35.9 %
             [Mach = 15.769937]
step:4910000; t = 3.5962e+04; dt = 7.3268e-03; 36.0 %
             [Mach = 15.729885]
> Writing file #144 (dbl) to disk...
  [ 0.00 sec ]
step:4920000; t = 3.6035e+04; dt = 7.3268e-03; 36.0 %
             [Mach = 15.690302]
step:4930000; t = 3.6108e+04; dt = 7.3268e-03; 36.1 %
             [Mach = 15.651514]
step:4940000; t = 3.6181e+04; dt = 7.3268e-03; 36.2 %
             [Mach = 15.613742]
> Writing file #145 (dbl) to disk...
  [ 0.00 sec ]
step:4950000; t = 3.6255e+04; dt = 7.3268e-03; 36.3 %
             [Mach = 15.576803]
step:4960000; t = 3.6328e+04; dt = 7.3268e-03; 36.3 %
             [Mach = 15.540560]
step:4970000; t = 3.6401e+04; dt = 7.3268e-03; 36.4 %
             [Mach = 15.504901]
step:4980000; t = 3.6474e+04; dt = 7.3268e-03; 36.5 %
             [Mach = 15.470081]
> Writing file #146 (dbl) to disk...
  [ 0.00 sec ]
step:4990000; t = 3.6548e+04; dt = 7.3268e-03; 36.5 %
             [Mach = 15.434177]
step:5000000; t = 3.6621e+04; dt = 7.3268e-03; 36.6 %
             [Mach = 15.399625]
step:5010000; t = 3.6694e+04; dt = 7.3268e-03; 36.7 %
             [Mach = 15.371334]
> Writing file #147 (dbl) to disk...
  [ 0.00 sec ]
step:5020000; t = 3.6767e+04; dt = 7.3268e-03; 36.8 %
             [Mach = 15.348848]
step:5030000; t = 3.6841e+04; dt = 7.3268e-03; 36.8 %
             [Mach = 15.331415]
step:5040000; t = 3.6914e+04; dt = 7.3268e-03; 36.9 %
             [Mach = 15.318227]
step:5050000; t = 3.6987e+04; dt = 7.3268e-03; 37.0 %
             [Mach = 15.308520]
> Writing file #148 (dbl) to disk...
  [ 0.00 sec ]
step:5060000; t = 3.7061e+04; dt = 7.3268e-03; 37.1 %
             [Mach = 15.310251]
step:5070000; t = 3.7134e+04; dt = 7.3268e-03; 37.1 %
             [Mach = 15.325169]
step:5080000; t = 3.7207e+04; dt = 7.3268e-03; 37.2 %
             [Mach = 15.337413]
> Writing file #149 (dbl) to disk...
  [ 0.00 sec ]
step:5090000; t = 3.7280e+04; dt = 7.3268e-03; 37.3 %
             [Mach = 15.346916]
step:5100000; t = 3.7354e+04; dt = 7.3268e-03; 37.4 %
             [Mach = 15.353806]
step:5110000; t = 3.7427e+04; dt = 7.3268e-03; 37.4 %
             [Mach = 15.358315]
> Writing file #150 (dbl) to disk...
  [ 0.00 sec ]
step:5120000; t = 3.7500e+04; dt = 7.3268e-03; 37.5 %
             [Mach = 15.360714]
step:5130000; t = 3.7573e+04; dt = 7.3268e-03; 37.6 %
             [Mach = 15.361270]
step:5140000; t = 3.7647e+04; dt = 7.3268e-03; 37.6 %
             [Mach = 15.360210]
step:5150000; t = 3.7720e+04; dt = 7.3268e-03; 37.7 %
             [Mach = 15.357714]
> Writing file #151 (dbl) to disk...
  [ 0.00 sec ]
step:5160000; t = 3.7793e+04; dt = 7.3268e-03; 37.8 %
             [Mach = 15.353904]
step:5170000; t = 3.7867e+04; dt = 7.3268e-03; 37.9 %
             [Mach = 15.348850]
step:5180000; t = 3.7940e+04; dt = 7.3268e-03; 37.9 %
             [Mach = 15.342580]
> Writing file #152 (dbl) to disk...
  [ 0.00 sec ]
step:5190000; t = 3.8013e+04; dt = 7.3268e-03; 38.0 %
             [Mach = 15.335086]
step:5200000; t = 3.8086e+04; dt = 7.3268e-03; 38.1 %
             [Mach = 15.326343]
step:5210000; t = 3.8160e+04; dt = 7.3268e-03; 38.2 %
             [Mach = 15.316313]
step:5220000; t = 3.8233e+04; dt = 7.3268e-03; 38.2 %
             [Mach = 15.304954]
> Writing file #153 (dbl) to disk...
  [ 0.00 sec ]
step:5230000; t = 3.8306e+04; dt = 7.3268e-03; 38.3 %
             [Mach = 15.292232]
step:5240000; t = 3.8379e+04; dt = 7.3268e-03; 38.4 %
             [Mach = 15.275132]
step:5250000; t = 3.8453e+04; dt = 7.3268e-03; 38.5 %
             [Mach = 15.256621]
> Writing file #154 (dbl) to disk...
  [ 1.00 sec ]
step:5260000; t = 3.8526e+04; dt = 7.3268e-03; 38.5 %
             [Mach = 15.237016]
step:5270000; t = 3.8599e+04; dt = 7.3268e-03; 38.6 %
             [Mach = 15.221001]
step:5280000; t = 3.8672e+04; dt = 7.3268e-03; 38.7 %
             [Mach = 15.208892]
step:5290000; t = 3.8746e+04; dt = 7.3268e-03; 38.7 %
             [Mach = 15.195547]
> Writing file #155 (dbl) to disk...
  [ 0.00 sec ]
step:5300000; t = 3.8819e+04; dt = 7.3268e-03; 38.8 %
             [Mach = 15.180976]
step:5310000; t = 3.8892e+04; dt = 7.3268e-03; 38.9 %
             [Mach = 15.165195]
step:5320000; t = 3.8966e+04; dt = 7.3268e-03; 39.0 %
             [Mach = 15.148227]
> Writing file #156 (dbl) to disk...
  [ 0.00 sec ]
step:5330000; t = 3.9039e+04; dt = 7.3268e-03; 39.0 %
             [Mach = 15.130095]
step:5340000; t = 3.9112e+04; dt = 7.3268e-03; 39.1 %
             [Mach = 15.110824]
step:5350000; t = 3.9185e+04; dt = 7.3268e-03; 39.2 %
             [Mach = 15.090447]
> Writing file #157 (dbl) to disk...
  [ 0.00 sec ]
step:5360000; t = 3.9259e+04; dt = 7.3268e-03; 39.3 %
             [Mach = 15.068990]
step:5370000; t = 3.9332e+04; dt = 7.3268e-03; 39.3 %
             [Mach = 15.046481]
step:5380000; t = 3.9405e+04; dt = 7.3268e-03; 39.4 %
             [Mach = 15.022962]
step:5390000; t = 3.9478e+04; dt = 7.3268e-03; 39.5 %
             [Mach = 14.998476]
> Writing file #158 (dbl) to disk...
  [ 0.00 sec ]
step:5400000; t = 3.9552e+04; dt = 7.3268e-03; 39.6 %
             [Mach = 14.973070]
step:5410000; t = 3.9625e+04; dt = 7.3268e-03; 39.6 %
             [Mach = 14.946793]
step:5420000; t = 3.9698e+04; dt = 7.3268e-03; 39.7 %
             [Mach = 14.919704]
> Writing file #159 (dbl) to disk...
  [ 0.00 sec ]
step:5430000; t = 3.9771e+04; dt = 7.3268e-03; 39.8 %
             [Mach = 14.891856]
step:5440000; t = 3.9845e+04; dt = 7.3268e-03; 39.8 %
             [Mach = 14.863298]
step:5450000; t = 3.9918e+04; dt = 7.3268e-03; 39.9 %
             [Mach = 14.834077]
step:5460000; t = 3.9991e+04; dt = 7.3268e-03; 40.0 %
             [Mach = 14.804233]
> Writing file #160 (dbl) to disk...
  [ 0.00 sec ]
step:5470000; t = 4.0065e+04; dt = 7.3268e-03; 40.1 %
             [Mach = 14.773802]
step:5480000; t = 4.0138e+04; dt = 7.3268e-03; 40.1 %
             [Mach = 14.742818]
step:5490000; t = 4.0211e+04; dt = 7.3268e-03; 40.2 %
             [Mach = 14.711318]
> Writing file #161 (dbl) to disk...
  [ 0.00 sec ]
step:5500000; t = 4.0284e+04; dt = 7.3268e-03; 40.3 %
             [Mach = 14.679333]
step:5510000; t = 4.0358e+04; dt = 7.3268e-03; 40.4 %
             [Mach = 14.646899]
step:5520000; t = 4.0431e+04; dt = 7.3268e-03; 40.4 %
             [Mach = 14.614046]
> Writing file #162 (dbl) to disk...
  [ 0.00 sec ]
step:5530000; t = 4.0504e+04; dt = 7.3268e-03; 40.5 %
             [Mach = 14.580807]
step:5540000; t = 4.0577e+04; dt = 7.3268e-03; 40.6 %
             [Mach = 14.547214]
step:5550000; t = 4.0651e+04; dt = 7.3268e-03; 40.7 %
             [Mach = 14.513297]
step:5560000; t = 4.0724e+04; dt = 7.3268e-03; 40.7 %
             [Mach = 14.479083]
> Writing file #163 (dbl) to disk...
  [ 0.00 sec ]
step:5570000; t = 4.0797e+04; dt = 7.3268e-03; 40.8 %
             [Mach = 14.444609]
step:5580000; t = 4.0870e+04; dt = 7.3268e-03; 40.9 %
             [Mach = 14.409914]
step:5590000; t = 4.0944e+04; dt = 7.3268e-03; 40.9 %
             [Mach = 14.375014]
> Writing file #164 (dbl) to disk...
  [ 0.00 sec ]
step:5600000; t = 4.1017e+04; dt = 7.3268e-03; 41.0 %
             [Mach = 14.339910]
step:5610000; t = 4.1090e+04; dt = 7.3268e-03; 41.1 %
             [Mach = 14.304572]
step:5620000; t = 4.1164e+04; dt = 7.3268e-03; 41.2 %
             [Mach = 14.268981]
step:5630000; t = 4.1237e+04; dt = 7.3268e-03; 41.2 %
             [Mach = 14.233139]
> Writing file #165 (dbl) to disk...
  [ 0.00 sec ]
step:5640000; t = 4.1310e+04; dt = 7.3268e-03; 41.3 %
             [Mach = 14.197026]
step:5650000; t = 4.1383e+04; dt = 7.3268e-03; 41.4 %
             [Mach = 14.160578]
step:5660000; t = 4.1457e+04; dt = 7.3268e-03; 41.5 %
             [Mach = 14.123748]
> Writing file #166 (dbl) to disk...
  [ 0.00 sec ]
step:5670000; t = 4.1530e+04; dt = 7.3268e-03; 41.5 %
             [Mach = 14.086487]
step:5680000; t = 4.1603e+04; dt = 7.3268e-03; 41.6 %
             [Mach = 14.048749]
step:5690000; t = 4.1676e+04; dt = 7.3268e-03; 41.7 %
             [Mach = 14.010491]
step:5700000; t = 4.1750e+04; dt = 7.3268e-03; 41.7 %
             [Mach = 13.971689]
> Writing file #167 (dbl) to disk...
  [ 0.00 sec ]
step:5710000; t = 4.1823e+04; dt = 7.3268e-03; 41.8 %
             [Mach = 13.932357]
step:5720000; t = 4.1896e+04; dt = 7.3268e-03; 41.9 %
             [Mach = 13.892466]
step:5730000; t = 4.1970e+04; dt = 7.3268e-03; 42.0 %
             [Mach = 13.851973]
> Writing file #168 (dbl) to disk...
  [ 0.00 sec ]
step:5740000; t = 4.2043e+04; dt = 7.3268e-03; 42.0 %
             [Mach = 13.810843]
step:5750000; t = 4.2116e+04; dt = 7.3268e-03; 42.1 %
             [Mach = 13.769065]
step:5760000; t = 4.2189e+04; dt = 7.3268e-03; 42.2 %
             [Mach = 13.726667]
> Writing file #169 (dbl) to disk...
  [ 1.00 sec ]
step:5770000; t = 4.2263e+04; dt = 7.3268e-03; 42.3 %
             [Mach = 13.683706]
step:5780000; t = 4.2336e+04; dt = 7.3268e-03; 42.3 %
             [Mach = 13.640254]
step:5790000; t = 4.2409e+04; dt = 7.3268e-03; 42.4 %
             [Mach = 13.596413]
step:5800000; t = 4.2482e+04; dt = 7.3268e-03; 42.5 %
             [Mach = 13.552310]
> Writing file #170 (dbl) to disk...
  [ 0.00 sec ]
step:5810000; t = 4.2556e+04; dt = 7.3268e-03; 42.6 %
             [Mach = 13.508077]
step:5820000; t = 4.2629e+04; dt = 7.3268e-03; 42.6 %
             [Mach = 13.463994]
step:5830000; t = 4.2702e+04; dt = 7.3268e-03; 42.7 %
             [Mach = 13.420399]
> Writing file #171 (dbl) to disk...
  [ 0.00 sec ]
step:5840000; t = 4.2775e+04; dt = 7.3268e-03; 42.8 %
             [Mach = 13.377639]
step:5850000; t = 4.2849e+04; dt = 7.3268e-03; 42.8 %
             [Mach = 13.336047]
step:5860000; t = 4.2922e+04; dt = 7.3268e-03; 42.9 %
             [Mach = 13.295863]
step:5870000; t = 4.2995e+04; dt = 7.3268e-03; 43.0 %
             [Mach = 13.257232]
> Writing file #172 (dbl) to disk...
  [ 0.00 sec ]
step:5880000; t = 4.3069e+04; dt = 7.3268e-03; 43.1 %
             [Mach = 13.219733]
step:5890000; t = 4.3142e+04; dt = 7.3268e-03; 43.1 %
             [Mach = 13.183967]
step:5900000; t = 4.3215e+04; dt = 7.3268e-03; 43.2 %
             [Mach = 13.150950]
> Writing file #173 (dbl) to disk...
  [ 0.00 sec ]
step:5910000; t = 4.3288e+04; dt = 7.3268e-03; 43.3 %
             [Mach = 13.120656]
step:5920000; t = 4.3362e+04; dt = 7.3268e-03; 43.4 %
             [Mach = 13.092201]
step:5930000; t = 4.3435e+04; dt = 7.3268e-03; 43.4 %
             [Mach = 13.065797]
> Writing file #174 (dbl) to disk...
  [ 0.00 sec ]
step:5940000; t = 4.3508e+04; dt = 7.3268e-03; 43.5 %
             [Mach = 13.041698]
step:5950000; t = 4.3581e+04; dt = 7.3268e-03; 43.6 %
             [Mach = 13.019913]
step:5960000; t = 4.3655e+04; dt = 7.3268e-03; 43.7 %
             [Mach = 13.000428]
step:5970000; t = 4.3728e+04; dt = 7.3268e-03; 43.7 %
             [Mach = 12.983049]
> Writing file #175 (dbl) to disk...
  [ 0.00 sec ]
step:5980000; t = 4.3801e+04; dt = 7.3268e-03; 43.8 %
             [Mach = 12.967634]
step:5990000; t = 4.3874e+04; dt = 7.3268e-03; 43.9 %
             [Mach = 12.953813]
step:6000000; t = 4.3948e+04; dt = 7.3268e-03; 43.9 %
             [Mach = 12.941209]
> Writing file #176 (dbl) to disk...
  [ 0.00 sec ]
step:6010000; t = 4.4021e+04; dt = 7.3268e-03; 44.0 %
             [Mach = 12.929488]
step:6020000; t = 4.4094e+04; dt = 7.3268e-03; 44.1 %
             [Mach = 12.918286]
step:6030000; t = 4.4168e+04; dt = 7.3268e-03; 44.2 %
             [Mach = 12.907779]
step:6040000; t = 4.4241e+04; dt = 7.3268e-03; 44.2 %
             [Mach = 12.897776]
> Writing file #177 (dbl) to disk...
  [ 0.00 sec ]
step:6050000; t = 4.4314e+04; dt = 7.3268e-03; 44.3 %
             [Mach = 12.887199]
step:6060000; t = 4.4387e+04; dt = 7.3268e-03; 44.4 %
             [Mach = 12.877701]
step:6070000; t = 4.4461e+04; dt = 7.3268e-03; 44.5 %
             [Mach = 12.870358]
> Writing file #178 (dbl) to disk...
  [ 0.00 sec ]
step:6080000; t = 4.4534e+04; dt = 7.3268e-03; 44.5 %
             [Mach = 12.864893]
step:6090000; t = 4.4607e+04; dt = 7.3268e-03; 44.6 %
             [Mach = 12.860959]
step:6100000; t = 4.4680e+04; dt = 7.3268e-03; 44.7 %
             [Mach = 12.858180]
> Writing file #179 (dbl) to disk...
  [ 0.00 sec ]
step:6110000; t = 4.4754e+04; dt = 7.3268e-03; 44.8 %
             [Mach = 12.856174]
step:6120000; t = 4.4827e+04; dt = 7.3268e-03; 44.8 %
             [Mach = 12.854585]
step:6130000; t = 4.4900e+04; dt = 7.3268e-03; 44.9 %
             [Mach = 12.853094]
step:6140000; t = 4.4973e+04; dt = 7.3268e-03; 45.0 %
             [Mach = 12.851427]
> Writing file #180 (dbl) to disk...
  [ 0.00 sec ]
step:6150000; t = 4.5047e+04; dt = 7.3268e-03; 45.0 %
             [Mach = 12.849516]
step:6160000; t = 4.5120e+04; dt = 7.3268e-03; 45.1 %
             [Mach = 12.847219]
step:6170000; t = 4.5193e+04; dt = 7.3268e-03; 45.2 %
             [Mach = 12.844156]
> Writing file #181 (dbl) to disk...
  [ 0.00 sec ]
step:6180000; t = 4.5267e+04; dt = 7.3268e-03; 45.3 %
             [Mach = 12.840173]
step:6190000; t = 4.5340e+04; dt = 7.3268e-03; 45.3 %
             [Mach = 12.835241]
step:6200000; t = 4.5413e+04; dt = 7.3268e-03; 45.4 %
             [Mach = 12.829386]
step:6210000; t = 4.5486e+04; dt = 7.3268e-03; 45.5 %
             [Mach = 12.822669]
> Writing file #182 (dbl) to disk...
  [ 0.00 sec ]
step:6220000; t = 4.5560e+04; dt = 7.3268e-03; 45.6 %
             [Mach = 12.815159]
step:6230000; t = 4.5633e+04; dt = 7.3268e-03; 45.6 %
             [Mach = 12.806918]
step:6240000; t = 4.5706e+04; dt = 7.3268e-03; 45.7 %
             [Mach = 12.798002]
> Writing file #183 (dbl) to disk...
  [ 0.00 sec ]
step:6250000; t = 4.5779e+04; dt = 7.3268e-03; 45.8 %
             [Mach = 12.788467]
step:6260000; t = 4.5853e+04; dt = 7.3268e-03; 45.9 %
             [Mach = 12.778368]
step:6270000; t = 4.5926e+04; dt = 7.3268e-03; 45.9 %
             [Mach = 12.767764]
step:6280000; t = 4.5999e+04; dt = 7.3268e-03; 46.0 %
             [Mach = 12.756711]
> Writing file #184 (dbl) to disk...
  [ 0.00 sec ]
step:6290000; t = 4.6073e+04; dt = 7.3268e-03; 46.1 %
             [Mach = 12.745266]
step:6300000; t = 4.6146e+04; dt = 7.3268e-03; 46.1 %
             [Mach = 12.733481]
step:6310000; t = 4.6219e+04; dt = 7.3268e-03; 46.2 %
             [Mach = 12.721400]
> Writing file #185 (dbl) to disk...
  [ 0.00 sec ]
step:6320000; t = 4.6292e+04; dt = 7.3268e-03; 46.3 %
             [Mach = 12.709062]
step:6330000; t = 4.6366e+04; dt = 7.3268e-03; 46.4 %
             [Mach = 12.696500]
step:6340000; t = 4.6439e+04; dt = 7.3268e-03; 46.4 %
             [Mach = 12.683743]
> Writing file #186 (dbl) to disk...
  [ 0.00 sec ]
step:6350000; t = 4.6512e+04; dt = 7.3268e-03; 46.5 %
             [Mach = 12.670813]
step:6360000; t = 4.6585e+04; dt = 7.3268e-03; 46.6 %
             [Mach = 12.657728]
step:6370000; t = 4.6659e+04; dt = 7.3268e-03; 46.7 %
             [Mach = 12.644502]
step:6380000; t = 4.6732e+04; dt = 7.3268e-03; 46.7 %
             [Mach = 12.631147]
> Writing file #187 (dbl) to disk...
  [ 0.00 sec ]
step:6390000; t = 4.6805e+04; dt = 7.3268e-03; 46.8 %
             [Mach = 12.617670]
step:6400000; t = 4.6878e+04; dt = 7.3268e-03; 46.9 %
             [Mach = 12.604078]
step:6410000; t = 4.6952e+04; dt = 7.3268e-03; 47.0 %
             [Mach = 12.590377]
> Writing file #188 (dbl) to disk...
  [ 0.00 sec ]
step:6420000; t = 4.7025e+04; dt = 7.3268e-03; 47.0 %
             [Mach = 12.576571]
step:6430000; t = 4.7098e+04; dt = 7.3268e-03; 47.1 %
             [Mach = 12.562663]
step:6440000; t = 4.7172e+04; dt = 7.3268e-03; 47.2 %
             [Mach = 12.548656]
step:6450000; t = 4.7245e+04; dt = 7.3268e-03; 47.2 %
             [Mach = 12.534552]
> Writing file #189 (dbl) to disk...
  [ 0.00 sec ]
step:6460000; t = 4.7318e+04; dt = 7.3268e-03; 47.3 %
             [Mach = 12.520353]
step:6470000; t = 4.7391e+04; dt = 7.3268e-03; 47.4 %
             [Mach = 12.506062]
step:6480000; t = 4.7465e+04; dt = 7.3268e-03; 47.5 %
             [Mach = 12.491680]
> Writing file #190 (dbl) to disk...
  [ 0.00 sec ]
step:6490000; t = 4.7538e+04; dt = 7.3268e-03; 47.5 %
             [Mach = 12.477208]
step:6500000; t = 4.7611e+04; dt = 7.3268e-03; 47.6 %
             [Mach = 12.462648]
step:6510000; t = 4.7684e+04; dt = 7.3268e-03; 47.7 %
             [Mach = 12.448001]
> Writing file #191 (dbl) to disk...
  [ 0.00 sec ]
step:6520000; t = 4.7758e+04; dt = 7.3268e-03; 47.8 %
             [Mach = 12.433269]
step:6530000; t = 4.7831e+04; dt = 7.3268e-03; 47.8 %
             [Mach = 12.418452]
step:6540000; t = 4.7904e+04; dt = 7.3268e-03; 47.9 %
             [Mach = 12.403553]
step:6550000; t = 4.7977e+04; dt = 7.3268e-03; 48.0 %
             [Mach = 12.388573]
> Writing file #192 (dbl) to disk...
  [ 0.00 sec ]
step:6560000; t = 4.8051e+04; dt = 7.3268e-03; 48.1 %
             [Mach = 12.373513]
step:6570000; t = 4.8124e+04; dt = 7.3268e-03; 48.1 %
             [Mach = 12.358375]
step:6580000; t = 4.8197e+04; dt = 7.3268e-03; 48.2 %
             [Mach = 12.343159]
> Writing file #193 (dbl) to disk...
  [ 0.00 sec ]
step:6590000; t = 4.8271e+04; dt = 7.3268e-03; 48.3 %
             [Mach = 12.327868]
step:6600000; t = 4.8344e+04; dt = 7.3268e-03; 48.3 %
             [Mach = 12.312502]
step:6610000; t = 4.8417e+04; dt = 7.3268e-03; 48.4 %
             [Mach = 12.297064]
step:6620000; t = 4.8490e+04; dt = 7.3268e-03; 48.5 %
             [Mach = 12.281554]
> Writing file #194 (dbl) to disk...
  [ 0.00 sec ]
step:6630000; t = 4.8564e+04; dt = 7.3268e-03; 48.6 %
             [Mach = 12.265974]
step:6640000; t = 4.8637e+04; dt = 7.3268e-03; 48.6 %
             [Mach = 12.250326]
step:6650000; t = 4.8710e+04; dt = 7.3268e-03; 48.7 %
             [Mach = 12.234612]
> Writing file #195 (dbl) to disk...
  [ 0.00 sec ]
step:6660000; t = 4.8783e+04; dt = 7.3268e-03; 48.8 %
             [Mach = 12.218832]
step:6670000; t = 4.8857e+04; dt = 7.3268e-03; 48.9 %
             [Mach = 12.202988]
step:6680000; t = 4.8930e+04; dt = 7.3268e-03; 48.9 %
             [Mach = 12.187082]
> Writing file #196 (dbl) to disk...
  [ 0.00 sec ]
step:6690000; t = 4.9003e+04; dt = 7.3268e-03; 49.0 %
             [Mach = 12.171116]
step:6700000; t = 4.9076e+04; dt = 7.3268e-03; 49.1 %
             [Mach = 12.155090]
step:6710000; t = 4.9150e+04; dt = 7.3268e-03; 49.1 %
             [Mach = 12.139008]
step:6720000; t = 4.9223e+04; dt = 7.3268e-03; 49.2 %
             [Mach = 12.122869]
> Writing file #197 (dbl) to disk...
  [ 0.00 sec ]
step:6730000; t = 4.9296e+04; dt = 7.3268e-03; 49.3 %
             [Mach = 12.106677]
step:6740000; t = 4.9370e+04; dt = 7.3268e-03; 49.4 %
             [Mach = 12.090432]
step:6750000; t = 4.9443e+04; dt = 7.3268e-03; 49.4 %
             [Mach = 12.074137]
> Writing file #198 (dbl) to disk...
  [ 0.00 sec ]
step:6760000; t = 4.9516e+04; dt = 7.3268e-03; 49.5 %
             [Mach = 12.057792]
step:6770000; t = 4.9589e+04; dt = 7.3268e-03; 49.6 %
             [Mach = 12.041400]
step:6780000; t = 4.9663e+04; dt = 7.3268e-03; 49.7 %
             [Mach = 12.024963]
step:6790000; t = 4.9736e+04; dt = 7.3268e-03; 49.7 %
             [Mach = 12.008482]
> Writing file #199 (dbl) to disk...
  [ 0.00 sec ]
step:6800000; t = 4.9809e+04; dt = 7.3268e-03; 49.8 %
             [Mach = 11.991959]
step:6810000; t = 4.9882e+04; dt = 7.3268e-03; 49.9 %
             [Mach = 11.975396]
step:6820000; t = 4.9956e+04; dt = 7.3268e-03; 50.0 %
             [Mach = 11.958795]
> Writing file #200 (dbl) to disk...
  [ 0.00 sec ]
step:6830000; t = 5.0029e+04; dt = 7.3268e-03; 50.0 %
             [Mach = 11.942157]
step:6840000; t = 5.0102e+04; dt = 7.3268e-03; 50.1 %
             [Mach = 11.925484]
step:6850000; t = 5.0176e+04; dt = 7.3268e-03; 50.2 %
             [Mach = 11.908778]
step:6860000; t = 5.0249e+04; dt = 7.3268e-03; 50.2 %
             [Mach = 11.892041]
> Writing file #201 (dbl) to disk...
  [ 0.00 sec ]
step:6870000; t = 5.0322e+04; dt = 7.3268e-03; 50.3 %
             [Mach = 11.875276]
step:6880000; t = 5.0395e+04; dt = 7.3268e-03; 50.4 %
             [Mach = 11.858482]
step:6890000; t = 5.0469e+04; dt = 7.3268e-03; 50.5 %
             [Mach = 11.841664]
> Writing file #202 (dbl) to disk...
  [ 0.00 sec ]
step:6900000; t = 5.0542e+04; dt = 7.3268e-03; 50.5 %
             [Mach = 11.824822]
step:6910000; t = 5.0615e+04; dt = 7.3268e-03; 50.6 %
             [Mach = 11.807958]
step:6920000; t = 5.0688e+04; dt = 7.3268e-03; 50.7 %
             [Mach = 11.791075]
> Writing file #203 (dbl) to disk...
  [ 0.00 sec ]
step:6930000; t = 5.0762e+04; dt = 7.3268e-03; 50.8 %
             [Mach = 11.774175]
step:6940000; t = 5.0835e+04; dt = 7.3268e-03; 50.8 %
             [Mach = 11.757258]
step:6950000; t = 5.0908e+04; dt = 7.3268e-03; 50.9 %
             [Mach = 11.740328]
step:6960000; t = 5.0981e+04; dt = 7.3268e-03; 51.0 %
             [Mach = 11.723385]
> Writing file #204 (dbl) to disk...
  [ 0.00 sec ]
step:6970000; t = 5.1055e+04; dt = 7.3268e-03; 51.1 %
             [Mach = 11.706433]
step:6980000; t = 5.1128e+04; dt = 7.3268e-03; 51.1 %
             [Mach = 11.689473]
step:6990000; t = 5.1201e+04; dt = 7.3268e-03; 51.2 %
             [Mach = 11.672507]
> Writing file #205 (dbl) to disk...
  [ 0.00 sec ]
step:7000000; t = 5.1275e+04; dt = 7.3268e-03; 51.3 %
             [Mach = 11.655537]
step:7010000; t = 5.1348e+04; dt = 7.3268e-03; 51.3 %
             [Mach = 11.638565]
step:7020000; t = 5.1421e+04; dt = 7.3268e-03; 51.4 %
             [Mach = 11.621593]
step:7030000; t = 5.1494e+04; dt = 7.3268e-03; 51.5 %
             [Mach = 11.604623]
> Writing file #206 (dbl) to disk...
  [ 0.00 sec ]
step:7040000; t = 5.1568e+04; dt = 7.3268e-03; 51.6 %
             [Mach = 11.587656]
step:7050000; t = 5.1641e+04; dt = 7.3268e-03; 51.6 %
             [Mach = 11.570695]
step:7060000; t = 5.1714e+04; dt = 7.3268e-03; 51.7 %
             [Mach = 11.553742]
> Writing file #207 (dbl) to disk...
  [ 0.00 sec ]
step:7070000; t = 5.1787e+04; dt = 7.3268e-03; 51.8 %
             [Mach = 11.536799]
step:7080000; t = 5.1861e+04; dt = 7.3268e-03; 51.9 %
             [Mach = 11.519867]
step:7090000; t = 5.1934e+04; dt = 7.3268e-03; 51.9 %
             [Mach = 11.502949]
> Writing file #208 (dbl) to disk...
  [ 0.00 sec ]
step:7100000; t = 5.2007e+04; dt = 7.3268e-03; 52.0 %
             [Mach = 11.486046]
step:7110000; t = 5.2080e+04; dt = 7.3268e-03; 52.1 %
             [Mach = 11.469160]
step:7120000; t = 5.2154e+04; dt = 7.3268e-03; 52.2 %
             [Mach = 11.452294]
step:7130000; t = 5.2227e+04; dt = 7.3268e-03; 52.2 %
             [Mach = 11.435449]
> Writing file #209 (dbl) to disk...
  [ 0.00 sec ]
step:7140000; t = 5.2300e+04; dt = 7.3268e-03; 52.3 %
             [Mach = 11.418627]
step:7150000; t = 5.2374e+04; dt = 7.3268e-03; 52.4 %
             [Mach = 11.401830]
step:7160000; t = 5.2447e+04; dt = 7.3268e-03; 52.4 %
             [Mach = 11.385060]
> Writing file #210 (dbl) to disk...
  [ 0.00 sec ]
step:7170000; t = 5.2520e+04; dt = 7.3268e-03; 52.5 %
             [Mach = 11.368319]
step:7180000; t = 5.2593e+04; dt = 7.3268e-03; 52.6 %
             [Mach = 11.351608]
step:7190000; t = 5.2667e+04; dt = 7.3268e-03; 52.7 %
             [Mach = 11.334930]
step:7200000; t = 5.2740e+04; dt = 7.3268e-03; 52.7 %
             [Mach = 11.318286]
> Writing file #211 (dbl) to disk...
  [ 0.00 sec ]
step:7210000; t = 5.2813e+04; dt = 7.3268e-03; 52.8 %
             [Mach = 11.301678]
step:7220000; t = 5.2886e+04; dt = 7.3268e-03; 52.9 %
             [Mach = 11.285108]
step:7230000; t = 5.2960e+04; dt = 7.3268e-03; 53.0 %
             [Mach = 11.268578]
> Writing file #212 (dbl) to disk...
  [ 0.00 sec ]
step:7240000; t = 5.3033e+04; dt = 7.3268e-03; 53.0 %
             [Mach = 11.252090]
step:7250000; t = 5.3106e+04; dt = 7.3268e-03; 53.1 %
             [Mach = 11.235645]
step:7260000; t = 5.3180e+04; dt = 7.3268e-03; 53.2 %
             [Mach = 11.219245]
> Writing file #213 (dbl) to disk...
  [ 0.00 sec ]
step:7270000; t = 5.3253e+04; dt = 7.3268e-03; 53.3 %
             [Mach = 11.202893]
step:7280000; t = 5.3326e+04; dt = 7.3268e-03; 53.3 %
             [Mach = 11.186589]
step:7290000; t = 5.3399e+04; dt = 7.3268e-03; 53.4 %
             [Mach = 11.170336]
step:7300000; t = 5.3473e+04; dt = 7.3268e-03; 53.5 %
             [Mach = 11.154136]
> Writing file #214 (dbl) to disk...
  [ 0.00 sec ]
step:7310000; t = 5.3546e+04; dt = 7.3268e-03; 53.5 %
             [Mach = 11.137989]
step:7320000; t = 5.3619e+04; dt = 7.3268e-03; 53.6 %
             [Mach = 11.121899]
step:7330000; t = 5.3692e+04; dt = 7.3268e-03; 53.7 %
             [Mach = 11.105867]
> Writing file #215 (dbl) to disk...
  [ 0.00 sec ]
step:7340000; t = 5.3766e+04; dt = 7.3268e-03; 53.8 %
             [Mach = 11.089894]
step:7350000; t = 5.3839e+04; dt = 7.3268e-03; 53.8 %
             [Mach = 11.073983]
step:7360000; t = 5.3912e+04; dt = 7.3268e-03; 53.9 %
             [Mach = 11.058135]
step:7370000; t = 5.3985e+04; dt = 7.3268e-03; 54.0 %
             [Mach = 11.042351]
> Writing file #216 (dbl) to disk...
  [ 0.00 sec ]
step:7380000; t = 5.4059e+04; dt = 7.3268e-03; 54.1 %
             [Mach = 11.026635]
step:7390000; t = 5.4132e+04; dt = 7.3268e-03; 54.1 %
             [Mach = 11.010987]
step:7400000; t = 5.4205e+04; dt = 7.3268e-03; 54.2 %
             [Mach = 10.995409]
> Writing file #217 (dbl) to disk...
  [ 0.00 sec ]
step:7410000; t = 5.4279e+04; dt = 7.3268e-03; 54.3 %
             [Mach = 10.979903]
step:7420000; t = 5.4352e+04; dt = 7.3268e-03; 54.4 %
             [Mach = 10.964471]
step:7430000; t = 5.4425e+04; dt = 7.3268e-03; 54.4 %
             [Mach = 10.949114]
step:7440000; t = 5.4498e+04; dt = 7.3268e-03; 54.5 %
             [Mach = 10.933835]
> Writing file #218 (dbl) to disk...
  [ 0.00 sec ]
step:7450000; t = 5.4572e+04; dt = 7.3268e-03; 54.6 %
             [Mach = 10.918635]
step:7460000; t = 5.4645e+04; dt = 7.3268e-03; 54.6 %
             [Mach = 10.903516]
step:7470000; t = 5.4718e+04; dt = 7.3268e-03; 54.7 %
             [Mach = 10.888480]
> Writing file #219 (dbl) to disk...
  [ 0.00 sec ]
step:7480000; t = 5.4791e+04; dt = 7.3268e-03; 54.8 %
             [Mach = 10.873528]
step:7490000; t = 5.4865e+04; dt = 7.3268e-03; 54.9 %
             [Mach = 10.858663]
step:7500000; t = 5.4938e+04; dt = 7.3268e-03; 54.9 %
             [Mach = 10.843887]
> Writing file #220 (dbl) to disk...
  [ 0.00 sec ]
step:7510000; t = 5.5011e+04; dt = 7.3268e-03; 55.0 %
             [Mach = 10.829201]
step:7520000; t = 5.5084e+04; dt = 7.3268e-03; 55.1 %
             [Mach = 10.814607]
step:7530000; t = 5.5158e+04; dt = 7.3268e-03; 55.2 %
             [Mach = 10.800109]
step:7540000; t = 5.5231e+04; dt = 7.3268e-03; 55.2 %
             [Mach = 10.785706]
> Writing file #221 (dbl) to disk...
  [ 0.00 sec ]
step:7550000; t = 5.5304e+04; dt = 7.3268e-03; 55.3 %
             [Mach = 10.771403]
step:7560000; t = 5.5378e+04; dt = 7.3268e-03; 55.4 %
             [Mach = 10.757201]
step:7570000; t = 5.5451e+04; dt = 7.3268e-03; 55.5 %
             [Mach = 10.743102]
> Writing file #222 (dbl) to disk...
  [ 0.00 sec ]
step:7580000; t = 5.5524e+04; dt = 7.3268e-03; 55.5 %
             [Mach = 10.729109]
step:7590000; t = 5.5597e+04; dt = 7.3268e-03; 55.6 %
             [Mach = 10.715225]
step:7600000; t = 5.5671e+04; dt = 7.3268e-03; 55.7 %
             [Mach = 10.701451]
step:7610000; t = 5.5744e+04; dt = 7.3268e-03; 55.7 %
             [Mach = 10.687790]
> Writing file #223 (dbl) to disk...
  [ 0.00 sec ]
step:7620000; t = 5.5817e+04; dt = 7.3268e-03; 55.8 %
             [Mach = 10.674246]
step:7630000; t = 5.5890e+04; dt = 7.3268e-03; 55.9 %
             [Mach = 10.660820]
step:7640000; t = 5.5964e+04; dt = 7.3268e-03; 56.0 %
             [Mach = 10.647516]
> Writing file #224 (dbl) to disk...
  [ 0.00 sec ]
step:7650000; t = 5.6037e+04; dt = 7.3268e-03; 56.0 %
             [Mach = 10.634337]
step:7660000; t = 5.6110e+04; dt = 7.3268e-03; 56.1 %
             [Mach = 10.621286]
step:7670000; t = 5.6183e+04; dt = 7.3268e-03; 56.2 %
             [Mach = 10.608366]
> Writing file #225 (dbl) to disk...
  [ 0.00 sec ]
step:7680000; t = 5.6257e+04; dt = 7.3268e-03; 56.3 %
             [Mach = 10.595581]
step:7690000; t = 5.6330e+04; dt = 7.3268e-03; 56.3 %
             [Mach = 10.582933]
step:7700000; t = 5.6403e+04; dt = 7.3268e-03; 56.4 %
             [Mach = 10.570427]
step:7710000; t = 5.6477e+04; dt = 7.3268e-03; 56.5 %
             [Mach = 10.558066]
> Writing file #226 (dbl) to disk...
  [ 0.00 sec ]
step:7720000; t = 5.6550e+04; dt = 7.3268e-03; 56.5 %
             [Mach = 10.545854]
step:7730000; t = 5.6623e+04; dt = 7.3268e-03; 56.6 %
             [Mach = 10.533794]
step:7740000; t = 5.6696e+04; dt = 7.3268e-03; 56.7 %
             [Mach = 10.521891]
> Writing file #227 (dbl) to disk...
  [ 0.00 sec ]
step:7750000; t = 5.6770e+04; dt = 7.3268e-03; 56.8 %
             [Mach = 10.510148]
step:7760000; t = 5.6843e+04; dt = 7.3268e-03; 56.8 %
             [Mach = 10.498570]
step:7770000; t = 5.6916e+04; dt = 7.3268e-03; 56.9 %
             [Mach = 10.487161]
step:7780000; t = 5.6989e+04; dt = 7.3268e-03; 57.0 %
             [Mach = 10.475925]
> Writing file #228 (dbl) to disk...
  [ 0.00 sec ]
step:7790000; t = 5.7063e+04; dt = 7.3268e-03; 57.1 %
             [Mach = 10.464866]
step:7800000; t = 5.7136e+04; dt = 7.3268e-03; 57.1 %
             [Mach = 10.453990]
step:7810000; t = 5.7209e+04; dt = 7.3268e-03; 57.2 %
             [Mach = 10.443301]
> Writing file #229 (dbl) to disk...
  [ 0.00 sec ]
step:7820000; t = 5.7283e+04; dt = 7.3268e-03; 57.3 %
             [Mach = 10.432803]
step:7830000; t = 5.7356e+04; dt = 7.3268e-03; 57.4 %
             [Mach = 10.422501]
step:7840000; t = 5.7429e+04; dt = 7.3268e-03; 57.4 %
             [Mach = 10.412401]
> Writing file #230 (dbl) to disk...
  [ 0.00 sec ]
step:7850000; t = 5.7502e+04; dt = 7.3268e-03; 57.5 %
             [Mach = 10.402508]
step:7860000; t = 5.7576e+04; dt = 7.3268e-03; 57.6 %
             [Mach = 10.392825]
step:7870000; t = 5.7649e+04; dt = 7.3268e-03; 57.6 %
             [Mach = 10.383358]
step:7880000; t = 5.7722e+04; dt = 7.3268e-03; 57.7 %
             [Mach = 10.374111]
> Writing file #231 (dbl) to disk...
  [ 0.00 sec ]
step:7890000; t = 5.7795e+04; dt = 7.3268e-03; 57.8 %
             [Mach = 10.365090]
step:7900000; t = 5.7869e+04; dt = 7.3268e-03; 57.9 %
             [Mach = 10.356298]
step:7910000; t = 5.7942e+04; dt = 7.3268e-03; 57.9 %
             [Mach = 10.347738]
> Writing file #232 (dbl) to disk...
  [ 0.00 sec ]
step:7920000; t = 5.8015e+04; dt = 7.3268e-03; 58.0 %
             [Mach = 10.339416]
step:7930000; t = 5.8088e+04; dt = 7.3268e-03; 58.1 %
             [Mach = 10.331334]
step:7940000; t = 5.8162e+04; dt = 7.3268e-03; 58.2 %
             [Mach = 10.323495]
step:7950000; t = 5.8235e+04; dt = 7.3268e-03; 58.2 %
             [Mach = 10.315901]
> Writing file #233 (dbl) to disk...
  [ 0.00 sec ]
step:7960000; t = 5.8308e+04; dt = 7.3268e-03; 58.3 %
             [Mach = 10.308556]
step:7970000; t = 5.8382e+04; dt = 7.3268e-03; 58.4 %
             [Mach = 10.301459]
step:7980000; t = 5.8455e+04; dt = 7.3268e-03; 58.5 %
             [Mach = 10.294614]
> Writing file #234 (dbl) to disk...
  [ 0.00 sec ]
step:7990000; t = 5.8528e+04; dt = 7.3268e-03; 58.5 %
             [Mach = 10.288019]
step:8000000; t = 5.8601e+04; dt = 7.3268e-03; 58.6 %
             [Mach = 10.281676]
step:8010000; t = 5.8675e+04; dt = 7.3268e-03; 58.7 %
             [Mach = 10.275584]
step:8020000; t = 5.8748e+04; dt = 7.3268e-03; 58.7 %
             [Mach = 10.269741]
> Writing file #235 (dbl) to disk...
  [ 0.00 sec ]
step:8030000; t = 5.8821e+04; dt = 7.3268e-03; 58.8 %
             [Mach = 10.264146]
step:8040000; t = 5.8894e+04; dt = 7.3268e-03; 58.9 %
             [Mach = 10.258798]
step:8050000; t = 5.8968e+04; dt = 7.3268e-03; 59.0 %
             [Mach = 10.253692]
> Writing file #236 (dbl) to disk...
  [ 0.00 sec ]
step:8060000; t = 5.9041e+04; dt = 7.3268e-03; 59.0 %
             [Mach = 10.248827]
step:8070000; t = 5.9114e+04; dt = 7.3268e-03; 59.1 %
             [Mach = 10.244198]
step:8080000; t = 5.9187e+04; dt = 7.3268e-03; 59.2 %
             [Mach = 10.239801]
> Writing file #237 (dbl) to disk...
  [ 0.00 sec ]
step:8090000; t = 5.9261e+04; dt = 7.3268e-03; 59.3 %
             [Mach = 10.235632]
step:8100000; t = 5.9334e+04; dt = 7.3268e-03; 59.3 %
             [Mach = 10.231684]
step:8110000; t = 5.9407e+04; dt = 7.3268e-03; 59.4 %
             [Mach = 10.227953]
step:8120000; t = 5.9481e+04; dt = 7.3268e-03; 59.5 %
             [Mach = 10.224433]
> Writing file #238 (dbl) to disk...
  [ 0.00 sec ]
step:8130000; t = 5.9554e+04; dt = 7.3268e-03; 59.6 %
             [Mach = 10.221117]
step:8140000; t = 5.9627e+04; dt = 7.3268e-03; 59.6 %
             [Mach = 10.217998]
step:8150000; t = 5.9700e+04; dt = 7.3268e-03; 59.7 %
             [Mach = 10.215071]
> Writing file #239 (dbl) to disk...
  [ 0.00 sec ]
step:8160000; t = 5.9774e+04; dt = 7.3268e-03; 59.8 %
             [Mach = 10.212327]
step:8170000; t = 5.9847e+04; dt = 7.3268e-03; 59.8 %
             [Mach = 10.209759]
step:8180000; t = 5.9920e+04; dt = 7.3268e-03; 59.9 %
             [Mach = 10.207361]
step:8190000; t = 5.9993e+04; dt = 7.3268e-03; 60.0 %
             [Mach = 10.205124]
> Writing file #240 (dbl) to disk...
  [ 0.00 sec ]
step:8200000; t = 6.0067e+04; dt = 7.3268e-03; 60.1 %
             [Mach = 10.203041]
step:8210000; t = 6.0140e+04; dt = 7.3268e-03; 60.1 %
             [Mach = 10.201105]
step:8220000; t = 6.0213e+04; dt = 7.3268e-03; 60.2 %
             [Mach = 10.199309]
> Writing file #241 (dbl) to disk...
  [ 0.00 sec ]
step:8230000; t = 6.0286e+04; dt = 7.3268e-03; 60.3 %
             [Mach = 10.197644]
step:8240000; t = 6.0360e+04; dt = 7.3268e-03; 60.4 %
             [Mach = 10.196104]
step:8250000; t = 6.0433e+04; dt = 7.3268e-03; 60.4 %
             [Mach = 10.194682]
> Writing file #242 (dbl) to disk...
  [ 0.00 sec ]
step:8260000; t = 6.0506e+04; dt = 7.3268e-03; 60.5 %
             [Mach = 10.193370]
step:8270000; t = 6.0580e+04; dt = 7.3268e-03; 60.6 %
             [Mach = 10.192162]
step:8280000; t = 6.0653e+04; dt = 7.3268e-03; 60.7 %
             [Mach = 10.191050]
step:8290000; t = 6.0726e+04; dt = 7.3268e-03; 60.7 %
             [Mach = 10.190030]
> Writing file #243 (dbl) to disk...
  [ 0.00 sec ]
step:8300000; t = 6.0799e+04; dt = 7.3268e-03; 60.8 %
             [Mach = 10.189095]
step:8310000; t = 6.0873e+04; dt = 7.3268e-03; 60.9 %
             [Mach = 10.188238]
step:8320000; t = 6.0946e+04; dt = 7.3268e-03; 60.9 %
             [Mach = 10.187454]
> Writing file #244 (dbl) to disk...
  [ 0.00 sec ]
step:8330000; t = 6.1019e+04; dt = 7.3268e-03; 61.0 %
             [Mach = 10.186739]
step:8340000; t = 6.1092e+04; dt = 7.3268e-03; 61.1 %
             [Mach = 10.186086]
step:8350000; t = 6.1166e+04; dt = 7.3268e-03; 61.2 %
             [Mach = 10.185491]
step:8360000; t = 6.1239e+04; dt = 7.3268e-03; 61.2 %
             [Mach = 10.184949]
> Writing file #245 (dbl) to disk...
  [ 0.00 sec ]
step:8370000; t = 6.1312e+04; dt = 7.3268e-03; 61.3 %
             [Mach = 10.184457]
step:8380000; t = 6.1386e+04; dt = 7.3268e-03; 61.4 %
             [Mach = 10.184011]
step:8390000; t = 6.1459e+04; dt = 7.3268e-03; 61.5 %
             [Mach = 10.183605]
> Writing file #246 (dbl) to disk...
  [ 0.00 sec ]
step:8400000; t = 6.1532e+04; dt = 7.3268e-03; 61.5 %
             [Mach = 10.183239]
step:8410000; t = 6.1605e+04; dt = 7.3268e-03; 61.6 %
             [Mach = 10.182907]
step:8420000; t = 6.1679e+04; dt = 7.3268e-03; 61.7 %
             [Mach = 10.182607]
> Writing file #247 (dbl) to disk...
  [ 0.00 sec ]
step:8430000; t = 6.1752e+04; dt = 7.3268e-03; 61.8 %
             [Mach = 10.182337]
step:8440000; t = 6.1825e+04; dt = 7.3268e-03; 61.8 %
             [Mach = 10.182093]
step:8450000; t = 6.1898e+04; dt = 7.3268e-03; 61.9 %
             [Mach = 10.181873]
step:8460000; t = 6.1972e+04; dt = 7.3268e-03; 62.0 %
             [Mach = 10.181676]
> Writing file #248 (dbl) to disk...
  [ 0.00 sec ]
step:8470000; t = 6.2045e+04; dt = 7.3268e-03; 62.0 %
             [Mach = 10.181498]
step:8480000; t = 6.2118e+04; dt = 7.3268e-03; 62.1 %
             [Mach = 10.181339]
step:8490000; t = 6.2191e+04; dt = 7.3268e-03; 62.2 %
             [Mach = 10.181196]
> Writing file #249 (dbl) to disk...
  [ 0.00 sec ]
step:8500000; t = 6.2265e+04; dt = 7.3268e-03; 62.3 %
             [Mach = 10.181068]
step:8510000; t = 6.2338e+04; dt = 7.3268e-03; 62.3 %
             [Mach = 10.180954]
step:8520000; t = 6.2411e+04; dt = 7.3268e-03; 62.4 %
             [Mach = 10.180852]
step:8530000; t = 6.2485e+04; dt = 7.3268e-03; 62.5 %
             [Mach = 10.180760]
> Writing file #250 (dbl) to disk...
  [ 0.00 sec ]
step:8540000; t = 6.2558e+04; dt = 7.3268e-03; 62.6 %
             [Mach = 10.180678]
step:8550000; t = 6.2631e+04; dt = 7.3268e-03; 62.6 %
             [Mach = 10.180606]
step:8560000; t = 6.2704e+04; dt = 7.3268e-03; 62.7 %
             [Mach = 10.180541]
> Writing file #251 (dbl) to disk...
  [ 0.00 sec ]
step:8570000; t = 6.2778e+04; dt = 7.3268e-03; 62.8 %
             [Mach = 10.180483]
step:8580000; t = 6.2851e+04; dt = 7.3268e-03; 62.9 %
             [Mach = 10.180431]
step:8590000; t = 6.2924e+04; dt = 7.3268e-03; 62.9 %
             [Mach = 10.180385]
step:8600000; t = 6.2997e+04; dt = 7.3268e-03; 63.0 %
             [Mach = 10.180344]
> Writing file #252 (dbl) to disk...
  [ 0.00 sec ]
step:8610000; t = 6.3071e+04; dt = 7.3268e-03; 63.1 %
             [Mach = 10.180307]
step:8620000; t = 6.3144e+04; dt = 7.3268e-03; 63.1 %
             [Mach = 10.180275]
step:8630000; t = 6.3217e+04; dt = 7.3268e-03; 63.2 %
             [Mach = 10.180245]
> Writing file #253 (dbl) to disk...
  [ 0.00 sec ]
step:8640000; t = 6.3290e+04; dt = 7.3268e-03; 63.3 %
             [Mach = 10.180220]
step:8650000; t = 6.3364e+04; dt = 7.3268e-03; 63.4 %
             [Mach = 10.180197]
step:8660000; t = 6.3437e+04; dt = 7.3268e-03; 63.4 %
             [Mach = 10.180176]
> Writing file #254 (dbl) to disk...
  [ 0.00 sec ]
step:8670000; t = 6.3510e+04; dt = 7.3268e-03; 63.5 %
             [Mach = 10.180158]
step:8680000; t = 6.3584e+04; dt = 7.3268e-03; 63.6 %
             [Mach = 10.180141]
step:8690000; t = 6.3657e+04; dt = 7.3268e-03; 63.7 %
             [Mach = 10.180127]
step:8700000; t = 6.3730e+04; dt = 7.3268e-03; 63.7 %
             [Mach = 10.180114]
> Writing file #255 (dbl) to disk...
  [ 0.00 sec ]
step:8710000; t = 6.3803e+04; dt = 7.3268e-03; 63.8 %
             [Mach = 10.180102]
step:8720000; t = 6.3877e+04; dt = 7.3268e-03; 63.9 %
             [Mach = 10.180092]
step:8730000; t = 6.3950e+04; dt = 7.3268e-03; 63.9 %
             [Mach = 10.180083]
> Writing file #256 (dbl) to disk...
  [ 0.00 sec ]
step:8740000; t = 6.4023e+04; dt = 7.3268e-03; 64.0 %
             [Mach = 10.180075]
step:8750000; t = 6.4096e+04; dt = 7.3268e-03; 64.1 %
             [Mach = 10.180067]
step:8760000; t = 6.4170e+04; dt = 7.3268e-03; 64.2 %
             [Mach = 10.180061]
step:8770000; t = 6.4243e+04; dt = 7.3268e-03; 64.2 %
             [Mach = 10.180055]
> Writing file #257 (dbl) to disk...
  [ 0.00 sec ]
step:8780000; t = 6.4316e+04; dt = 7.3268e-03; 64.3 %
             [Mach = 10.180049]
step:8790000; t = 6.4390e+04; dt = 7.3268e-03; 64.4 %
             [Mach = 10.180045]
step:8800000; t = 6.4463e+04; dt = 7.3268e-03; 64.5 %
             [Mach = 10.180041]
> Writing file #258 (dbl) to disk...
  [ 0.00 sec ]
step:8810000; t = 6.4536e+04; dt = 7.3268e-03; 64.5 %
             [Mach = 10.180037]
step:8820000; t = 6.4609e+04; dt = 7.3268e-03; 64.6 %
             [Mach = 10.180034]
step:8830000; t = 6.4683e+04; dt = 7.3268e-03; 64.7 %
             [Mach = 10.180031]
> Writing file #259 (dbl) to disk...
  [ 0.00 sec ]
step:8840000; t = 6.4756e+04; dt = 7.3268e-03; 64.8 %
             [Mach = 10.180028]
step:8850000; t = 6.4829e+04; dt = 7.3268e-03; 64.8 %
             [Mach = 10.180025]
step:8860000; t = 6.4902e+04; dt = 7.3268e-03; 64.9 %
             [Mach = 10.180023]
step:8870000; t = 6.4976e+04; dt = 7.3268e-03; 65.0 %
             [Mach = 10.180021]
> Writing file #260 (dbl) to disk...
  [ 0.00 sec ]
step:8880000; t = 6.5049e+04; dt = 7.3268e-03; 65.0 %
             [Mach = 10.180020]
step:8890000; t = 6.5122e+04; dt = 7.3268e-03; 65.1 %
             [Mach = 10.180018]
step:8900000; t = 6.5195e+04; dt = 7.3268e-03; 65.2 %
             [Mach = 10.180017]
> Writing file #261 (dbl) to disk...
  [ 0.00 sec ]
step:8910000; t = 6.5269e+04; dt = 7.3268e-03; 65.3 %
             [Mach = 10.180016]
step:8920000; t = 6.5342e+04; dt = 7.3268e-03; 65.3 %
             [Mach = 10.180015]
step:8930000; t = 6.5415e+04; dt = 7.3268e-03; 65.4 %
             [Mach = 10.180014]
step:8940000; t = 6.5489e+04; dt = 7.3268e-03; 65.5 %
             [Mach = 10.180013]
> Writing file #262 (dbl) to disk...
  [ 0.00 sec ]
step:8950000; t = 6.5562e+04; dt = 7.3268e-03; 65.6 %
             [Mach = 10.180012]
step:8960000; t = 6.5635e+04; dt = 7.3268e-03; 65.6 %
             [Mach = 10.180011]
step:8970000; t = 6.5708e+04; dt = 7.3268e-03; 65.7 %
             [Mach = 10.180011]
> Writing file #263 (dbl) to disk...
  [ 0.00 sec ]
step:8980000; t = 6.5782e+04; dt = 7.3268e-03; 65.8 %
             [Mach = 10.180010]
step:8990000; t = 6.5855e+04; dt = 7.3268e-03; 65.9 %
             [Mach = 10.180010]
step:9000000; t = 6.5928e+04; dt = 7.3268e-03; 65.9 %
             [Mach = 10.180009]
> Writing file #264 (dbl) to disk...
  [ 0.00 sec ]
step:9010000; t = 6.6001e+04; dt = 7.3268e-03; 66.0 %
             [Mach = 10.180009]
step:9020000; t = 6.6075e+04; dt = 7.3268e-03; 66.1 %
             [Mach = 10.180008]
step:9030000; t = 6.6148e+04; dt = 7.3268e-03; 66.1 %
             [Mach = 10.180008]
step:9040000; t = 6.6221e+04; dt = 7.3268e-03; 66.2 %
             [Mach = 10.180008]
> Writing file #265 (dbl) to disk...
  [ 0.00 sec ]
step:9050000; t = 6.6294e+04; dt = 7.3268e-03; 66.3 %
             [Mach = 10.180008]
step:9060000; t = 6.6368e+04; dt = 7.3268e-03; 66.4 %
             [Mach = 10.180007]
step:9070000; t = 6.6441e+04; dt = 7.3268e-03; 66.4 %
             [Mach = 10.180007]
> Writing file #266 (dbl) to disk...
  [ 0.00 sec ]
step:9080000; t = 6.6514e+04; dt = 7.3268e-03; 66.5 %
             [Mach = 10.180007]
step:9090000; t = 6.6588e+04; dt = 7.3268e-03; 66.6 %
             [Mach = 10.180007]
step:9100000; t = 6.6661e+04; dt = 7.3268e-03; 66.7 %
             [Mach = 10.180007]
step:9110000; t = 6.6734e+04; dt = 7.3268e-03; 66.7 %
             [Mach = 10.180007]
> Writing file #267 (dbl) to disk...
  [ 0.00 sec ]
step:9120000; t = 6.6807e+04; dt = 7.3268e-03; 66.8 %
             [Mach = 10.180006]
step:9130000; t = 6.6881e+04; dt = 7.3268e-03; 66.9 %
             [Mach = 10.180006]
step:9140000; t = 6.6954e+04; dt = 7.3268e-03; 67.0 %
             [Mach = 10.180006]
> Writing file #268 (dbl) to disk...
  [ 0.00 sec ]
step:9150000; t = 6.7027e+04; dt = 7.3268e-03; 67.0 %
             [Mach = 10.180006]
step:9160000; t = 6.7100e+04; dt = 7.3268e-03; 67.1 %
             [Mach = 10.180006]
step:9170000; t = 6.7174e+04; dt = 7.3268e-03; 67.2 %
             [Mach = 10.180006]
step:9180000; t = 6.7247e+04; dt = 7.3268e-03; 67.2 %
             [Mach = 10.180006]
> Writing file #269 (dbl) to disk...
  [ 0.00 sec ]
step:9190000; t = 6.7320e+04; dt = 7.3268e-03; 67.3 %
             [Mach = 10.180006]
step:9200000; t = 6.7393e+04; dt = 7.3268e-03; 67.4 %
             [Mach = 10.180006]
step:9210000; t = 6.7467e+04; dt = 7.3268e-03; 67.5 %
             [Mach = 10.180006]
> Writing file #270 (dbl) to disk...
  [ 0.00 sec ]
step:9220000; t = 6.7540e+04; dt = 7.3268e-03; 67.5 %
             [Mach = 10.180006]
step:9230000; t = 6.7613e+04; dt = 7.3268e-03; 67.6 %
             [Mach = 10.180006]
step:9240000; t = 6.7687e+04; dt = 7.3268e-03; 67.7 %
             [Mach = 10.180006]
> Writing file #271 (dbl) to disk...
  [ 0.00 sec ]
step:9250000; t = 6.7760e+04; dt = 7.3268e-03; 67.8 %
             [Mach = 10.180006]
step:9260000; t = 6.7833e+04; dt = 7.3268e-03; 67.8 %
             [Mach = 10.180006]
step:9270000; t = 6.7906e+04; dt = 7.3268e-03; 67.9 %
             [Mach = 10.180006]
step:9280000; t = 6.7980e+04; dt = 7.3268e-03; 68.0 %
             [Mach = 10.180006]
> Writing file #272 (dbl) to disk...
  [ 0.00 sec ]
step:9290000; t = 6.8053e+04; dt = 7.3268e-03; 68.1 %
             [Mach = 10.180006]
step:9300000; t = 6.8126e+04; dt = 7.3268e-03; 68.1 %
             [Mach = 10.180006]
step:9310000; t = 6.8199e+04; dt = 7.3268e-03; 68.2 %
             [Mach = 10.180006]
> Writing file #273 (dbl) to disk...
  [ 0.00 sec ]
step:9320000; t = 6.8273e+04; dt = 7.3268e-03; 68.3 %
             [Mach = 10.180006]
step:9330000; t = 6.8346e+04; dt = 7.3268e-03; 68.3 %
             [Mach = 10.180006]
step:9340000; t = 6.8419e+04; dt = 7.3268e-03; 68.4 %
             [Mach = 10.180006]
step:9350000; t = 6.8493e+04; dt = 7.3268e-03; 68.5 %
             [Mach = 10.180006]
> Writing file #274 (dbl) to disk...
  [ 0.00 sec ]
step:9360000; t = 6.8566e+04; dt = 7.3268e-03; 68.6 %
             [Mach = 10.180006]
step:9370000; t = 6.8639e+04; dt = 7.3268e-03; 68.6 %
             [Mach = 10.180006]
step:9380000; t = 6.8712e+04; dt = 7.3268e-03; 68.7 %
             [Mach = 10.180006]
> Writing file #275 (dbl) to disk...
  [ 0.00 sec ]
step:9390000; t = 6.8786e+04; dt = 7.3268e-03; 68.8 %
             [Mach = 10.180006]
step:9400000; t = 6.8859e+04; dt = 7.3268e-03; 68.9 %
             [Mach = 10.180005]
step:9410000; t = 6.8932e+04; dt = 7.3268e-03; 68.9 %
             [Mach = 10.180005]
> Writing file #276 (dbl) to disk...
  [ 0.00 sec ]
step:9420000; t = 6.9005e+04; dt = 7.3268e-03; 69.0 %
             [Mach = 10.180005]
step:9430000; t = 6.9079e+04; dt = 7.3268e-03; 69.1 %
             [Mach = 10.180005]
step:9440000; t = 6.9152e+04; dt = 7.3268e-03; 69.2 %
             [Mach = 10.180005]
step:9450000; t = 6.9225e+04; dt = 7.3268e-03; 69.2 %
             [Mach = 10.180005]
> Writing file #277 (dbl) to disk...
  [ 0.00 sec ]
step:9460000; t = 6.9298e+04; dt = 7.3268e-03; 69.3 %
             [Mach = 10.180005]
step:9470000; t = 6.9372e+04; dt = 7.3268e-03; 69.4 %
             [Mach = 10.180005]
step:9480000; t = 6.9445e+04; dt = 7.3268e-03; 69.4 %
             [Mach = 10.180005]
> Writing file #278 (dbl) to disk...
  [ 0.00 sec ]
step:9490000; t = 6.9518e+04; dt = 7.3268e-03; 69.5 %
             [Mach = 10.180005]
step:9500000; t = 6.9592e+04; dt = 7.3268e-03; 69.6 %
             [Mach = 10.180005]
step:9510000; t = 6.9665e+04; dt = 7.3268e-03; 69.7 %
             [Mach = 10.180005]
step:9520000; t = 6.9738e+04; dt = 7.3268e-03; 69.7 %
             [Mach = 10.180005]
> Writing file #279 (dbl) to disk...
  [ 0.00 sec ]
step:9530000; t = 6.9811e+04; dt = 7.3268e-03; 69.8 %
             [Mach = 10.180005]
step:9540000; t = 6.9885e+04; dt = 7.3268e-03; 69.9 %
             [Mach = 10.180005]
step:9550000; t = 6.9958e+04; dt = 7.3268e-03; 70.0 %
             [Mach = 10.180005]
> Writing file #280 (dbl) to disk...
  [ 0.00 sec ]
step:9560000; t = 7.0031e+04; dt = 7.3268e-03; 70.0 %
             [Mach = 10.180005]
step:9570000; t = 7.0104e+04; dt = 7.3268e-03; 70.1 %
             [Mach = 10.180005]
step:9580000; t = 7.0178e+04; dt = 7.3268e-03; 70.2 %
             [Mach = 10.180005]
> Writing file #281 (dbl) to disk...
  [ 0.00 sec ]
step:9590000; t = 7.0251e+04; dt = 7.3268e-03; 70.3 %
             [Mach = 10.180005]
step:9600000; t = 7.0324e+04; dt = 7.3268e-03; 70.3 %
             [Mach = 10.180005]
step:9610000; t = 7.0397e+04; dt = 7.3268e-03; 70.4 %
             [Mach = 10.180005]
step:9620000; t = 7.0471e+04; dt = 7.3268e-03; 70.5 %
             [Mach = 10.180005]
> Writing file #282 (dbl) to disk...
  [ 0.00 sec ]
step:9630000; t = 7.0544e+04; dt = 7.3268e-03; 70.5 %
             [Mach = 10.180005]
step:9640000; t = 7.0617e+04; dt = 7.3268e-03; 70.6 %
             [Mach = 10.180005]
step:9650000; t = 7.0691e+04; dt = 7.3268e-03; 70.7 %
             [Mach = 10.180005]
> Writing file #283 (dbl) to disk...
  [ 0.00 sec ]
step:9660000; t = 7.0764e+04; dt = 7.3268e-03; 70.8 %
             [Mach = 10.180005]
step:9670000; t = 7.0837e+04; dt = 7.3268e-03; 70.8 %
             [Mach = 10.180005]
step:9680000; t = 7.0910e+04; dt = 7.3268e-03; 70.9 %
             [Mach = 10.180005]
step:9690000; t = 7.0984e+04; dt = 7.3268e-03; 71.0 %
             [Mach = 10.180005]
> Writing file #284 (dbl) to disk...
  [ 0.00 sec ]
step:9700000; t = 7.1057e+04; dt = 7.3268e-03; 71.1 %
             [Mach = 10.180005]
step:9710000; t = 7.1130e+04; dt = 7.3268e-03; 71.1 %
             [Mach = 10.180005]
step:9720000; t = 7.1203e+04; dt = 7.3268e-03; 71.2 %
             [Mach = 10.180005]
> Writing file #285 (dbl) to disk...
  [ 0.00 sec ]
step:9730000; t = 7.1277e+04; dt = 7.3268e-03; 71.3 %
             [Mach = 10.180005]
step:9740000; t = 7.1350e+04; dt = 7.3268e-03; 71.3 %
             [Mach = 10.180005]
step:9750000; t = 7.1423e+04; dt = 7.3268e-03; 71.4 %
             [Mach = 10.180005]
step:9760000; t = 7.1496e+04; dt = 7.3268e-03; 71.5 %
             [Mach = 10.180005]
> Writing file #286 (dbl) to disk...
  [ 0.00 sec ]
step:9770000; t = 7.1570e+04; dt = 7.3268e-03; 71.6 %
             [Mach = 10.180005]
step:9780000; t = 7.1643e+04; dt = 7.3268e-03; 71.6 %
             [Mach = 10.180005]
step:9790000; t = 7.1716e+04; dt = 7.3268e-03; 71.7 %
             [Mach = 10.180005]
> Writing file #287 (dbl) to disk...
  [ 0.00 sec ]
step:9800000; t = 7.1790e+04; dt = 7.3268e-03; 71.8 %
             [Mach = 10.180005]
step:9810000; t = 7.1863e+04; dt = 7.3268e-03; 71.9 %
             [Mach = 10.180005]
step:9820000; t = 7.1936e+04; dt = 7.3268e-03; 71.9 %
             [Mach = 10.180005]
> Writing file #288 (dbl) to disk...
  [ 0.00 sec ]
step:9830000; t = 7.2009e+04; dt = 7.3268e-03; 72.0 %
             [Mach = 10.180005]
step:9840000; t = 7.2083e+04; dt = 7.3268e-03; 72.1 %
             [Mach = 10.180005]
step:9850000; t = 7.2156e+04; dt = 7.3268e-03; 72.2 %
             [Mach = 10.180005]
step:9860000; t = 7.2229e+04; dt = 7.3268e-03; 72.2 %
             [Mach = 10.180005]
> Writing file #289 (dbl) to disk...
  [ 0.00 sec ]
step:9870000; t = 7.2302e+04; dt = 7.3268e-03; 72.3 %
             [Mach = 10.180005]
step:9880000; t = 7.2376e+04; dt = 7.3268e-03; 72.4 %
             [Mach = 10.180005]
step:9890000; t = 7.2449e+04; dt = 7.3268e-03; 72.4 %
             [Mach = 10.180005]
> Writing file #290 (dbl) to disk...
  [ 0.00 sec ]
step:9900000; t = 7.2522e+04; dt = 7.3268e-03; 72.5 %
             [Mach = 10.180005]
step:9910000; t = 7.2596e+04; dt = 7.3268e-03; 72.6 %
             [Mach = 10.180005]
step:9920000; t = 7.2669e+04; dt = 7.3268e-03; 72.7 %
             [Mach = 10.180005]
step:9930000; t = 7.2742e+04; dt = 7.3268e-03; 72.7 %
             [Mach = 10.180005]
> Writing file #291 (dbl) to disk...
  [ 0.00 sec ]
step:9940000; t = 7.2815e+04; dt = 7.3268e-03; 72.8 %
             [Mach = 10.180005]
step:9950000; t = 7.2889e+04; dt = 7.3268e-03; 72.9 %
             [Mach = 10.180005]
step:9960000; t = 7.2962e+04; dt = 7.3268e-03; 73.0 %
             [Mach = 10.180005]
> Writing file #292 (dbl) to disk...
  [ 0.00 sec ]
step:9970000; t = 7.3035e+04; dt = 7.3268e-03; 73.0 %
             [Mach = 10.180005]
step:9980000; t = 7.3108e+04; dt = 7.3268e-03; 73.1 %
             [Mach = 10.180005]
step:9990000; t = 7.3182e+04; dt = 7.3268e-03; 73.2 %
             [Mach = 10.180005]
> Writing file #293 (dbl) to disk...
  [ 0.00 sec ]
step:10000000; t = 7.3255e+04; dt = 7.3268e-03; 73.3 %
             [Mach = 10.180005]
step:10010000; t = 7.3328e+04; dt = 7.3268e-03; 73.3 %
             [Mach = 10.180005]
step:10020000; t = 7.3401e+04; dt = 7.3268e-03; 73.4 %
             [Mach = 10.180005]
step:10030000; t = 7.3475e+04; dt = 7.3268e-03; 73.5 %
             [Mach = 10.180005]
> Writing file #294 (dbl) to disk...
  [ 0.00 sec ]
step:10040000; t = 7.3548e+04; dt = 7.3268e-03; 73.5 %
             [Mach = 10.180005]
step:10050000; t = 7.3621e+04; dt = 7.3268e-03; 73.6 %
             [Mach = 10.180005]
step:10060000; t = 7.3695e+04; dt = 7.3268e-03; 73.7 %
             [Mach = 10.180005]
> Writing file #295 (dbl) to disk...
  [ 1.00 sec ]
step:10070000; t = 7.3768e+04; dt = 7.3268e-03; 73.8 %
             [Mach = 10.180005]
step:10080000; t = 7.3841e+04; dt = 7.3268e-03; 73.8 %
             [Mach = 10.180005]
step:10090000; t = 7.3914e+04; dt = 7.3268e-03; 73.9 %
             [Mach = 10.180005]
step:10100000; t = 7.3988e+04; dt = 7.3268e-03; 74.0 %
             [Mach = 10.180005]
> Writing file #296 (dbl) to disk...
  [ 0.00 sec ]
step:10110000; t = 7.4061e+04; dt = 7.3268e-03; 74.1 %
             [Mach = 10.180005]
step:10120000; t = 7.4134e+04; dt = 7.3268e-03; 74.1 %
             [Mach = 10.180005]
step:10130000; t = 7.4207e+04; dt = 7.3268e-03; 74.2 %
             [Mach = 10.180005]
> Writing file #297 (dbl) to disk...
  [ 0.00 sec ]
step:10140000; t = 7.4281e+04; dt = 7.3268e-03; 74.3 %
             [Mach = 10.180005]
step:10150000; t = 7.4354e+04; dt = 7.3268e-03; 74.4 %
             [Mach = 10.180005]
step:10160000; t = 7.4427e+04; dt = 7.3268e-03; 74.4 %
             [Mach = 10.180005]
> Writing file #298 (dbl) to disk...
  [ 0.00 sec ]
step:10170000; t = 7.4500e+04; dt = 7.3268e-03; 74.5 %
             [Mach = 10.180005]
step:10180000; t = 7.4574e+04; dt = 7.3268e-03; 74.6 %
             [Mach = 10.180005]
step:10190000; t = 7.4647e+04; dt = 7.3268e-03; 74.6 %
             [Mach = 10.180005]
step:10200000; t = 7.4720e+04; dt = 7.3268e-03; 74.7 %
             [Mach = 10.180005]
> Writing file #299 (dbl) to disk...
  [ 0.00 sec ]
step:10210000; t = 7.4794e+04; dt = 7.3268e-03; 74.8 %
             [Mach = 10.180005]
step:10220000; t = 7.4867e+04; dt = 7.3268e-03; 74.9 %
             [Mach = 10.180005]
step:10230000; t = 7.4940e+04; dt = 7.3268e-03; 74.9 %
             [Mach = 10.180005]
> Writing file #300 (dbl) to disk...
  [ 0.00 sec ]
step:10240000; t = 7.5013e+04; dt = 7.3268e-03; 75.0 %
             [Mach = 10.180005]
step:10250000; t = 7.5087e+04; dt = 7.3268e-03; 75.1 %
             [Mach = 10.180005]
step:10260000; t = 7.5160e+04; dt = 7.3268e-03; 75.2 %
             [Mach = 10.180005]
step:10270000; t = 7.5233e+04; dt = 7.3268e-03; 75.2 %
             [Mach = 10.180005]
> Writing file #301 (dbl) to disk...
  [ 0.00 sec ]
step:10280000; t = 7.5306e+04; dt = 7.3268e-03; 75.3 %
             [Mach = 10.180005]
step:10290000; t = 7.5380e+04; dt = 7.3268e-03; 75.4 %
             [Mach = 10.180005]
step:10300000; t = 7.5453e+04; dt = 7.3268e-03; 75.5 %
             [Mach = 10.180005]
> Writing file #302 (dbl) to disk...
  [ 0.00 sec ]
step:10310000; t = 7.5526e+04; dt = 7.3268e-03; 75.5 %
             [Mach = 10.180005]
step:10320000; t = 7.5600e+04; dt = 7.3268e-03; 75.6 %
             [Mach = 10.180005]
step:10330000; t = 7.5673e+04; dt = 7.3268e-03; 75.7 %
             [Mach = 10.180005]
step:10340000; t = 7.5746e+04; dt = 7.3268e-03; 75.7 %
             [Mach = 10.180005]
> Writing file #303 (dbl) to disk...
  [ 0.00 sec ]
step:10350000; t = 7.5819e+04; dt = 7.3268e-03; 75.8 %
             [Mach = 10.180005]
step:10360000; t = 7.5893e+04; dt = 7.3268e-03; 75.9 %
             [Mach = 10.180005]
step:10370000; t = 7.5966e+04; dt = 7.3268e-03; 76.0 %
             [Mach = 10.180005]
> Writing file #304 (dbl) to disk...
  [ 0.00 sec ]
step:10380000; t = 7.6039e+04; dt = 7.3268e-03; 76.0 %
             [Mach = 10.180005]
step:10390000; t = 7.6112e+04; dt = 7.3268e-03; 76.1 %
             [Mach = 10.180005]
step:10400000; t = 7.6186e+04; dt = 7.3268e-03; 76.2 %
             [Mach = 10.180005]
> Writing file #305 (dbl) to disk...
  [ 0.00 sec ]
step:10410000; t = 7.6259e+04; dt = 7.3268e-03; 76.3 %
             [Mach = 10.180005]
step:10420000; t = 7.6332e+04; dt = 7.3268e-03; 76.3 %
             [Mach = 10.180005]
step:10430000; t = 7.6405e+04; dt = 7.3268e-03; 76.4 %
             [Mach = 10.180005]
step:10440000; t = 7.6479e+04; dt = 7.3268e-03; 76.5 %
             [Mach = 10.180005]
> Writing file #306 (dbl) to disk...
  [ 0.00 sec ]
step:10450000; t = 7.6552e+04; dt = 7.3268e-03; 76.6 %
             [Mach = 10.180005]
step:10460000; t = 7.6625e+04; dt = 7.3268e-03; 76.6 %
             [Mach = 10.180005]
step:10470000; t = 7.6699e+04; dt = 7.3268e-03; 76.7 %
             [Mach = 10.180005]
> Writing file #307 (dbl) to disk...
  [ 0.00 sec ]
step:10480000; t = 7.6772e+04; dt = 7.3268e-03; 76.8 %
             [Mach = 10.180005]
step:10490000; t = 7.6845e+04; dt = 7.3268e-03; 76.8 %
             [Mach = 10.180005]
step:10500000; t = 7.6918e+04; dt = 7.3268e-03; 76.9 %
             [Mach = 10.180005]
step:10510000; t = 7.6992e+04; dt = 7.3268e-03; 77.0 %
             [Mach = 10.180005]
> Writing file #308 (dbl) to disk...
  [ 1.00 sec ]
step:10520000; t = 7.7065e+04; dt = 7.3268e-03; 77.1 %
             [Mach = 10.180005]
step:10530000; t = 7.7138e+04; dt = 7.3268e-03; 77.1 %
             [Mach = 10.180005]
step:10540000; t = 7.7211e+04; dt = 7.3268e-03; 77.2 %
             [Mach = 10.180005]
> Writing file #309 (dbl) to disk...
  [ 0.00 sec ]
step:10550000; t = 7.7285e+04; dt = 7.3268e-03; 77.3 %
             [Mach = 10.180005]
step:10560000; t = 7.7358e+04; dt = 7.3268e-03; 77.4 %
             [Mach = 10.180005]
step:10570000; t = 7.7431e+04; dt = 7.3268e-03; 77.4 %
             [Mach = 10.180005]
> Writing file #310 (dbl) to disk...
  [ 0.00 sec ]
step:10580000; t = 7.7504e+04; dt = 7.3268e-03; 77.5 %
             [Mach = 10.180005]
step:10590000; t = 7.7578e+04; dt = 7.3268e-03; 77.6 %
             [Mach = 10.180005]
step:10600000; t = 7.7651e+04; dt = 7.3268e-03; 77.7 %
             [Mach = 10.180005]
step:10610000; t = 7.7724e+04; dt = 7.3268e-03; 77.7 %
             [Mach = 10.180005]
> Writing file #311 (dbl) to disk...
  [ 0.00 sec ]
step:10620000; t = 7.7798e+04; dt = 7.3268e-03; 77.8 %
             [Mach = 10.180005]
step:10630000; t = 7.7871e+04; dt = 7.3268e-03; 77.9 %
             [Mach = 10.180005]
step:10640000; t = 7.7944e+04; dt = 7.3268e-03; 77.9 %
             [Mach = 10.180005]
> Writing file #312 (dbl) to disk...
  [ 0.00 sec ]
step:10650000; t = 7.8017e+04; dt = 7.3268e-03; 78.0 %
             [Mach = 10.180005]
step:10660000; t = 7.8091e+04; dt = 7.3268e-03; 78.1 %
             [Mach = 10.180005]
step:10670000; t = 7.8164e+04; dt = 7.3268e-03; 78.2 %
             [Mach = 10.180005]
step:10680000; t = 7.8237e+04; dt = 7.3268e-03; 78.2 %
             [Mach = 10.180005]
> Writing file #313 (dbl) to disk...
  [ 0.00 sec ]
step:10690000; t = 7.8310e+04; dt = 7.3268e-03; 78.3 %
             [Mach = 10.180005]
step:10700000; t = 7.8384e+04; dt = 7.3268e-03; 78.4 %
             [Mach = 10.180005]
step:10710000; t = 7.8457e+04; dt = 7.3268e-03; 78.5 %
             [Mach = 10.180005]
> Writing file #314 (dbl) to disk...
  [ 0.00 sec ]
step:10720000; t = 7.8530e+04; dt = 7.3268e-03; 78.5 %
             [Mach = 10.180005]
step:10730000; t = 7.8603e+04; dt = 7.3268e-03; 78.6 %
             [Mach = 10.180005]
step:10740000; t = 7.8677e+04; dt = 7.3268e-03; 78.7 %
             [Mach = 10.180005]
> Writing file #315 (dbl) to disk...
  [ 0.00 sec ]
step:10750000; t = 7.8750e+04; dt = 7.3268e-03; 78.8 %
             [Mach = 10.180005]
step:10760000; t = 7.8823e+04; dt = 7.3268e-03; 78.8 %
             [Mach = 10.180005]
step:10770000; t = 7.8897e+04; dt = 7.3268e-03; 78.9 %
             [Mach = 10.180005]
step:10780000; t = 7.8970e+04; dt = 7.3268e-03; 79.0 %
             [Mach = 10.180005]
> Writing file #316 (dbl) to disk...
  [ 0.00 sec ]
step:10790000; t = 7.9043e+04; dt = 7.3268e-03; 79.0 %
             [Mach = 10.180005]
step:10800000; t = 7.9116e+04; dt = 7.3268e-03; 79.1 %
             [Mach = 10.180005]
step:10810000; t = 7.9190e+04; dt = 7.3268e-03; 79.2 %
             [Mach = 10.180005]
> Writing file #317 (dbl) to disk...
  [ 0.00 sec ]
step:10820000; t = 7.9263e+04; dt = 7.3268e-03; 79.3 %
             [Mach = 10.180005]
step:10830000; t = 7.9336e+04; dt = 7.3268e-03; 79.3 %
             [Mach = 10.180005]
step:10840000; t = 7.9409e+04; dt = 7.3268e-03; 79.4 %
             [Mach = 10.180005]
step:10850000; t = 7.9483e+04; dt = 7.3268e-03; 79.5 %
             [Mach = 10.180005]
> Writing file #318 (dbl) to disk...
  [ 0.00 sec ]
step:10860000; t = 7.9556e+04; dt = 7.3268e-03; 79.6 %
             [Mach = 10.180005]
step:10870000; t = 7.9629e+04; dt = 7.3268e-03; 79.6 %
             [Mach = 10.180005]
step:10880000; t = 7.9703e+04; dt = 7.3268e-03; 79.7 %
             [Mach = 10.180005]
> Writing file #319 (dbl) to disk...
  [ 0.00 sec ]
step:10890000; t = 7.9776e+04; dt = 7.3268e-03; 79.8 %
             [Mach = 10.180005]
step:10900000; t = 7.9849e+04; dt = 7.3268e-03; 79.8 %
             [Mach = 10.180005]
step:10910000; t = 7.9922e+04; dt = 7.3268e-03; 79.9 %
             [Mach = 10.180005]
step:10920000; t = 7.9996e+04; dt = 7.3268e-03; 80.0 %
             [Mach = 10.180005]
> Writing file #320 (dbl) to disk...
  [ 0.00 sec ]
step:10930000; t = 8.0069e+04; dt = 7.3268e-03; 80.1 %
             [Mach = 10.180005]
step:10940000; t = 8.0142e+04; dt = 7.3268e-03; 80.1 %
             [Mach = 10.180005]
step:10950000; t = 8.0215e+04; dt = 7.3268e-03; 80.2 %
             [Mach = 10.180005]
> Writing file #321 (dbl) to disk...
  [ 0.00 sec ]
step:10960000; t = 8.0289e+04; dt = 7.3268e-03; 80.3 %
             [Mach = 10.180005]
step:10970000; t = 8.0362e+04; dt = 7.3268e-03; 80.4 %
             [Mach = 10.180005]
step:10980000; t = 8.0435e+04; dt = 7.3268e-03; 80.4 %
             [Mach = 10.180005]
> Writing file #322 (dbl) to disk...
  [ 0.00 sec ]
step:10990000; t = 8.0508e+04; dt = 7.3268e-03; 80.5 %
             [Mach = 10.180005]
step:11000000; t = 8.0582e+04; dt = 7.3268e-03; 80.6 %
             [Mach = 10.180005]
step:11010000; t = 8.0655e+04; dt = 7.3268e-03; 80.7 %
             [Mach = 10.180005]
step:11020000; t = 8.0728e+04; dt = 7.3268e-03; 80.7 %
             [Mach = 10.180005]
> Writing file #323 (dbl) to disk...
  [ 0.00 sec ]
step:11030000; t = 8.0802e+04; dt = 7.3268e-03; 80.8 %
             [Mach = 10.180005]
step:11040000; t = 8.0875e+04; dt = 7.3268e-03; 80.9 %
             [Mach = 10.180005]
step:11050000; t = 8.0948e+04; dt = 7.3268e-03; 80.9 %
             [Mach = 10.180005]
> Writing file #324 (dbl) to disk...
  [ 0.00 sec ]
step:11060000; t = 8.1021e+04; dt = 7.3268e-03; 81.0 %
             [Mach = 10.180005]
step:11070000; t = 8.1095e+04; dt = 7.3268e-03; 81.1 %
             [Mach = 10.180005]
step:11080000; t = 8.1168e+04; dt = 7.3268e-03; 81.2 %
             [Mach = 10.180005]
step:11090000; t = 8.1241e+04; dt = 7.3268e-03; 81.2 %
             [Mach = 10.180005]
> Writing file #325 (dbl) to disk...
  [ 0.00 sec ]
step:11100000; t = 8.1314e+04; dt = 7.3268e-03; 81.3 %
             [Mach = 10.180005]
step:11110000; t = 8.1388e+04; dt = 7.3268e-03; 81.4 %
             [Mach = 10.180005]
step:11120000; t = 8.1461e+04; dt = 7.3268e-03; 81.5 %
             [Mach = 10.180005]
> Writing file #326 (dbl) to disk...
  [ 0.00 sec ]
step:11130000; t = 8.1534e+04; dt = 7.3268e-03; 81.5 %
             [Mach = 10.180005]
step:11140000; t = 8.1607e+04; dt = 7.3268e-03; 81.6 %
             [Mach = 10.180005]
step:11150000; t = 8.1681e+04; dt = 7.3268e-03; 81.7 %
             [Mach = 10.180005]
> Writing file #327 (dbl) to disk...
  [ 0.00 sec ]
step:11160000; t = 8.1754e+04; dt = 7.3268e-03; 81.8 %
             [Mach = 10.180005]
step:11170000; t = 8.1827e+04; dt = 7.3268e-03; 81.8 %
             [Mach = 10.180005]
step:11180000; t = 8.1901e+04; dt = 7.3268e-03; 81.9 %
             [Mach = 10.180005]
step:11190000; t = 8.1974e+04; dt = 7.3268e-03; 82.0 %
             [Mach = 10.180005]
> Writing file #328 (dbl) to disk...
  [ 0.00 sec ]
step:11200000; t = 8.2047e+04; dt = 7.3268e-03; 82.0 %
             [Mach = 10.180005]
step:11210000; t = 8.2120e+04; dt = 7.3268e-03; 82.1 %
             [Mach = 10.180005]
step:11220000; t = 8.2194e+04; dt = 7.3268e-03; 82.2 %
             [Mach = 10.180005]
> Writing file #329 (dbl) to disk...
  [ 0.00 sec ]
step:11230000; t = 8.2267e+04; dt = 7.3268e-03; 82.3 %
             [Mach = 10.180005]
step:11240000; t = 8.2340e+04; dt = 7.3268e-03; 82.3 %
             [Mach = 10.180005]
step:11250000; t = 8.2413e+04; dt = 7.3268e-03; 82.4 %
             [Mach = 10.180005]
step:11260000; t = 8.2487e+04; dt = 7.3268e-03; 82.5 %
             [Mach = 10.180005]
> Writing file #330 (dbl) to disk...
  [ 0.00 sec ]
step:11270000; t = 8.2560e+04; dt = 7.3268e-03; 82.6 %
             [Mach = 10.180005]
step:11280000; t = 8.2633e+04; dt = 7.3268e-03; 82.6 %
             [Mach = 10.180005]
step:11290000; t = 8.2706e+04; dt = 7.3268e-03; 82.7 %
             [Mach = 10.180005]
> Writing file #331 (dbl) to disk...
  [ 0.00 sec ]
step:11300000; t = 8.2780e+04; dt = 7.3268e-03; 82.8 %
             [Mach = 10.180005]
step:11310000; t = 8.2853e+04; dt = 7.3268e-03; 82.9 %
             [Mach = 10.180005]
step:11320000; t = 8.2926e+04; dt = 7.3268e-03; 82.9 %
             [Mach = 10.180005]
step:11330000; t = 8.3000e+04; dt = 7.3268e-03; 83.0 %
             [Mach = 10.180005]
> Writing file #332 (dbl) to disk...
  [ 0.00 sec ]
step:11340000; t = 8.3073e+04; dt = 7.3268e-03; 83.1 %
             [Mach = 10.180005]
step:11350000; t = 8.3146e+04; dt = 7.3268e-03; 83.1 %
             [Mach = 10.180005]
step:11360000; t = 8.3219e+04; dt = 7.3268e-03; 83.2 %
             [Mach = 10.180005]
> Writing file #333 (dbl) to disk...
  [ 0.00 sec ]
step:11370000; t = 8.3293e+04; dt = 7.3268e-03; 83.3 %
             [Mach = 10.180005]
step:11380000; t = 8.3366e+04; dt = 7.3268e-03; 83.4 %
             [Mach = 10.180005]
step:11390000; t = 8.3439e+04; dt = 7.3268e-03; 83.4 %
             [Mach = 10.180005]
> Writing file #334 (dbl) to disk...
  [ 0.00 sec ]
step:11400000; t = 8.3512e+04; dt = 7.3268e-03; 83.5 %
             [Mach = 10.180005]
step:11410000; t = 8.3586e+04; dt = 7.3268e-03; 83.6 %
             [Mach = 10.180005]
step:11420000; t = 8.3659e+04; dt = 7.3268e-03; 83.7 %
             [Mach = 10.180005]
step:11430000; t = 8.3732e+04; dt = 7.3268e-03; 83.7 %
             [Mach = 10.180005]
> Writing file #335 (dbl) to disk...
  [ 0.00 sec ]
step:11440000; t = 8.3806e+04; dt = 7.3268e-03; 83.8 %
             [Mach = 10.180005]
step:11450000; t = 8.3879e+04; dt = 7.3268e-03; 83.9 %
             [Mach = 10.180005]
step:11460000; t = 8.3952e+04; dt = 7.3268e-03; 84.0 %
             [Mach = 10.180005]
> Writing file #336 (dbl) to disk...
  [ 0.00 sec ]
step:11470000; t = 8.4025e+04; dt = 7.3268e-03; 84.0 %
             [Mach = 10.180005]
step:11480000; t = 8.4099e+04; dt = 7.3268e-03; 84.1 %
             [Mach = 10.180005]
step:11490000; t = 8.4172e+04; dt = 7.3268e-03; 84.2 %
             [Mach = 10.180005]
step:11500000; t = 8.4245e+04; dt = 7.3268e-03; 84.2 %
             [Mach = 10.180005]
> Writing file #337 (dbl) to disk...
  [ 0.00 sec ]
step:11510000; t = 8.4318e+04; dt = 7.3268e-03; 84.3 %
             [Mach = 10.180005]
step:11520000; t = 8.4392e+04; dt = 7.3268e-03; 84.4 %
             [Mach = 10.180005]
step:11530000; t = 8.4465e+04; dt = 7.3268e-03; 84.5 %
             [Mach = 10.180005]
> Writing file #338 (dbl) to disk...
  [ 0.00 sec ]
step:11540000; t = 8.4538e+04; dt = 7.3268e-03; 84.5 %
             [Mach = 10.180005]
step:11550000; t = 8.4611e+04; dt = 7.3268e-03; 84.6 %
             [Mach = 10.180005]
step:11560000; t = 8.4685e+04; dt = 7.3268e-03; 84.7 %
             [Mach = 10.180005]
> Writing file #339 (dbl) to disk...
  [ 0.00 sec ]
step:11570000; t = 8.4758e+04; dt = 7.3268e-03; 84.8 %
             [Mach = 10.180005]
step:11580000; t = 8.4831e+04; dt = 7.3268e-03; 84.8 %
             [Mach = 10.180005]
step:11590000; t = 8.4905e+04; dt = 7.3268e-03; 84.9 %
             [Mach = 10.180005]
step:11600000; t = 8.4978e+04; dt = 7.3268e-03; 85.0 %
             [Mach = 10.180005]
> Writing file #340 (dbl) to disk...
  [ 0.00 sec ]
step:11610000; t = 8.5051e+04; dt = 7.3268e-03; 85.1 %
             [Mach = 10.180005]
step:11620000; t = 8.5124e+04; dt = 7.3268e-03; 85.1 %
             [Mach = 10.180005]
step:11630000; t = 8.5198e+04; dt = 7.3268e-03; 85.2 %
             [Mach = 10.180005]
> Writing file #341 (dbl) to disk...
  [ 0.00 sec ]
step:11640000; t = 8.5271e+04; dt = 7.3268e-03; 85.3 %
             [Mach = 10.180005]
step:11650000; t = 8.5344e+04; dt = 7.3268e-03; 85.3 %
             [Mach = 10.180005]
step:11660000; t = 8.5417e+04; dt = 7.3268e-03; 85.4 %
             [Mach = 10.180005]
step:11670000; t = 8.5491e+04; dt = 7.3268e-03; 85.5 %
             [Mach = 10.180005]
> Writing file #342 (dbl) to disk...
  [ 0.00 sec ]
step:11680000; t = 8.5564e+04; dt = 7.3268e-03; 85.6 %
             [Mach = 10.180005]
step:11690000; t = 8.5637e+04; dt = 7.3268e-03; 85.6 %
             [Mach = 10.180005]
step:11700000; t = 8.5710e+04; dt = 7.3268e-03; 85.7 %
             [Mach = 10.180005]
> Writing file #343 (dbl) to disk...
  [ 0.00 sec ]
step:11710000; t = 8.5784e+04; dt = 7.3268e-03; 85.8 %
             [Mach = 10.180005]
step:11720000; t = 8.5857e+04; dt = 7.3268e-03; 85.9 %
             [Mach = 10.180005]
step:11730000; t = 8.5930e+04; dt = 7.3268e-03; 85.9 %
             [Mach = 10.180005]
> Writing file #344 (dbl) to disk...
  [ 0.00 sec ]
step:11740000; t = 8.6004e+04; dt = 7.3268e-03; 86.0 %
             [Mach = 10.180005]
step:11750000; t = 8.6077e+04; dt = 7.3268e-03; 86.1 %
             [Mach = 10.180005]
step:11760000; t = 8.6150e+04; dt = 7.3268e-03; 86.2 %
             [Mach = 10.180005]
step:11770000; t = 8.6223e+04; dt = 7.3268e-03; 86.2 %
             [Mach = 10.180005]
> Writing file #345 (dbl) to disk...
  [ 0.00 sec ]
step:11780000; t = 8.6297e+04; dt = 7.3268e-03; 86.3 %
             [Mach = 10.180005]
step:11790000; t = 8.6370e+04; dt = 7.3268e-03; 86.4 %
             [Mach = 10.180005]
step:11800000; t = 8.6443e+04; dt = 7.3268e-03; 86.4 %
             [Mach = 10.180005]
> Writing file #346 (dbl) to disk...
  [ 0.00 sec ]
step:11810000; t = 8.6516e+04; dt = 7.3268e-03; 86.5 %
             [Mach = 10.180005]
step:11820000; t = 8.6590e+04; dt = 7.3268e-03; 86.6 %
             [Mach = 10.180005]
step:11830000; t = 8.6663e+04; dt = 7.3268e-03; 86.7 %
             [Mach = 10.180005]
step:11840000; t = 8.6736e+04; dt = 7.3268e-03; 86.7 %
             [Mach = 10.180005]
> Writing file #347 (dbl) to disk...
  [ 0.00 sec ]
step:11850000; t = 8.6809e+04; dt = 7.3268e-03; 86.8 %
             [Mach = 10.180005]
step:11860000; t = 8.6883e+04; dt = 7.3268e-03; 86.9 %
             [Mach = 10.180005]
step:11870000; t = 8.6956e+04; dt = 7.3268e-03; 87.0 %
             [Mach = 10.180005]
> Writing file #348 (dbl) to disk...
  [ 0.00 sec ]
step:11880000; t = 8.7029e+04; dt = 7.3268e-03; 87.0 %
             [Mach = 10.180005]
step:11890000; t = 8.7103e+04; dt = 7.3268e-03; 87.1 %
             [Mach = 10.180005]
step:11900000; t = 8.7176e+04; dt = 7.3268e-03; 87.2 %
             [Mach = 10.180005]
step:11910000; t = 8.7249e+04; dt = 7.3268e-03; 87.2 %
             [Mach = 10.180005]
> Writing file #349 (dbl) to disk...
  [ 0.00 sec ]
step:11920000; t = 8.7322e+04; dt = 7.3268e-03; 87.3 %
             [Mach = 10.180005]
step:11930000; t = 8.7396e+04; dt = 7.3268e-03; 87.4 %
             [Mach = 10.180005]
step:11940000; t = 8.7469e+04; dt = 7.3268e-03; 87.5 %
             [Mach = 10.180005]
> Writing file #350 (dbl) to disk...
  [ 0.00 sec ]
step:11950000; t = 8.7542e+04; dt = 7.3268e-03; 87.5 %
             [Mach = 10.180005]
step:11960000; t = 8.7615e+04; dt = 7.3268e-03; 87.6 %
             [Mach = 10.180005]
step:11970000; t = 8.7689e+04; dt = 7.3268e-03; 87.7 %
             [Mach = 10.180005]
> Writing file #351 (dbl) to disk...
  [ 0.00 sec ]
step:11980000; t = 8.7762e+04; dt = 7.3268e-03; 87.8 %
             [Mach = 10.180005]
step:11990000; t = 8.7835e+04; dt = 7.3268e-03; 87.8 %
             [Mach = 10.180005]
step:12000000; t = 8.7909e+04; dt = 7.3268e-03; 87.9 %
             [Mach = 10.180005]
step:12010000; t = 8.7982e+04; dt = 7.3268e-03; 88.0 %
             [Mach = 10.180005]
> Writing file #352 (dbl) to disk...
  [ 0.00 sec ]
step:12020000; t = 8.8055e+04; dt = 7.3268e-03; 88.1 %
             [Mach = 10.180005]
step:12030000; t = 8.8128e+04; dt = 7.3268e-03; 88.1 %
             [Mach = 10.180005]
step:12040000; t = 8.8202e+04; dt = 7.3268e-03; 88.2 %
             [Mach = 10.180005]
> Writing file #353 (dbl) to disk...
  [ 0.00 sec ]
step:12050000; t = 8.8275e+04; dt = 7.3268e-03; 88.3 %
             [Mach = 10.180005]
step:12060000; t = 8.8348e+04; dt = 7.3268e-03; 88.3 %
             [Mach = 10.180005]
step:12070000; t = 8.8421e+04; dt = 7.3268e-03; 88.4 %
             [Mach = 10.180005]
step:12080000; t = 8.8495e+04; dt = 7.3268e-03; 88.5 %
             [Mach = 10.180005]
> Writing file #354 (dbl) to disk...
  [ 0.00 sec ]
step:12090000; t = 8.8568e+04; dt = 7.3268e-03; 88.6 %
             [Mach = 10.180005]
step:12100000; t = 8.8641e+04; dt = 7.3268e-03; 88.6 %
             [Mach = 10.180005]
step:12110000; t = 8.8714e+04; dt = 7.3268e-03; 88.7 %
             [Mach = 10.180005]
> Writing file #355 (dbl) to disk...
  [ 0.00 sec ]
step:12120000; t = 8.8788e+04; dt = 7.3268e-03; 88.8 %
             [Mach = 10.180005]
step:12130000; t = 8.8861e+04; dt = 7.3268e-03; 88.9 %
             [Mach = 10.180005]
step:12140000; t = 8.8934e+04; dt = 7.3268e-03; 88.9 %
             [Mach = 10.180005]
> Writing file #356 (dbl) to disk...
  [ 0.00 sec ]
step:12150000; t = 8.9008e+04; dt = 7.3268e-03; 89.0 %
             [Mach = 10.180005]
step:12160000; t = 8.9081e+04; dt = 7.3268e-03; 89.1 %
             [Mach = 10.180005]
step:12170000; t = 8.9154e+04; dt = 7.3268e-03; 89.2 %
             [Mach = 10.180005]
step:12180000; t = 8.9227e+04; dt = 7.3268e-03; 89.2 %
             [Mach = 10.180005]
> Writing file #357 (dbl) to disk...
  [ 0.00 sec ]
step:12190000; t = 8.9301e+04; dt = 7.3268e-03; 89.3 %
             [Mach = 10.180005]
step:12200000; t = 8.9374e+04; dt = 7.3268e-03; 89.4 %
             [Mach = 10.180005]
step:12210000; t = 8.9447e+04; dt = 7.3268e-03; 89.4 %
             [Mach = 10.180005]
> Writing file #358 (dbl) to disk...
  [ 0.00 sec ]
step:12220000; t = 8.9520e+04; dt = 7.3268e-03; 89.5 %
             [Mach = 10.180005]
step:12230000; t = 8.9594e+04; dt = 7.3268e-03; 89.6 %
             [Mach = 10.180005]
step:12240000; t = 8.9667e+04; dt = 7.3268e-03; 89.7 %
             [Mach = 10.180005]
step:12250000; t = 8.9740e+04; dt = 7.3268e-03; 89.7 %
             [Mach = 10.180005]
> Writing file #359 (dbl) to disk...
  [ 0.00 sec ]
step:12260000; t = 8.9813e+04; dt = 7.3268e-03; 89.8 %
             [Mach = 10.180005]
step:12270000; t = 8.9887e+04; dt = 7.3268e-03; 89.9 %
             [Mach = 10.180005]
step:12280000; t = 8.9960e+04; dt = 7.3268e-03; 90.0 %
             [Mach = 10.180005]
> Writing file #360 (dbl) to disk...
  [ 0.00 sec ]
step:12290000; t = 9.0033e+04; dt = 7.3268e-03; 90.0 %
             [Mach = 10.180005]
step:12300000; t = 9.0107e+04; dt = 7.3268e-03; 90.1 %
             [Mach = 10.180005]
step:12310000; t = 9.0180e+04; dt = 7.3268e-03; 90.2 %
             [Mach = 10.180005]
> Writing file #361 (dbl) to disk...
  [ 0.00 sec ]
step:12320000; t = 9.0253e+04; dt = 7.3268e-03; 90.3 %
             [Mach = 10.180005]
step:12330000; t = 9.0326e+04; dt = 7.3268e-03; 90.3 %
             [Mach = 10.180005]
step:12340000; t = 9.0400e+04; dt = 7.3268e-03; 90.4 %
             [Mach = 10.180005]
step:12350000; t = 9.0473e+04; dt = 7.3268e-03; 90.5 %
             [Mach = 10.180005]
> Writing file #362 (dbl) to disk...
  [ 0.00 sec ]
step:12360000; t = 9.0546e+04; dt = 7.3268e-03; 90.5 %
             [Mach = 10.180005]
step:12370000; t = 9.0619e+04; dt = 7.3268e-03; 90.6 %
             [Mach = 10.180005]
step:12380000; t = 9.0693e+04; dt = 7.3268e-03; 90.7 %
             [Mach = 10.180005]
> Writing file #363 (dbl) to disk...
  [ 0.00 sec ]
step:12390000; t = 9.0766e+04; dt = 7.3268e-03; 90.8 %
             [Mach = 10.180005]
step:12400000; t = 9.0839e+04; dt = 7.3268e-03; 90.8 %
             [Mach = 10.180005]
step:12410000; t = 9.0913e+04; dt = 7.3268e-03; 90.9 %
             [Mach = 10.180005]
step:12420000; t = 9.0986e+04; dt = 7.3268e-03; 91.0 %
             [Mach = 10.180005]
> Writing file #364 (dbl) to disk...
  [ 0.00 sec ]
step:12430000; t = 9.1059e+04; dt = 7.3268e-03; 91.1 %
             [Mach = 10.180005]
step:12440000; t = 9.1132e+04; dt = 7.3268e-03; 91.1 %
             [Mach = 10.180005]
step:12450000; t = 9.1206e+04; dt = 7.3268e-03; 91.2 %
             [Mach = 10.180005]
> Writing file #365 (dbl) to disk...
  [ 0.00 sec ]
step:12460000; t = 9.1279e+04; dt = 7.3268e-03; 91.3 %
             [Mach = 10.180005]
step:12470000; t = 9.1352e+04; dt = 7.3268e-03; 91.4 %
             [Mach = 10.180005]
step:12480000; t = 9.1425e+04; dt = 7.3268e-03; 91.4 %
             [Mach = 10.180005]
step:12490000; t = 9.1499e+04; dt = 7.3268e-03; 91.5 %
             [Mach = 10.180005]
> Writing file #366 (dbl) to disk...
  [ 0.00 sec ]
step:12500000; t = 9.1572e+04; dt = 7.3268e-03; 91.6 %
             [Mach = 10.180005]
step:12510000; t = 9.1645e+04; dt = 7.3268e-03; 91.6 %
             [Mach = 10.180005]
step:12520000; t = 9.1718e+04; dt = 7.3268e-03; 91.7 %
             [Mach = 10.180005]
> Writing file #367 (dbl) to disk...
  [ 0.00 sec ]
step:12530000; t = 9.1792e+04; dt = 7.3268e-03; 91.8 %
             [Mach = 10.180005]
step:12540000; t = 9.1865e+04; dt = 7.3268e-03; 91.9 %
             [Mach = 10.180005]
step:12550000; t = 9.1938e+04; dt = 7.3268e-03; 91.9 %
             [Mach = 10.180005]
> Writing file #368 (dbl) to disk...
  [ 0.00 sec ]
step:12560000; t = 9.2012e+04; dt = 7.3268e-03; 92.0 %
             [Mach = 10.180005]
step:12570000; t = 9.2085e+04; dt = 7.3268e-03; 92.1 %
             [Mach = 10.180005]
step:12580000; t = 9.2158e+04; dt = 7.3268e-03; 92.2 %
             [Mach = 10.180005]
step:12590000; t = 9.2231e+04; dt = 7.3268e-03; 92.2 %
             [Mach = 10.180005]
> Writing file #369 (dbl) to disk...
  [ 0.00 sec ]
step:12600000; t = 9.2305e+04; dt = 7.3268e-03; 92.3 %
             [Mach = 10.180005]
step:12610000; t = 9.2378e+04; dt = 7.3268e-03; 92.4 %
             [Mach = 10.180005]
step:12620000; t = 9.2451e+04; dt = 7.3268e-03; 92.5 %
             [Mach = 10.180005]
> Writing file #370 (dbl) to disk...
  [ 0.00 sec ]
step:12630000; t = 9.2524e+04; dt = 7.3268e-03; 92.5 %
             [Mach = 10.180005]
step:12640000; t = 9.2598e+04; dt = 7.3268e-03; 92.6 %
             [Mach = 10.180005]
step:12650000; t = 9.2671e+04; dt = 7.3268e-03; 92.7 %
             [Mach = 10.180005]
step:12660000; t = 9.2744e+04; dt = 7.3268e-03; 92.7 %
             [Mach = 10.180005]
> Writing file #371 (dbl) to disk...
  [ 0.00 sec ]
step:12670000; t = 9.2817e+04; dt = 7.3268e-03; 92.8 %
             [Mach = 10.180005]
step:12680000; t = 9.2891e+04; dt = 7.3268e-03; 92.9 %
             [Mach = 10.180005]
step:12690000; t = 9.2964e+04; dt = 7.3268e-03; 93.0 %
             [Mach = 10.180005]
> Writing file #372 (dbl) to disk...
  [ 0.00 sec ]
step:12700000; t = 9.3037e+04; dt = 7.3268e-03; 93.0 %
             [Mach = 10.180005]
step:12710000; t = 9.3111e+04; dt = 7.3268e-03; 93.1 %
             [Mach = 10.180005]
step:12720000; t = 9.3184e+04; dt = 7.3268e-03; 93.2 %
             [Mach = 10.180005]
> Writing file #373 (dbl) to disk...
  [ 0.00 sec ]
step:12730000; t = 9.3257e+04; dt = 7.3268e-03; 93.3 %
             [Mach = 10.180005]
step:12740000; t = 9.3330e+04; dt = 7.3268e-03; 93.3 %
             [Mach = 10.180005]
step:12750000; t = 9.3404e+04; dt = 7.3268e-03; 93.4 %
             [Mach = 10.180005]
step:12760000; t = 9.3477e+04; dt = 7.3268e-03; 93.5 %
             [Mach = 10.180005]
> Writing file #374 (dbl) to disk...
  [ 0.00 sec ]
step:12770000; t = 9.3550e+04; dt = 7.3268e-03; 93.6 %
             [Mach = 10.180005]
step:12780000; t = 9.3623e+04; dt = 7.3268e-03; 93.6 %
             [Mach = 10.180005]
step:12790000; t = 9.3697e+04; dt = 7.3268e-03; 93.7 %
             [Mach = 10.180005]
> Writing file #375 (dbl) to disk...
  [ 0.00 sec ]
step:12800000; t = 9.3770e+04; dt = 7.3268e-03; 93.8 %
             [Mach = 10.180005]
step:12810000; t = 9.3843e+04; dt = 7.3268e-03; 93.8 %
             [Mach = 10.180005]
step:12820000; t = 9.3916e+04; dt = 7.3268e-03; 93.9 %
             [Mach = 10.180005]
step:12830000; t = 9.3990e+04; dt = 7.3268e-03; 94.0 %
             [Mach = 10.180005]
> Writing file #376 (dbl) to disk...
  [ 0.00 sec ]
step:12840000; t = 9.4063e+04; dt = 7.3268e-03; 94.1 %
             [Mach = 10.180005]
step:12850000; t = 9.4136e+04; dt = 7.3268e-03; 94.1 %
             [Mach = 10.180005]
step:12860000; t = 9.4210e+04; dt = 7.3268e-03; 94.2 %
             [Mach = 10.180005]
> Writing file #377 (dbl) to disk...
  [ 0.00 sec ]
step:12870000; t = 9.4283e+04; dt = 7.3268e-03; 94.3 %
             [Mach = 10.180005]
step:12880000; t = 9.4356e+04; dt = 7.3268e-03; 94.4 %
             [Mach = 10.180005]
step:12890000; t = 9.4429e+04; dt = 7.3268e-03; 94.4 %
             [Mach = 10.180005]
> Writing file #378 (dbl) to disk...
  [ 0.00 sec ]
step:12900000; t = 9.4503e+04; dt = 7.3268e-03; 94.5 %
             [Mach = 10.180005]
step:12910000; t = 9.4576e+04; dt = 7.3268e-03; 94.6 %
             [Mach = 10.180005]
step:12920000; t = 9.4649e+04; dt = 7.3268e-03; 94.6 %
             [Mach = 10.180005]
step:12930000; t = 9.4722e+04; dt = 7.3268e-03; 94.7 %
             [Mach = 10.180005]
> Writing file #379 (dbl) to disk...
  [ 0.00 sec ]
step:12940000; t = 9.4796e+04; dt = 7.3268e-03; 94.8 %
             [Mach = 10.180005]
step:12950000; t = 9.4869e+04; dt = 7.3268e-03; 94.9 %
             [Mach = 10.180005]
step:12960000; t = 9.4942e+04; dt = 7.3268e-03; 94.9 %
             [Mach = 10.180005]
> Writing file #380 (dbl) to disk...
  [ 0.00 sec ]
step:12970000; t = 9.5016e+04; dt = 7.3268e-03; 95.0 %
             [Mach = 10.180005]
step:12980000; t = 9.5089e+04; dt = 7.3268e-03; 95.1 %
             [Mach = 10.180005]
step:12990000; t = 9.5162e+04; dt = 7.3268e-03; 95.2 %
             [Mach = 10.180005]
step:13000000; t = 9.5235e+04; dt = 7.3268e-03; 95.2 %
             [Mach = 10.180005]
> Writing file #381 (dbl) to disk...
  [ 0.00 sec ]
step:13010000; t = 9.5309e+04; dt = 7.3268e-03; 95.3 %
             [Mach = 10.180005]
step:13020000; t = 9.5382e+04; dt = 7.3268e-03; 95.4 %
             [Mach = 10.180005]
step:13030000; t = 9.5455e+04; dt = 7.3268e-03; 95.5 %
             [Mach = 10.180005]
> Writing file #382 (dbl) to disk...
  [ 0.00 sec ]
step:13040000; t = 9.5528e+04; dt = 7.3268e-03; 95.5 %
             [Mach = 10.180005]
step:13050000; t = 9.5602e+04; dt = 7.3268e-03; 95.6 %
             [Mach = 10.180005]
step:13060000; t = 9.5675e+04; dt = 7.3268e-03; 95.7 %
             [Mach = 10.180005]
step:13070000; t = 9.5748e+04; dt = 7.3268e-03; 95.7 %
             [Mach = 10.180005]
> Writing file #383 (dbl) to disk...
  [ 0.00 sec ]
step:13080000; t = 9.5821e+04; dt = 7.3268e-03; 95.8 %
             [Mach = 10.180005]
step:13090000; t = 9.5895e+04; dt = 7.3268e-03; 95.9 %
             [Mach = 10.180005]
step:13100000; t = 9.5968e+04; dt = 7.3268e-03; 96.0 %
             [Mach = 10.180005]
> Writing file #384 (dbl) to disk...
  [ 0.00 sec ]
step:13110000; t = 9.6041e+04; dt = 7.3268e-03; 96.0 %
             [Mach = 10.180005]
step:13120000; t = 9.6115e+04; dt = 7.3268e-03; 96.1 %
             [Mach = 10.180005]
step:13130000; t = 9.6188e+04; dt = 7.3268e-03; 96.2 %
             [Mach = 10.180005]
> Writing file #385 (dbl) to disk...
  [ 0.00 sec ]
step:13140000; t = 9.6261e+04; dt = 7.3268e-03; 96.3 %
             [Mach = 10.180005]
step:13150000; t = 9.6334e+04; dt = 7.3268e-03; 96.3 %
             [Mach = 10.180005]
step:13160000; t = 9.6408e+04; dt = 7.3268e-03; 96.4 %
             [Mach = 10.180005]
step:13170000; t = 9.6481e+04; dt = 7.3268e-03; 96.5 %
             [Mach = 10.180005]
> Writing file #386 (dbl) to disk...
  [ 0.00 sec ]
step:13180000; t = 9.6554e+04; dt = 7.3268e-03; 96.6 %
             [Mach = 10.180005]
step:13190000; t = 9.6627e+04; dt = 7.3268e-03; 96.6 %
             [Mach = 10.180005]
step:13200000; t = 9.6701e+04; dt = 7.3268e-03; 96.7 %
             [Mach = 10.180005]
> Writing file #387 (dbl) to disk...
  [ 0.00 sec ]
step:13210000; t = 9.6774e+04; dt = 7.3268e-03; 96.8 %
             [Mach = 10.180005]
step:13220000; t = 9.6847e+04; dt = 7.3268e-03; 96.8 %
             [Mach = 10.180005]
step:13230000; t = 9.6920e+04; dt = 7.3268e-03; 96.9 %
             [Mach = 10.180005]
step:13240000; t = 9.6994e+04; dt = 7.3268e-03; 97.0 %
             [Mach = 10.180005]
> Writing file #388 (dbl) to disk...
  [ 0.00 sec ]
step:13250000; t = 9.7067e+04; dt = 7.3268e-03; 97.1 %
             [Mach = 10.180005]
step:13260000; t = 9.7140e+04; dt = 7.3268e-03; 97.1 %
             [Mach = 10.180005]
step:13270000; t = 9.7214e+04; dt = 7.3268e-03; 97.2 %
             [Mach = 10.180005]
> Writing file #389 (dbl) to disk...
  [ 0.00 sec ]
step:13280000; t = 9.7287e+04; dt = 7.3268e-03; 97.3 %
             [Mach = 10.180005]
step:13290000; t = 9.7360e+04; dt = 7.3268e-03; 97.4 %
             [Mach = 10.180005]
step:13300000; t = 9.7433e+04; dt = 7.3268e-03; 97.4 %
             [Mach = 10.180005]
> Writing file #390 (dbl) to disk...
  [ 0.00 sec ]
step:13310000; t = 9.7507e+04; dt = 7.3268e-03; 97.5 %
             [Mach = 10.180005]
step:13320000; t = 9.7580e+04; dt = 7.3268e-03; 97.6 %
             [Mach = 10.180005]
step:13330000; t = 9.7653e+04; dt = 7.3268e-03; 97.7 %
             [Mach = 10.180005]
step:13340000; t = 9.7726e+04; dt = 7.3268e-03; 97.7 %
             [Mach = 10.180005]
> Writing file #391 (dbl) to disk...
  [ 0.00 sec ]
step:13350000; t = 9.7800e+04; dt = 7.3268e-03; 97.8 %
             [Mach = 10.180005]
step:13360000; t = 9.7873e+04; dt = 7.3268e-03; 97.9 %
             [Mach = 10.180005]
step:13370000; t = 9.7946e+04; dt = 7.3268e-03; 97.9 %
             [Mach = 10.180005]
> Writing file #392 (dbl) to disk...
  [ 0.00 sec ]
step:13380000; t = 9.8019e+04; dt = 7.3268e-03; 98.0 %
             [Mach = 10.180005]
step:13390000; t = 9.8093e+04; dt = 7.3268e-03; 98.1 %
             [Mach = 10.180005]
step:13400000; t = 9.8166e+04; dt = 7.3268e-03; 98.2 %
             [Mach = 10.180005]
step:13410000; t = 9.8239e+04; dt = 7.3268e-03; 98.2 %
             [Mach = 10.180005]
> Writing file #393 (dbl) to disk...
  [ 0.00 sec ]
step:13420000; t = 9.8313e+04; dt = 7.3268e-03; 98.3 %
             [Mach = 10.180005]
step:13430000; t = 9.8386e+04; dt = 7.3268e-03; 98.4 %
             [Mach = 10.180005]
step:13440000; t = 9.8459e+04; dt = 7.3268e-03; 98.5 %
             [Mach = 10.180005]
> Writing file #394 (dbl) to disk...
  [ 0.00 sec ]
step:13450000; t = 9.8532e+04; dt = 7.3268e-03; 98.5 %
             [Mach = 10.180005]
step:13460000; t = 9.8606e+04; dt = 7.3268e-03; 98.6 %
             [Mach = 10.180005]
step:13470000; t = 9.8679e+04; dt = 7.3268e-03; 98.7 %
             [Mach = 10.180005]
> Writing file #395 (dbl) to disk...
  [ 0.00 sec ]
step:13480000; t = 9.8752e+04; dt = 7.3268e-03; 98.8 %
             [Mach = 10.180005]
step:13490000; t = 9.8825e+04; dt = 7.3268e-03; 98.8 %
             [Mach = 10.180005]
step:13500000; t = 9.8899e+04; dt = 7.3268e-03; 98.9 %
             [Mach = 10.180005]
step:13510000; t = 9.8972e+04; dt = 7.3268e-03; 99.0 %
             [Mach = 10.180005]
> Writing file #396 (dbl) to disk...
  [ 0.00 sec ]
step:13520000; t = 9.9045e+04; dt = 7.3268e-03; 99.0 %
             [Mach = 10.180005]
step:13530000; t = 9.9119e+04; dt = 7.3268e-03; 99.1 %
             [Mach = 10.180005]
step:13540000; t = 9.9192e+04; dt = 7.3268e-03; 99.2 %
             [Mach = 10.180005]
> Writing file #397 (dbl) to disk...
  [ 0.00 sec ]
step:13550000; t = 9.9265e+04; dt = 7.3268e-03; 99.3 %
             [Mach = 10.180005]
step:13560000; t = 9.9338e+04; dt = 7.3268e-03; 99.3 %
             [Mach = 10.180005]
step:13570000; t = 9.9412e+04; dt = 7.3268e-03; 99.4 %
             [Mach = 10.180005]
step:13580000; t = 9.9485e+04; dt = 7.3268e-03; 99.5 %
             [Mach = 10.180005]
> Writing file #398 (dbl) to disk...
  [ 0.00 sec ]
step:13590000; t = 9.9558e+04; dt = 7.3268e-03; 99.6 %
             [Mach = 10.180005]
step:13600000; t = 9.9631e+04; dt = 7.3268e-03; 99.6 %
             [Mach = 10.180005]
step:13610000; t = 9.9705e+04; dt = 7.3268e-03; 99.7 %
             [Mach = 10.180005]
> Writing file #399 (dbl) to disk...
  [ 0.00 sec ]
step:13620000; t = 9.9778e+04; dt = 7.3268e-03; 99.8 %
             [Mach = 10.180005]
step:13630000; t = 9.9851e+04; dt = 7.3268e-03; 99.9 %
             [Mach = 10.180005]
step:13640000; t = 9.9924e+04; dt = 7.3268e-03; 99.9 %
             [Mach = 10.180005]
step:13650000; t = 9.9998e+04; dt = 7.3268e-03; 100.0 %
             [Mach = 10.180005]
> Writing file #400 (dbl) to disk...
  [ 0.00 sec ]

> Total allocated memory    1.05 Mb (proc #0)
> Elapsed time              0d:0h:32m:28s
> Average time/step         1.43e-04  (sec)  
> Local time                Wed Jul 15 23:46:47 2026
> Done
