10 8.6444642015279829 -13.776568804218497
10.000999999999999 8.6435003343469887 -13.776568804218497
10.002000000000001 8.6425365790320665 -13.776568804218497
10.003 8.641572935555347 -13.776568804218497
10.004 8.640609403888968 -13.776568804218497
10.005000000000001 8.6396459840050728 -13.776568804218497
10.006 8.6386826758758168 -13.776568804218497
10.007 8.6377194794733629 -13.776568804218497
10.007999999999999 8.6367563947698791 -13.776568804218497
10.009 8.6357934217375405 -13.776568804218497
10.01 8.6348305603485365 -13.776568804218497
10.010999999999999 8.6338678105750617 -13.776568804218497
10.012 8.6329051723893162 -13.776568804218497
10.013 8.6319426457635089 -13.776568804218497
10.013999999999999 8.6309802306698611 -13.776568804218497
10.015000000000001 8.6300179270805959 -13.776568804218497
10.016 8.6290557349679489 -13.776568804218497
10.016999999999999 8.6280936543041626 -13.776568804218497
10.018000000000001 8.6271316850614816 -13.776568804218497
10.019 8.6261698272121716 -13.776568804218497
10.02 8.625208080728493 -13.776568804218497
10.021000000000001 8.6242464455827221 -13.776568804218497
10.022 8.623284921747139 -13.776568804218497
10.023 8.6223235091940396 -13.776568804218497
10.023999999999999 8.6213622078957144 -13.776568804218497
10.025 8.6204010178244701 -13.776568804218497
10.026 8.6194399389526239 -13.776568804218497
10.026999999999999 8.6184789712524967 -13.776568804218497
10.028 8.6175181146964146 -13.776568804218497
10.029 8.6165573692567214 -13.776568804218497
10.029999999999999 8.6155967349057612 -13.776568804218497
10.031000000000001 8.614636211615883 -13.776568804218497
10.032 8.6136757993594539 -13.776568804218497
10.032999999999999 8.612715498108841 -13.776568804218497
10.034000000000001 8.61175530783642 -13.776568804218497
10.035 8.610795228514581 -13.776568804218497
10.036 8.6098352601157124 -13.776568804218497
10.037000000000001 8.6088754026122185 -13.776568804218497
10.038 8.6079156559765089 -13.776568804218497
10.039 8.6069560201809985 -13.776568804218497
10.039999999999999 8.6059964951981147 -13.776568804218497
10.041 8.605037081000285 -13.776568804218497
10.042 8.604077777559958 -13.776568804218497
10.042999999999999 8.6031185848495806 -13.776568804218497
10.044 8.6021595028416034 -13.776568804218497
10.045 8.6012005315084998 -13.776568804218497
10.045999999999999 8.6002416708227365 -13.776568804218497
10.047000000000001 8.5992829207567922 -13.776568804218497
10.048 8.598324281283162 -13.776568804218497
10.048999999999999 8.5973657523743388 -13.776568804218497
10.050000000000001 8.5964073340028246 -13.776568804218497
10.051 8.595449026141134 -13.776568804218497
10.052 8.5944908287617867 -13.776568804218497
10.053000000000001 8.5935327418373078 -13.776568804218497
10.054 8.5925747653402365 -13.776568804218497
10.055 8.5916168992431139 -13.776568804218497
10.055999999999999 8.5906591435184918 -13.776568804218497
10.057 8.5897014981389272 -13.776568804218497
10.058 8.5887439630769933 -13.776568804218497
10.058999999999999 8.5877865383052612 -13.776568804218497
10.06 8.5868292237963075 -13.776568804218497
10.061 8.5858720195227338 -13.776568804218497
10.061999999999999 8.5849149254571309 -13.776568804218497
10.063000000000001 8.583957941572109 -13.776568804218497
10.064 8.5830010678402804 -13.776568804218497
10.065 8.5820443042342696 -13.776568804218497
10.066000000000001 8.5810876507266993 -13.776568804218497
10.067 8.5801311072902173 -13.776568804218497
10.068 8.5791746738974588 -13.776568804218497
10.069000000000001 8.5782183505210821 -13.776568804218497
10.07 8.5772621371337507 -13.776568804218497
10.071 8.5763060337081285 -13.776568804218497
10.071999999999999 8.575350040216895 -13.776568804218497
10.073 8.5743941566327315 -13.776568804218497
10.074 8.5734383829283338 -13.776568804218497
10.074999999999999 8.5724827190764046 -13.776568804218497
10.076000000000001 8.5715271650496412 -13.776568804218497
10.077 8.5705717208207695 -13.776568804218497
10.077999999999999 8.5696163863625081 -13.776568804218497
10.079000000000001 8.5686611616475883 -13.776568804218497
10.08 8.5677060466487518 -13.776568804218497
10.081 8.5667510413387422 -13.776568804218497
10.082000000000001 8.5657961456903138 -13.776568804218497
10.083 8.5648413596762314 -13.776568804218497
10.084 8.5638866832692635 -13.776568804218497
10.085000000000001 8.5629321164421892 -13.776568804218497
10.086 8.561977659167793 -13.776568804218497
10.087 8.5610233114188681 -13.776568804218497
10.087999999999999 8.5600690731682132 -13.776568804218497
10.089 8.5591149443886412 -13.776568804218497
10.09 8.5581609250529667 -13.776568804218497
10.090999999999999 8.5572070151340132 -13.776568804218497
10.092000000000001 8.5562532146046149 -13.776568804218497
10.093 8.5552995234376095 -13.776568804218497
10.093999999999999 8.5543459416058454 -13.776568804218497
10.095000000000001 8.5533924690821763 -13.776568804218497
10.096 8.5524391058394684 -13.776568804218497
10.097 8.5514858518505896 -13.776568804218497
10.098000000000001 8.5505327070884167 -13.776568804218497
10.099 8.5495796715258408 -13.776568804218497
10.1 8.5486267451357509 -13.776568804218497
10.101000000000001 8.547673927891049 -13.776568804218497
10.102 8.5467212197646489 -13.776568804218497
10.103 8.5457686207294614 -13.776568804218497
10.103999999999999 8.5448161307584147 -13.776568804218497
10.105 8.5438637498244372 -13.776568804218497
10.106 8.5429114779004749 -13.776568804218497
10.106999999999999 8.5419593149594721 -13.776568804218497
10.108000000000001 8.5410072609743803 -13.776568804218497
10.109 8.5400553159181687 -13.776568804218497
10.109999999999999 8.5391034797638063 -13.776568804218497
10.111000000000001 8.5381517524842678 -13.776568804218497
10.112 8.5372001340525401 -13.776568804218497
10.113 8.5362486244416207 -13.776568804218497
10.114000000000001 8.5352972236245073 -13.776568804218497
10.115 8.5343459315742116 -13.776568804218497
10.116 8.5333947482637473 -13.776568804218497
10.117000000000001 8.5324436736661387 -13.776568804218497
10.118 8.5314927077544223 -13.776568804218497
10.119 8.5305418505016313 -13.776568804218497
10.119999999999999 8.5295911018808166 -13.776568804218497
10.121 8.5286404618650309 -13.776568804218497
10.122 8.5276899304273375 -13.776568804218497
10.122999999999999 8.5267395075408086 -13.776568804218497
10.124000000000001 8.5257891931785164 -13.776568804218497
10.125 8.5248389873135508 -13.776568804218497
10.125999999999999 8.523888889919002 -13.776568804218497
10.127000000000001 8.5229389009679721 -13.776568804218497
10.128 8.5219890204335709 -13.776568804218497
10.129 8.5210392482889095 -13.776568804218497
10.130000000000001 8.5200895845071134 -13.776568804218497
10.131 8.5191400290613153 -13.776568804218497
10.132 8.5181905819246531 -13.776568804218497
10.132999999999999 8.5172412430702718 -13.776568804218497
10.134 8.5162920124713217 -13.776568804218497
10.135 8.5153428901009711 -13.776568804218497
10.135999999999999 8.5143938759323827 -13.776568804218497
10.137 8.5134449699387371 -13.776568804218497
10.138 8.5124961720932149 -13.776568804218497
10.138999999999999 8.5115474823690089 -13.776568804218497
10.140000000000001 8.5105989007393195 -13.776568804218497
10.141 8.5096504271773536 -13.776568804218497
10.141999999999999 8.5087020616563223 -13.776568804218497
10.143000000000001 8.5077538041494503 -13.776568804218497
10.144 8.5068056546299662 -13.776568804218497
10.145 8.5058576130711074 -13.776568804218497
10.146000000000001 8.504909679446115 -13.776568804218497
10.147 8.5039618537282458 -13.776568804218497
10.148 8.5030141358907585 -13.776568804218497
10.148999999999999 8.5020665259069155 -13.776568804218497
10.15 8.501119023749995 -13.776568804218497
10.151 8.5001716293932805 -13.776568804218497
10.151999999999999 8.4992243428100576 -13.776568804218497
10.153 8.4982771639736256 -13.776568804218497
10.154 8.4973300928572915 -13.776568804218497
10.154999999999999 8.4963831294343635 -13.776568804218497
10.156000000000001 8.4954362736781643 -13.776568804218497
10.157 8.4944895255620168 -13.776568804218497
10.157999999999999 8.4935428850592647 -13.776568804218497
10.159000000000001 8.4925963521432379 -13.776568804218497
10.16 8.4916499267872947 -13.776568804218497
10.161 8.4907036089647914 -13.776568804218497
10.162000000000001 8.4897573986490897 -13.776568804218497
10.163 8.488811295813564 -13.776568804218497
10.164 8.4878653004315936 -13.776568804218497
10.164999999999999 8.486919412476567 -13.776568804218497
10.166 8.4859736319218744 -13.776568804218497
10.167 8.4850279587409219 -13.776568804218497
10.167999999999999 8.484082392907121 -13.776568804218497
10.169 8.4831369343938814 -13.776568804218497
10.17 8.4821915831746324 -13.776568804218497
10.170999999999999 8.4812463392228068 -13.776568804218497
10.172000000000001 8.4803012025118409 -13.776568804218497
10.173 8.4793561730151872 -13.776568804218497
10.173999999999999 8.4784112507062908 -13.776568804218497
10.175000000000001 8.4774664355586218 -13.776568804218497
10.176 8.4765217275456468 -13.776568804218497
10.177 8.4755771266408395 -13.776568804218497
10.178000000000001 8.4746326328176877 -13.776568804218497
10.179 8.4736882460496847 -13.776568804218497
10.18 8.4727439663103254 -13.776568804218497
10.180999999999999 8.4717997935731137 -13.776568804218497
10.182 8.4708557278115677 -13.776568804218497
10.183 8.4699117689992089 -13.776568804218497
10.183999999999999 8.468967917109568 -13.776568804218497
10.185 8.4680241721161735 -13.776568804218497
10.186 8.4670805339925739 -13.776568804218497
10.186999999999999 8.4661370027123226 -13.776568804218497
10.188000000000001 8.4651935782489716 -13.776568804218497
10.189 8.4642502605760903 -13.776568804218497
10.19 8.4633070496672538 -13.776568804218497
10.191000000000001 8.4623639454960369 -13.776568804218497
10.192 8.4614209480360305 -13.776568804218497
10.193 8.4604780572608309 -13.776568804218497
10.194000000000001 8.4595352731440396 -13.776568804218497
10.195 8.4585925956592654 -13.776568804218497
10.196 8.4576500247801292 -13.776568804218497
10.196999999999999 8.4567075604802522 -13.776568804218497
10.198 8.4557652027332644 -13.776568804218497
10.199 8.4548229515128135 -13.776568804218497
10.199999999999999 8.4538808067925384 -13.776568804218497
10.201000000000001 8.4529387685460975 -13.776568804218497
10.202 8.451996836747151 -13.776568804218497
10.202999999999999 8.4510550113693679 -13.776568804218497
10.204000000000001 8.4501132923864226 -13.776568804218497
10.205 8.449171679772002 -13.776568804218497
10.206 8.4482301734997964 -13.776568804218497
10.207000000000001 8.4472887735435016 -13.776568804218497
10.208 8.4463474798768257 -13.776568804218497
10.209 8.4454062924734821 -13.776568804218497
10.210000000000001 8.4444652113071879 -13.776568804218497
10.211 8.4435242363516725 -13.776568804218497
10.212 8.4425833675806707 -13.776568804218497
10.212999999999999 8.4416426049679263 -13.776568804218497
10.214 8.4407019484871864 -13.776568804218497
10.215 8.4397613981122088 -13.776568804218497
10.215999999999999 8.4388209538167605 -13.776568804218497
10.217000000000001 8.4378806155746062 -13.776568804218497
10.218 8.4369403833595307 -13.776568804218497
10.218999999999999 8.4360002571453183 -13.776568804218497
10.220000000000001 8.435060236905759 -13.776568804218497
10.221 8.4341203226146604 -13.776568804218497
10.222 8.4331805142458247 -13.776568804218497
10.223000000000001 8.4322408117730703 -13.776568804218497
10.224 8.4313012151702189 -13.776568804218497
10.225 8.4303617244110995 -13.776568804218497
10.226000000000001 8.4294223394695464 -13.776568804218497
10.227 8.4284830603194116 -13.776568804218497
10.228 8.42754388693454 -13.776568804218497
10.228999999999999 8.4266048192887961 -13.776568804218497
10.23 8.4256658573560372 -13.776568804218497
10.231 8.4247270011101474 -13.776568804218497
10.231999999999999 8.4237882505249999 -13.776568804218497
10.233000000000001 8.4228496055744841 -13.776568804218497
10.234 8.4219110662324983 -13.776568804218497
10.234999999999999 8.4209726324729406 -13.776568804218497
10.236000000000001 8.4200343042697217 -13.776568804218497
10.237 8.419096081596761 -13.776568804218497
10.238 8.4181579644279818 -13.776568804218497
10.239000000000001 8.4172199527373106 -13.776568804218497
10.24 8.4162820464986936 -13.776568804218497
10.241 8.4153442456860734 -13.776568804218497
10.242000000000001 8.4144065502733998 -13.776568804218497
10.243 8.4134689602346402 -13.776568804218497
10.244 8.412531475543755 -13.776568804218497
10.244999999999999 8.4115940961747242 -13.776568804218497
10.246 8.4106568221015259 -13.776568804218497
10.247 8.4097196532981471 -13.776568804218497
10.247999999999999 8.4087825897385908 -13.776568804218497
10.249000000000001 8.4078456313968566 -13.776568804218497
10.25 8.4069087782469563 -13.776568804218497
10.250999999999999 8.4059720302629088 -13.776568804218497
10.252000000000001 8.4050353874187351 -13.776568804218497
10.253 8.4040988496884701 -13.776568804218497
10.254 8.4031624170461559 -13.776568804218497
10.255000000000001 8.4022260894658327 -13.776568804218497
10.256 8.4012898669215605 -13.776568804218497
10.257 8.4003537493873974 -13.776568804218497
10.257999999999999 8.3994177368374121 -13.776568804218497
10.259 8.3984818292456787 -13.776568804218497
10.26 8.3975460265862818 -13.776568804218497
10.260999999999999 8.3966103288333116 -13.776568804218497
10.262 8.3956747359608599 -13.776568804218497
10.263 8.3947392479430363 -13.776568804218497
10.263999999999999 8.3938038647539504 -13.776568804218497
10.265000000000001 8.392868586367717 -13.776568804218497
10.266 8.3919334127584673 -13.776568804218497
10.266999999999999 8.3909983439003302 -13.776568804218497
10.268000000000001 8.3900633797674455 -13.776568804218497
10.269 8.3891285203339585 -13.776568804218497
10.27 8.3881937655740266 -13.776568804218497
10.271000000000001 8.387259115461811 -13.776568804218497
10.272 8.3863245699714781 -13.776568804218497
10.273 8.3853901290772033 -13.776568804218497
10.274000000000001 8.3844557927531653 -13.776568804218497
10.275 8.3835215609735627 -13.776568804218497
10.276 8.382587433712585 -13.776568804218497
10.276999999999999 8.3816534109444394 -13.776568804218497
10.278 8.3807194926433333 -13.776568804218497
10.279 8.3797856787834863 -13.776568804218497
10.279999999999999 8.3788519693391237 -13.776568804218497
10.281000000000001 8.3779183642844792 -13.776568804218497
10.282 8.3769848635937922 -13.776568804218497
10.282999999999999 8.3760514672413056 -13.776568804218497
10.284000000000001 8.3751181752012744 -13.776568804218497
10.285 8.3741849874479595 -13.776568804218497
10.286 8.3732519039556319 -13.776568804218497
10.287000000000001 8.3723189246985594 -13.776568804218497
10.288 8.3713860496510293 -13.776568804218497
10.289 8.3704532787873269 -13.776568804218497
10.289999999999999 8.369520612081752 -13.776568804218497
10.291 8.3685880495086025 -13.776568804218497
10.292 8.3676555910421921 -13.776568804218497
10.292999999999999 8.3667232366568367 -13.776568804218497
10.294 8.3657909863268607 -13.776568804218497
10.295 8.3648588400265957 -13.776568804218497
10.295999999999999 8.3639267977303806 -13.776568804218497
10.297000000000001 8.3629948594125594 -13.776568804218497
10.298 8.3620630250474832 -13.776568804218497
10.298999999999999 8.361131294609514 -13.776568804218497
10.300000000000001 8.3601996680730153 -13.776568804218497
10.301 8.3592681454123632 -13.776568804218497
10.302 8.3583367266019373 -13.776568804218497
10.303000000000001 8.3574054116161225 -13.776568804218497
10.304 8.356474200429318 -13.776568804218497
10.305 8.3555430930159229 -13.776568804218497
10.305999999999999 8.354612089350347 -13.776568804218497
10.307 8.353681189407002 -13.776568804218497
10.308 8.3527503931603153 -13.776568804218497
10.308999999999999 8.3518197005847128 -13.776568804218497
10.31 8.3508891116546309 -13.776568804218497
10.311 8.3499586263445185 -13.776568804218497
10.311999999999999 8.3490282446288191 -13.776568804218497
10.313000000000001 8.3480979664819941 -13.776568804218497
10.314 8.3471677918785083 -13.776568804218497
10.315 8.3462377207928338 -13.776568804218497
10.316000000000001 8.3453077531994442 -13.776568804218497
10.317 8.3443778890728328 -13.776568804218497
10.318 8.343448128387486 -13.776568804218497
10.319000000000001 8.3425184711179021 -13.776568804218497
10.32 8.3415889172385942 -13.776568804218497
10.321 8.3406594667240732 -13.776568804218497
10.321999999999999 8.3397301195488556 -13.776568804218497
10.323 8.3388008756874701 -13.776568804218497
10.324 8.3378717351144527 -13.776568804218497
10.324999999999999 8.3369426978043464 -13.776568804218497
10.326000000000001 8.336013763731696 -13.776568804218497
10.327 8.335084932871057 -13.776568804218497
10.327999999999999 8.334156205196992 -13.776568804218497
10.329000000000001 8.3332275806840723 -13.776568804218497
10.33 8.3322990593068695 -13.776568804218497
10.331 8.3313706410399728 -13.776568804218497
10.332000000000001 8.3304423258579625 -13.776568804218497
10.333 8.3295141137354438 -13.776568804218497
10.334 8.3285860046470184 -13.776568804218497
10.335000000000001 8.3276579985672914 -13.776568804218497
10.336 8.3267300954708894 -13.776568804218497
10.337 8.3258022953324318 -13.776568804218497
10.337999999999999 8.3248745981265522 -13.776568804218497
10.339 8.3239470038278842 -13.776568804218497
10.34 8.3230195124110757 -13.776568804218497
10.340999999999999 8.3220921238507799 -13.776568804218497
10.342000000000001 8.3211648381216534 -13.776568804218497
10.343 8.3202376551983654 -13.776568804218497
10.343999999999999 8.3193105750555869 -13.776568804218497
10.345000000000001 8.3183835976679958 -13.776568804218497
10.346 8.3174567230102809 -13.776568804218497
10.347 8.316529951057138 -13.776568804218497
10.348000000000001 8.3156032817832592 -13.776568804218497
10.349 8.3146767151633618 -13.776568804218497
10.35 8.3137502511721557 -13.776568804218497
10.351000000000001 8.312823889784358 -13.776568804218497
10.352 8.3118976309747037 -13.776568804218497
10.353 8.3109714747179204 -13.776568804218497
10.353999999999999 8.3100454209887555 -13.776568804218497
10.355 8.3091194697619528 -13.776568804218497
10.356 8.308193621012272 -13.776568804218497
10.356999999999999 8.3072678747144728 -13.776568804218497
10.358000000000001 8.3063422308433204 -13.776568804218497
10.359 8.3054166893735992 -13.776568804218497
10.359999999999999 8.3044912502800852 -13.776568804218497
10.361000000000001 8.3035659135375699 -13.776568804218497
10.362 8.3026406791208505 -13.776568804218497
10.363 8.3017155470047292 -13.776568804218497
10.364000000000001 8.3007905171640157 -13.776568804218497
10.365 8.2998655895735318 -13.776568804218497
10.366 8.2989407642080923 -13.776568804218497
10.367000000000001 8.2980160410425317 -13.776568804218497
10.368 8.2970914200516912 -13.776568804218497
10.369 8.2961669012104124 -13.776568804218497
10.369999999999999 8.2952424844935422 -13.776568804218497
10.371 8.2943181698759449 -13.776568804218497
10.372 8.29339395733248 -13.776568804218497
10.372999999999999 8.2924698468380225 -13.776568804218497
10.374000000000001 8.2915458383674476 -13.776568804218497
10.375 8.2906219318956431 -13.776568804218497
10.375999999999999 8.2896981273975001 -13.776568804218497
10.377000000000001 8.2887744248479152 -13.776568804218497
10.378 8.2878508242217954 -13.776568804218497
10.379 8.2869273254940534 -13.776568804218497
10.380000000000001 8.286003928639607 -13.776568804218497
10.381 8.2850806336333829 -13.776568804218497
10.382 8.2841574404503131 -13.776568804218497
10.382999999999999 8.2832343490653368 -13.776568804218497
10.384 8.2823113594533986 -13.776568804218497
10.385 8.2813884715894552 -13.776568804218497
10.385999999999999 8.2804656854484637 -13.776568804218497
10.387 8.2795430010053899 -13.776568804218497
10.388 8.2786204182352101 -13.776568804218497
10.388999999999999 8.2776979371128974 -13.776568804218497
10.390000000000001 8.2767755576134459 -13.776568804218497
10.391 8.2758532797118445 -13.776568804218497
10.391999999999999 8.2749311033830963 -13.776568804218497
10.393000000000001 8.2740090286022063 -13.776568804218497
10.394 8.2730870553441882 -13.776568804218497
10.395 8.2721651835840628 -13.776568804218497
10.396000000000001 8.2712434132968546 -13.776568804218497
10.397 8.2703217444576023 -13.776568804218497
10.398 8.2694001770413443 -13.776568804218497
10.399000000000001 8.2684787110231266 -13.776568804218497
10.4 8.2675573463780054 -13.776568804218497
10.401 8.2666360830810408 -13.776568804218497
10.401999999999999 8.2657149211072998 -13.776568804218497
10.403 8.2647938604318547 -13.776568804218497
10.404 8.2638729010297869 -13.776568804218497
10.404999999999999 8.2629520428761882 -13.776568804218497
10.406000000000001 8.2620312859461471 -13.776568804218497
10.407 8.2611106302147697 -13.776568804218497
10.407999999999999 8.2601900756571602 -13.776568804218497
10.409000000000001 8.2592696222484339 -13.776568804218497
10.41 8.2583492699637144 -13.776568804218497
10.411 8.2574290187781259 -13.776568804218497
10.412000000000001 8.2565088686668009 -13.776568804218497
10.413 8.2555888196048866 -13.776568804218497
10.414 8.254668871567528 -13.776568804218497
10.414999999999999 8.2537490245298795 -13.776568804218497
10.416 8.2528292784671002 -13.776568804218497
10.417 8.2519096333543622 -13.776568804218497
10.417999999999999 8.2509900891668373 -13.776568804218497
10.419 8.2500706458797062 -13.776568804218497
10.42 8.2491513034681603 -13.776568804218497
10.420999999999999 8.2482320619073892 -13.776568804218497
10.422000000000001 8.2473129211725951 -13.776568804218497
10.423 8.2463938812389888 -13.776568804218497
10.423999999999999 8.2454749420817848 -13.776568804218497
10.425000000000001 8.2445561036761994 -13.776568804218497
10.426 8.2436373659974631 -13.776568804218497
10.427 8.2427187290208135 -13.776568804218497
10.428000000000001 8.2418001927214863 -13.776568804218497
10.429 8.2408817570747335 -13.776568804218497
10.43 8.2399634220558067 -13.776568804218497
10.430999999999999 8.2390451876399649 -13.776568804218497
10.432 8.2381270538024811 -13.776568804218497
10.433 8.237209020518625 -13.776568804218497
10.433999999999999 8.2362910877636804 -13.776568804218497
10.435 8.2353732555129309 -13.776568804218497
10.436 8.2344555237416781 -13.776568804218497
10.436999999999999 8.2335378924252147 -13.776568804218497
10.438000000000001 8.2326203615388458 -13.776568804218497
10.439 8.231702931057896 -13.776568804218497
10.44 8.2307856009576774 -13.776568804218497
10.441000000000001 8.2298683712135201 -13.776568804218497
10.442 8.2289512418007575 -13.776568804218497
10.443 8.2280342126947303 -13.776568804218497
10.444000000000001 8.2271172838707827 -13.776568804218497
10.445 8.2262004553042711 -13.776568804218497
10.446 8.2252837269705541 -13.776568804218497
10.446999999999999 8.2243670988449988 -13.776568804218497
10.448 8.2234505709029762 -13.776568804218497
10.449 8.2225341431198711 -13.776568804218497
10.449999999999999 8.2216178154710651 -13.776568804218497
10.451000000000001 8.2207015879319503 -13.776568804218497
10.452 8.2197854604779312 -13.776568804218497
10.452999999999999 8.2188694330844125 -13.776568804218497
10.454000000000001 8.2179535057268005 -13.776568804218497
10.455 8.2170376783805228 -13.776568804218497
10.456 8.2161219510210017 -13.776568804218497
10.457000000000001 8.2152063236236668 -13.776568804218497
10.458 8.2142907961639615 -13.776568804218497
10.459 8.2133753686173279 -13.776568804218497
10.460000000000001 8.2124600409592183 -13.776568804218497
10.461 8.2115448131650925 -13.776568804218497
10.462 8.2106296852104137 -13.776568804218497
10.462999999999999 8.2097146570706574 -13.776568804218497
10.464 8.2087997287212922 -13.776568804218497
10.465 8.2078849001378131 -13.776568804218497
10.465999999999999 8.2069701712957084 -13.776568804218497
10.467000000000001 8.2060555421704731 -13.776568804218497
10.468 8.205141012737613 -13.776568804218497
10.468999999999999 8.2042265829726375 -13.776568804218497
10.470000000000001 8.2033122528510614 -13.776568804218497
10.471 8.2023980223484152 -13.776568804218497
10.472 8.2014838914402279 -13.776568804218497
10.473000000000001 8.2005698601020285 -13.776568804218497
10.474 8.1996559283093671 -13.776568804218497
10.475 8.1987420960377904 -13.776568804218497
10.476000000000001 8.1978283632628575 -13.776568804218497
10.477 8.1969147299601275 -13.776568804218497
10.478 8.1960011961051737 -13.776568804218497
10.478999999999999 8.1950877616735678 -13.776568804218497
10.48 8.1941744266408918 -13.776568804218497
10.481 8.1932611909827386 -13.776568804218497
10.481999999999999 8.1923480546746994 -13.776568804218497
10.483000000000001 8.1914350176923776 -13.776568804218497
10.484 8.1905220800113803 -13.776568804218497
10.484999999999999 8.1896092416073234 -13.776568804218497
10.486000000000001 8.1886965024558229 -13.776568804218497
10.487 8.1877838625325108 -13.776568804218497
10.488 8.186871321813026 -13.776568804218497
10.489000000000001 8.1859588802729952 -13.776568804218497
10.49 8.185046537888077 -13.776568804218497
10.491 8.1841342946339211 -13.776568804218497
10.492000000000001 8.183222150486186 -13.776568804218497
10.493 8.1823101054205374 -13.776568804218497
10.494 8.1813981594126499 -13.776568804218497
10.494999999999999 8.1804863124382035 -13.776568804218497
10.496 8.1795745644728779 -13.776568804218497
10.497 8.1786629154923709 -13.776568804218497
10.497999999999999 8.1777513654723819 -13.776568804218497
10.499000000000001 8.1768399143886068 -13.776568804218497
10.5 8.1759285622167663 -13.776568804218497
10.500999999999999 8.1750173089325742 -13.776568804218497
10.502000000000001 8.1741061545117528 -13.776568804218497
10.503 8.1731950989300355 -13.776568804218497
10.504 8.1722841421631607 -13.776568804218497
10.505000000000001 8.1713732841868634 -13.776568804218497
10.506 8.1704625249769016 -13.776568804218497
10.507 8.1695518645090317 -13.776568804218497
10.507999999999999 8.1686413027590099 -13.776568804218497
10.509 8.1677308397026085 -13.776568804218497
10.51 8.1668204753156033 -13.776568804218497
10.510999999999999 8.1659102095737772 -13.776568804218497
10.512 8.1650000424529114 -13.776568804218497
10.513 8.1640899739288084 -13.776568804218497
10.513999999999999 8.1631800039772653 -13.776568804218497
10.515000000000001 8.1622701325740898 -13.776568804218497
10.516 8.1613603596950952 -13.776568804218497
10.516999999999999 8.1604506853161052 -13.776568804218497
10.518000000000001 8.1595411094129382 -13.776568804218497
10.519 8.158631631961434 -13.776568804218497
10.52 8.1577222529374307 -13.776568804218497
10.521000000000001 8.1568129723167679 -13.776568804218497
10.522 8.1559037900753069 -13.776568804218497
10.523 8.1549947061888961 -13.776568804218497
10.524000000000001 8.1540857206334056 -13.776568804218497
10.525 8.153176833384709 -13.776568804218497
10.526 8.1522680444186779 -13.776568804218497
10.526999999999999 8.1513593537112001 -13.776568804218497
10.528 8.1504507612381598 -13.776568804218497
10.529 8.1495422669754571 -13.776568804218497
10.529999999999999 8.1486338708989994 -13.776568804218497
10.531000000000001 8.1477255729846849 -13.776568804218497
10.532 8.146817373208437 -13.776568804218497
10.532999999999999 8.1459092715461754 -13.776568804218497
10.534000000000001 8.1450012679738251 -13.776568804218497
10.535 8.1440933624673235 -13.776568804218497
10.536 8.1431855550026135 -13.776568804218497
10.537000000000001 8.1422778455556344 -13.776568804218497
10.538 8.1413702341023466 -13.776568804218497
10.539 8.140462720618709 -13.776568804218497
10.539999999999999 8.1395553050806821 -13.776568804218497
10.541 8.1386479874642426 -13.776568804218497
10.542 8.1377407677453704 -13.776568804218497
10.542999999999999 8.1368336459000439 -13.776568804218497
10.544 8.1359266219042574 -13.776568804218497
10.545 8.1350196957340124 -13.776568804218497
10.545999999999999 8.1341128673653067 -13.776568804218497
10.547000000000001 8.1332061367741524 -13.776568804218497
10.548 8.1322995039365669 -13.776568804218497
10.548999999999999 8.1313929688285711 -13.776568804218497
10.550000000000001 8.1304865314261932 -13.776568804218497
10.551 8.1295801917054717 -13.776568804218497
10.552 8.1286739496424456 -13.776568804218497
10.553000000000001 8.1277678052131588 -13.776568804218497
10.554 8.1268617583936713 -13.776568804218497
10.555 8.1259558091600432 -13.776568804218497
10.556000000000001 8.1250499574883346 -13.776568804218497
10.557 8.1241442033546249 -13.776568804218497
10.558 8.1232385467349904 -13.776568804218497
10.558999999999999 8.1223329876055157 -13.776568804218497
10.56 8.1214275259422912 -13.776568804218497
10.561 8.1205221617214178 -13.776568804218497
10.561999999999999 8.1196168949189982 -13.776568804218497
10.563000000000001 8.1187117255111421 -13.776568804218497
10.564 8.1178066534739646 -13.776568804218497
10.565 8.1169016787835915 -13.776568804218497
10.566000000000001 8.1159968014161503 -13.776568804218497
10.567 8.1150920213477757 -13.776568804218497
10.568 8.1141873385546095 -13.776568804218497
10.569000000000001 8.1132827530127987 -13.776568804218497
10.57 8.1123782646984974 -13.776568804218497
10.571 8.1114738735878671 -13.776568804218497
10.571999999999999 8.1105695796570743 -13.776568804218497
10.573 8.1096653828822856 -13.776568804218497
10.574 8.1087612832396889 -13.776568804218497
10.574999999999999 8.1078572807054652 -13.776568804218497
10.576000000000001 8.1069533752558005 -13.776568804218497
10.577 8.1060495668668988 -13.776568804218497
10.577999999999999 8.1051458555149605 -13.776568804218497
10.579000000000001 8.1042422411761983 -13.776568804218497
10.58 8.1033387238268251 -13.776568804218497
10.581 8.1024353034430643 -13.776568804218497
10.582000000000001 8.1015319800011447 -13.776568804218497
10.583 8.1006287534772987 -13.776568804218497
10.584 8.0997256238477693 -13.776568804218497
10.585000000000001 8.098822591088803 -13.776568804218497
10.586 8.0979196551766517 -13.776568804218497
10.587 8.0970168160875762 -13.776568804218497
10.587999999999999 8.0961140737978408 -13.776568804218497
10.589 8.0952114282837169 -13.776568804218497
10.59 8.0943088795214848 -13.776568804218497
10.590999999999999 8.0934064274874213 -13.776568804218497
10.592000000000001 8.0925040721578281 -13.776568804218497
10.593 8.0916018135089924 -13.776568804218497
10.593999999999999 8.090699651517216 -13.776568804218497
10.595000000000001 8.0897975861588129 -13.776568804218497
10.596 8.0888956174100972 -13.776568804218497
10.597 8.08799374524739 -13.776568804218497
10.598000000000001 8.0870919696470107 -13.776568804218497
10.599 8.0861902905853 -13.776568804218497
10.6 8.0852887080386004 -13.776568804218497
10.600999999999999 8.0843872219832491 -13.776568804218497
10.602 8.0834858323956009 -13.776568804218497
10.603 8.0825845392520126 -13.776568804218497
10.603999999999999 8.0816833425288532 -13.776568804218497
10.605 8.0807822422024849 -13.776568804218497
10.606 8.0798812382492873 -13.776568804218497
10.606999999999999 8.0789803306456474 -13.776568804218497
10.608000000000001 8.0780795193679431 -13.776568804218497
10.609 8.0771788043925792 -13.776568804218497
10.609999999999999 8.0762781856959496 -13.776568804218497
10.611000000000001 8.0753776632544643 -13.776568804218497
10.612 8.074477237044535 -13.776568804218497
10.613 8.0735769070425807 -13.776568804218497
10.614000000000001 8.0726766732250272 -13.776568804218497
10.615 8.0717765355683042 -13.776568804218497
10.616 8.07087649404885 -13.776568804218497
10.617000000000001 8.0699765486431048 -13.776568804218497
10.618 8.0690766993275229 -13.776568804218497
10.619 8.0681769460785588 -13.776568804218497
10.619999999999999 8.0672772888726705 -13.776568804218497
10.621 8.06637772768633 -13.776568804218497
10.622 8.065478262496006 -13.776568804218497
10.622999999999999 8.0645788932781848 -13.776568804218497
10.624000000000001 8.0636796200093475 -13.776568804218497
10.625 8.0627804426659875 -13.776568804218497
10.625999999999999 8.0618813612246036 -13.776568804218497
10.627000000000001 8.0609823756616965 -13.776568804218497
10.628 8.0600834859537809 -13.776568804218497
10.629 8.0591846920773698 -13.776568804218497
10.630000000000001 8.0582859940089868 -13.776568804218497
10.631 8.0573873917251628 -13.776568804218497
10.632 8.0564888852024286 -13.776568804218497
10.632999999999999 8.0555904744173255 -13.776568804218497
10.634 8.0546921593463985 -13.776568804218497
10.635 8.0537939399662033 -13.776568804218497
10.635999999999999 8.0528958162532973 -13.776568804218497
10.637 8.0519977881842415 -13.776568804218497
10.638 8.0510998557356128 -13.776568804218497
10.638999999999999 8.0502020188839865 -13.776568804218497
10.640000000000001 8.0493042776059394 -13.776568804218497
10.641 8.048406631878068 -13.776568804218497
10.641999999999999 8.0475090816769654 -13.776568804218497
10.643000000000001 8.0466116269792263 -13.776568804218497
10.644 8.045714267761463 -13.776568804218497
10.645 8.0448170040002918 -13.776568804218497
10.646000000000001 8.0439198356723232 -13.776568804218497
10.647 8.0430227627541857 -13.776568804218497
10.648 8.042125785222515 -13.776568804218497
10.649000000000001 8.0412289030539377 -13.776568804218497
10.65 8.0403321162251054 -13.776568804218497
10.651 8.0394354247126643 -13.776568804218497
10.651999999999999 8.0385388284932695 -13.776568804218497
10.653 8.037642327543578 -13.776568804218497
10.654 8.0367459218402644 -13.776568804218497
10.654999999999999 8.0358496113599998 -13.776568804218497
10.656000000000001 8.0349533960794535 -13.776568804218497
10.657 8.0340572759753233 -13.776568804218497
10.657999999999999 8.0331612510242909 -13.776568804218497
10.659000000000001 8.0322653212030577 -13.776568804218497
10.66 8.0313694864883267 -13.776568804218497
10.661 8.0304737468568064 -13.776568804218497
10.662000000000001 8.0295781022852051 -13.776568804218497
10.663 8.0286825527502543 -13.776568804218497
10.664 8.0277870982286732 -13.776568804218497
10.664999999999999 8.0268917386971967 -13.776568804218497
10.666 8.0259964741325636 -13.776568804218497
10.667 8.0251013045115176 -13.776568804218497
10.667999999999999 8.0242062298108099 -13.776568804218497
10.669 8.0233112500071968 -13.776568804218497
10.67 8.0224163650774418 -13.776568804218497
10.670999999999999 8.0215215749983138 -13.776568804218497
10.672000000000001 8.0206268797465832 -13.776568804218497
10.673 8.0197322792990313 -13.776568804218497
10.673999999999999 8.0188377736324483 -13.776568804218497
10.675000000000001 8.0179433627236225 -13.776568804218497
10.676 8.0170490465493547 -13.776568804218497
10.677 8.0161548250864456 -13.776568804218497
10.678000000000001 8.0152606983117085 -13.776568804218497
10.679 8.0143666662019584 -13.776568804218497
10.68 8.0134727287340155 -13.776568804218497
10.681000000000001 8.0125788858847091 -13.776568804218497
10.682 8.011685137630872 -13.776568804218497
10.683 8.0107914839493439 -13.776568804218497
10.683999999999999 8.0098979248169719 -13.776568804218497
10.685 8.009004460210603 -13.776568804218497
10.686 8.0081110901070982 -13.776568804218497
10.686999999999999 8.0072178144833206 -13.776568804218497
10.688000000000001 8.0063246333161384 -13.776568804218497
10.689 8.0054315465824288 -13.776568804218497
10.69 8.0045385542590672 -13.776568804218497
10.691000000000001 8.003645656322945 -13.776568804218497
10.692 8.0027528527509553 -13.776568804218497
10.693 8.001860143519993 -13.776568804218497
10.694000000000001 8.0009675286069655 -13.776568804218497
10.695 8.0000750079887819 -13.776568804218497
10.696 7.9991825816423594 -13.776568804218497
10.696999999999999 7.9982902495446204 -13.776568804218497
10.698 7.9973980116724892 -13.776568804218497
10.699 7.9965058680029051 -13.776568804218497
10.699999999999999 7.9956138185128038 -13.776568804218497
10.701000000000001 7.9947218631791337 -13.776568804218497
10.702 7.9938300019788411 -13.776568804218497
10.702999999999999 7.9929382348888902 -13.776568804218497
10.704000000000001 7.9920465618862409 -13.776568804218497
10.705 7.9911549829478625 -13.776568804218497
10.706 7.9902634980507274 -13.776568804218497
10.707000000000001 7.9893721071718202 -13.776568804218497
10.708 7.9884808102881255 -13.776568804218497
10.709 7.9875896073766377 -13.776568804218497
10.710000000000001 7.9866984984143512 -13.776568804218497
10.711 7.9858074833782728 -13.776568804218497
10.712 7.9849165622454166 -13.776568804218497
10.712999999999999 7.9840257349927883 -13.776568804218497
10.714 7.9831350015974181 -13.776568804218497
10.715 7.9822443620363304 -13.776568804218497
10.715999999999999 7.9813538162865587 -13.776568804218497
10.717000000000001 7.9804633643251393 -13.776568804218497
10.718 7.9795730061291223 -13.776568804218497
10.718999999999999 7.9786827416755566 -13.776568804218497
10.720000000000001 7.9777925709414967 -13.776568804218497
10.721 7.9769024939040074 -13.776568804218497
10.722 7.9760125105401567 -13.776568804218497
10.723000000000001 7.9751226208270154 -13.776568804218497
10.724 7.9742328247416694 -13.776568804218497
10.725 7.9733431222611983 -13.776568804218497
10.725999999999999 7.9724535133626988 -13.776568804218497
10.727 7.971563998023262 -13.776568804218497
10.728 7.9706745762199986 -13.776568804218497
10.728999999999999 7.9697852479300089 -13.776568804218497
10.73 7.9688960131304132 -13.776568804218497
10.731 7.9680068717983303 -13.776568804218497
10.731999999999999 7.967117823910888 -13.776568804218497
10.733000000000001 7.9662288694452155 -13.776568804218497
10.734 7.9653400083784538 -13.776568804218497
10.734999999999999 7.9644512406877439 -13.776568804218497
10.736000000000001 7.963562566350233 -13.776568804218497
10.737 7.9626739853430824 -13.776568804218497
10.738 7.9617854976434481 -13.776568804218497
10.739000000000001 7.960897103228497 -13.776568804218497
10.74 7.9600088020754054 -13.776568804218497
10.741 7.9591205941613481 -13.776568804218497
10.742000000000001 7.9582324794635069 -13.776568804218497
10.743 7.957344457959076 -13.776568804218497
10.744 7.9564565296252514 -13.776568804218497
10.744999999999999 7.9555686944392274 -13.776568804218497
10.746 7.9546809523782169 -13.776568804218497
10.747 7.9537933034194346 -13.776568804218497
10.747999999999999 7.9529057475400933 -13.776568804218497
10.749000000000001 7.9520182847174175 -13.776568804218497
10.75 7.9511309149286395 -13.776568804218497
10.750999999999999 7.9502436381509973 -13.776568804218497
10.752000000000001 7.949356454361725 -13.776568804218497
10.753 7.9484693635380772 -13.776568804218497
10.754 7.9475823656573041 -13.776568804218497
10.755000000000001 7.9466954606966604 -13.776568804218497
10.756 7.9458086486334176 -13.776568804218497
10.757 7.9449219294448419 -13.776568804218497
10.757999999999999 7.9440353031082065 -13.776568804218497
10.759 7.9431487696007972 -13.776568804218497
10.76 7.9422623288998961 -13.776568804218497
10.760999999999999 7.9413759809828033 -13.776568804218497
10.762 7.9404897258268106 -13.776568804218497
10.763 7.9396035634092277 -13.776568804218497
10.763999999999999 7.9387174937073608 -13.776568804218497
10.765000000000001 7.9378315166985267 -13.776568804218497
10.766 7.9369456323600467 -13.776568804218497
10.766999999999999 7.9360598406692482 -13.776568804218497
10.768000000000001 7.9351741416034649 -13.776568804218497
10.769 7.9342885351400323 -13.776568804218497
10.77 7.9334030212563009 -13.776568804218497
10.771000000000001 7.9325175999296098 -13.776568804218497
10.772 7.9316322711373228 -13.776568804218497
10.773 7.9307470348568039 -13.776568804218497
10.774000000000001 7.929861891065408 -13.776568804218497
10.775 7.9289768397405203 -13.776568804218497
10.776 7.9280918808595109 -13.776568804218497
10.776999999999999 7.9272070143997704 -13.776568804218497
10.778 7.9263222403386795 -13.776568804218497
10.779 7.9254375586536412 -13.776568804218497
10.779999999999999 7.9245529693220531 -13.776568804218497
10.781000000000001 7.9236684723213218 -13.776568804218497
10.782 7.9227840676288617 -13.776568804218497
10.782999999999999 7.9218997552220882 -13.776568804218497
10.784000000000001 7.9210155350784239 -13.776568804218497
10.785 7.9201314071753011 -13.776568804218497
10.786 7.9192473714901546 -13.776568804218497
10.787000000000001 7.9183634280004194 -13.776568804218497
10.788 7.9174795766835491 -13.776568804218497
10.789 7.9165958175169919 -13.776568804218497
10.789999999999999 7.9157121504782033 -13.776568804218497
10.791 7.9148285755446484 -13.776568804218497
10.792 7.9139450926937975 -13.776568804218497
10.792999999999999 7.9130617019031231 -13.776568804218497
10.794 7.9121784031501026 -13.776568804218497
10.795 7.9112951964122269 -13.776568804218497
10.795999999999999 7.9104120816669843 -13.776568804218497
10.797000000000001 7.9095290588918683 -13.776568804218497
10.798 7.9086461280643876 -13.776568804218497
10.798999999999999 7.9077632891620473 -13.776568804218497
10.800000000000001 7.9068805421623605 -13.776568804218497
10.801 7.9059978870428465 -13.776568804218497
10.802 7.9051153237810299 -13.776568804218497
10.803000000000001 7.9042328523544434 -13.776568804218497
10.804 7.9033504727406196 -13.776568804218497
10.805 7.9024681849171037 -13.776568804218497
10.806000000000001 7.9015859888614379 -13.776568804218497
10.807 7.9007038845511834 -13.776568804218497
10.808 7.8998218719638897 -13.776568804218497
10.808999999999999 7.8989399510771268 -13.776568804218497
10.81 7.8980581218684618 -13.776568804218497
10.811 7.8971763843154683 -13.776568804218497
10.811999999999999 7.8962947383957305 -13.776568804218497
10.813000000000001 7.8954131840868316 -13.776568804218497
10.814 7.8945317213663673 -13.776568804218497
10.815 7.8936503502119306 -13.776568804218497
10.816000000000001 7.892769070601128 -13.776568804218497
10.817 7.8918878825115666 -13.776568804218497
10.818 7.8910067859208626 -13.776568804218497
10.819000000000001 7.8901257808066321 -13.776568804218497
10.82 7.8892448671465036 -13.776568804218497
10.821 7.8883640449181041 -13.776568804218497
10.821999999999999 7.887483314099077 -13.776568804218497
10.823 7.8866026746670554 -13.776568804218497
10.824 7.8857221265996946 -13.776568804218497
10.824999999999999 7.8848416698746444 -13.776568804218497
10.826000000000001 7.8839613044695609 -13.776568804218497
10.827 7.8830810303621135 -13.776568804218497
10.827999999999999 7.8822008475299699 -13.776568804218497
10.829000000000001 7.8813207559508029 -13.776568804218497
10.83 7.8804407556022955 -13.776568804218497
10.831 7.8795608464621356 -13.776568804218497
10.832000000000001 7.8786810285080104 -13.776568804218497
10.833 7.8778013017176205 -13.776568804218497
10.834 7.8769216660686698 -13.776568804218497
10.835000000000001 7.8760421215388643 -13.776568804218497
10.836 7.8751626681059204 -13.776568804218497
10.837 7.8742833057475545 -13.776568804218497
10.837999999999999 7.8734040344414939 -13.776568804218497
10.839 7.8725248541654675 -13.776568804218497
10.84 7.8716457648972114 -13.776568804218497
10.840999999999999 7.8707667666144712 -13.776568804218497
10.842000000000001 7.8698878592949884 -13.776568804218497
10.843 7.8690090429165203 -13.776568804218497
10.843999999999999 7.8681303174568189 -13.776568804218497
10.845000000000001 7.8672516828936523 -13.776568804218497
10.846 7.8663731392047902 -13.776568804218497
10.847 7.865494686368006 -13.776568804218497
10.848000000000001 7.8646163243610756 -13.776568804218497
10.849 7.8637380531617902 -13.776568804218497
10.85 7.86285987274794 -13.776568804218497
10.850999999999999 7.8619817830973178 -13.776568804218497
10.852 7.8611037841877254 -13.776568804218497
10.853 7.8602258759969752 -13.776568804218497
10.853999999999999 7.8593480585028779 -13.776568804218497
10.855 7.8584703316832503 -13.776568804218497
10.856 7.857592695515919 -13.776568804218497
10.856999999999999 7.8567151499787142 -13.776568804218497
10.858000000000001 7.8558376950494626 -13.776568804218497
10.859 7.8549603307060138 -13.776568804218497
10.859999999999999 7.8540830569262088 -13.776568804218497
10.861000000000001 7.8532058736878989 -13.776568804218497
10.862 7.8523287809689446 -13.776568804218497
10.863 7.8514517787472036 -13.776568804218497
10.864000000000001 7.8505748670005424 -13.776568804218497
10.865 7.8496980457068402 -13.776568804218497
10.866 7.8488213148439696 -13.776568804218497
10.867000000000001 7.8479446743898151 -13.776568804218497
10.868 7.8470681243222682 -13.776568804218497
10.869 7.8461916646192238 -13.776568804218497
10.869999999999999 7.8453152952585823 -13.776568804218497
10.871 7.8444390162182458 -13.776568804218497
10.872 7.8435628274761298 -13.776568804218497
10.872999999999999 7.842686729010147 -13.776568804218497
10.874000000000001 7.8418107207982208 -13.776568804218497
10.875 7.8409348028182793 -13.776568804218497
10.875999999999999 7.8400589750482563 -13.776568804218497
10.877000000000001 7.839183237466087 -13.776568804218497
10.878 7.8383075900497161 -13.776568804218497
10.879 7.8374320327770928 -13.776568804218497
10.880000000000001 7.8365565656261715 -13.776568804218497
10.881 7.8356811885749131 -13.776568804218497
10.882 7.8348059016012854 -13.776568804218497
10.882999999999999 7.8339307046832509 -13.776568804218497
10.884 7.8330555977987899 -13.776568804218497
10.885 7.8321805809258853 -13.776568804218497
10.885999999999999 7.8313056540425237 -13.776568804218497
10.887 7.8304308171266914 -13.776568804218497
10.888 7.8295560701563973 -13.776568804218497
10.888999999999999 7.8286814131096367 -13.776568804218497
10.890000000000001 7.8278068459644183 -13.776568804218497
10.891 7.8269323686987589 -13.776568804218497
10.891999999999999 7.8260579812906759 -13.776568804218497
10.893000000000001 7.8251836837181914 -13.776568804218497
10.894 7.8243094759593399 -13.776568804218497
10.895 7.8234353579921541 -13.776568804218497
10.896000000000001 7.8225613297946737 -13.776568804218497
10.897 7.8216873913449492 -13.776568804218497
10.898 7.8208135426210275 -13.776568804218497
10.899000000000001 7.8199397836009634 -13.776568804218497
10.9 7.8190661142628279 -13.776568804218497
10.901 7.8181925345846821 -13.776568804218497
10.901999999999999 7.8173190445446004 -13.776568804218497
10.903 7.8164456441206571 -13.776568804218497
10.904 7.815572333290941 -13.776568804218497
10.904999999999999 7.8146991120335416 -13.776568804218497
10.906000000000001 7.8138259803265457 -13.776568804218497
10.907 7.8129529381480607 -13.776568804218497
10.907999999999999 7.812079985476192 -13.776568804218497
10.909000000000001 7.8112071222890433 -13.776568804218497
10.91 7.8103343485647354 -13.776568804218497
10.911 7.809461664281387 -13.776568804218497
10.912000000000001 7.8085890694171258 -13.776568804218497
10.913 7.8077165639500832 -13.776568804218497
10.914 7.806844147858393 -13.776568804218497
10.914999999999999 7.8059718211202025 -13.776568804218497
10.916 7.8050995837136554 -13.776568804218497
10.917 7.8042274356169079 -13.776568804218497
10.917999999999999 7.803355376808117 -13.776568804218497
10.919 7.8024834072654441 -13.776568804218497
10.92 7.8016115269670632 -13.776568804218497
10.920999999999999 7.8007397358911446 -13.776568804218497
10.922000000000001 7.7998680340158657 -13.776568804218497
10.923 7.7989964213194147 -13.776568804218497
10.923999999999999 7.7981248977799833 -13.776568804218497
10.925000000000001 7.7972534633757622 -13.776568804218497
10.926 7.7963821180849591 -13.776568804218497
10.927 7.7955108618857727 -13.776568804218497
10.928000000000001 7.7946396947564169 -13.776568804218497
10.929 7.7937686166751101 -13.776568804218497
10.93 7.7928976276200732 -13.776568804218497
10.931000000000001 7.7920267275695316 -13.776568804218497
10.932 7.7911559165017197 -13.776568804218497
10.933 7.7902851943948779 -13.776568804218497
10.933999999999999 7.789414561227245 -13.776568804218497
10.935 7.7885440169770677 -13.776568804218497
10.936 7.787673561622606 -13.776568804218497
10.936999999999999 7.7868031951421148 -13.776568804218497
10.938000000000001 7.7859329175138559 -13.776568804218497
10.939 7.7850627287161061 -13.776568804218497
10.94 7.7841926287271335 -13.776568804218497
10.941000000000001 7.7833226175252195 -13.776568804218497
10.942 7.7824526950886499 -13.776568804218497
10.943 7.7815828613957168 -13.776568804218497
10.944000000000001 7.7807131164247156 -13.776568804218497
10.945 7.7798434601539439 -13.776568804218497
10.946 7.7789738925617105 -13.776568804218497
10.946999999999999 7.7781044136263278 -13.776568804218497
10.948 7.7772350233261109 -13.776568804218497
10.949 7.7763657216393831 -13.776568804218497
10.949999999999999 7.7754965085444692 -13.776568804218497
10.951000000000001 7.7746273840197029 -13.776568804218497
10.952 7.7737583480434234 -13.776568804218497
10.952999999999999 7.7728894005939742 -13.776568804218497
10.954000000000001 7.7720205416496988 -13.776568804218497
10.955 7.7711517711889559 -13.776568804218497
10.956 7.7702830891901025 -13.776568804218497
10.957000000000001 7.7694144956314988 -13.776568804218497
10.958 7.7685459904915213 -13.776568804218497
10.959 7.7676775737485366 -13.776568804218497
10.960000000000001 7.7668092453809274 -13.776568804218497
10.961 7.7659410053670825 -13.776568804218497
10.962 7.7650728536853864 -13.776568804218497
10.962999999999999 7.7642047903142357 -13.776568804218497
10.964 7.7633368152320292 -13.776568804218497
10.965 7.7624689284171753 -13.776568804218497
10.965999999999999 7.7616011298480858 -13.776568804218497
10.967000000000001 7.7607334195031727 -13.776568804218497
10.968 7.7598657973608605 -13.776568804218497
10.968999999999999 7.7589982633995733 -13.776568804218497
10.970000000000001 7.7581308175977455 -13.776568804218497
10.971 7.7572634599338119 -13.776568804218497
10.972 7.7563961903862149 -13.776568804218497
10.973000000000001 7.7555290089333999 -13.776568804218497
10.974 7.7546619155538217 -13.776568804218497
10.975 7.7537949102259391 -13.776568804218497
10.975999999999999 7.7529279929282104 -13.776568804218497
10.977 7.7520611636391052 -13.776568804218497
10.978 7.7511944223371003 -13.776568804218497
10.978999999999999 7.7503277690006689 -13.776568804218497
10.98 7.7494612036082984 -13.776568804218497
10.981 7.7485947261384718 -13.776568804218497
10.981999999999999 7.7477283365696898 -13.776568804218497
10.983000000000001 7.7468620348804462 -13.776568804218497
10.984 7.7459958210492497 -13.776568804218497
10.984999999999999 7.7451296950546054 -13.776568804218497
10.986000000000001 7.7442636568750274 -13.776568804218497
10.987 7.7433977064890396 -13.776568804218497
10.988 7.7425318438751649 -13.776568804218497
10.989000000000001 7.741666069011929 -13.776568804218497
10.99 7.7408003818778734 -13.776568804218497
10.991 7.7399347824515337 -13.776568804218497
10.992000000000001 7.7390692707114566 -13.776568804218497
10.993 7.7382038466361944 -13.776568804218497
10.994 7.7373385102043004 -13.776568804218497
10.994999999999999 7.7364732613943357 -13.776568804218497
10.996 7.7356081001848667 -13.776568804218497
10.997 7.7347430265544634 -13.776568804218497
10.997999999999999 7.7338780404817022 -13.776568804218497
10.999000000000001 7.7330131419451655 -13.776568804218497
11 7.7321483309234385 -13.776568804218497
11.000999999999999 7.7312836073951141 -13.776568804218497
11.002000000000001 7.7304189713387883 -13.776568804218497
11.003 7.7295544227330621 -13.776568804218497
11.004 7.7286899615565412 -13.776568804218497
11.005000000000001 7.7278255877878408 -13.776568804218497
11.006 7.7269613014055754 -13.776568804218497
11.007 7.7260971023883718 -13.776568804218497
11.007999999999999 7.7252329907148507 -13.776568804218497
11.009 7.724368966363647 -13.776568804218497
11.01 7.7235050293134 -13.776568804218497
11.010999999999999 7.7226411795427516 -13.776568804218497
11.012 7.7217774170303475 -13.776568804218497
11.013 7.720913741754841 -13.776568804218497
11.013999999999999 7.7200501536948938 -13.776568804218497
11.015000000000001 7.7191866528291655 -13.776568804218497
11.016 7.7183232391363239 -13.776568804218497
11.016999999999999 7.7174599125950438 -13.776568804218497
11.018000000000001 7.7165966731839992 -13.776568804218497
11.019 7.7157335208818809 -13.776568804218497
11.02 7.7148704556673726 -13.776568804218497
11.021000000000001 7.7140074775191652 -13.776568804218497
11.022 7.7131445864159645 -13.776568804218497
11.023 7.7122817823364676 -13.776568804218497
11.024000000000001 7.7114190652593857 -13.776568804218497
11.025 7.7105564351634328 -13.776568804218497
11.026 7.7096938920273281 -13.776568804218497
11.026999999999999 7.7088314358297954 -13.776568804218497
11.028 7.7079690665495599 -13.776568804218497
11.029 7.7071067841653642 -13.776568804218497
11.029999999999999 7.7062445886559372 -13.776568804218497
11.031000000000001 7.705382480000031 -13.776568804218497
11.032 7.7045204581763898 -13.776568804218497
11.032999999999999 7.7036585231637718 -13.776568804218497
11.034000000000001 7.70279667494093 -13.776568804218497
11.035 7.7019349134866344 -13.776568804218497
11.036 7.7010732387796539 -13.776568804218497
11.036999999999999 7.7002116507987628 -13.776568804218497
11.038 7.6993501495227372 -13.776568804218497
11.039 7.6984887349303648 -13.776568804218497
11.039999999999999 7.6976274070004349 -13.776568804218497
11.041 7.6967661657117388 -13.776568804218497
11.042 7.6959050110430809 -13.776568804218497
11.042999999999999 7.6950439429732622 -13.776568804218497
11.044 7.6941829614810944 -13.776568804218497
11.045 7.6933220665453899 -13.776568804218497
11.045999999999999 7.6924612581449727 -13.776568804218497
11.047000000000001 7.6916005362586608 -13.776568804218497
11.048 7.6907399008652897 -13.776568804218497
11.048999999999999 7.6898793519436923 -13.776568804218497
11.050000000000001 7.6890188894727061 -13.776568804218497
11.051 7.688158513431179 -13.776568804218497
11.052 7.6872982237979599 -13.776568804218497
11.053000000000001 7.6864380205519014 -13.776568804218497
11.054 7.6855779036718657 -13.776568804218497
11.055 7.6847178731367167 -13.776568804218497
11.056000000000001 7.683857928925323 -13.776568804218497
11.057 7.6829980710165602 -13.776568804218497
11.058 7.6821382993893108 -13.776568804218497
11.058999999999999 7.6812786140224549 -13.776568804218497
11.06 7.6804190148948832 -13.776568804218497
11.061 7.6795595019854943 -13.776568804218497
11.061999999999999 7.6787000752731833 -13.776568804218497
11.063000000000001 7.6778407347368534 -13.776568804218497
11.064 7.6769814803554226 -13.776568804218497
11.065 7.6761223121077959 -13.776568804218497
11.066000000000001 7.6752632299728978 -13.776568804218497
11.067 7.6744042339296534 -13.776568804218497
11.068 7.6735453239569917 -13.776568804218497
11.068999999999999 7.6726865000338451 -13.776568804218497
11.07 7.6718277621391531 -13.776568804218497
11.071 7.670969110251864 -13.776568804218497
11.071999999999999 7.6701105443509201 -13.776568804218497
11.073 7.6692520644152813 -13.776568804218497
11.074 7.6683936704239075 -13.776568804218497
11.074999999999999 7.6675353623557623 -13.776568804218497
11.076000000000001 7.6666771401898091 -13.776568804218497
11.077 7.66581900390503 -13.776568804218497
11.077999999999999 7.6649609534803975 -13.776568804218497
11.079000000000001 7.6641029888949008 -13.776568804218497
11.08 7.6632451101275265 -13.776568804218497
11.081 7.6623873171572709 -13.776568804218497
11.082000000000001 7.6615296099631243 -13.776568804218497
11.083 7.6606719885241006 -13.776568804218497
11.084 7.6598144528192069 -13.776568804218497
11.085000000000001 7.6589570028274494 -13.776568804218497
11.086 7.6580996385278555 -13.776568804218497
11.087 7.6572423598994446 -13.776568804218497
11.088000000000001 7.656385166921245 -13.776568804218497
11.089 7.6555280595722897 -13.776568804218497
11.09 7.6546710378316201 -13.776568804218497
11.090999999999999 7.6538141016782761 -13.776568804218497
11.092000000000001 7.6529572510913066 -13.776568804218497
11.093 7.6521004860497657 -13.776568804218497
11.093999999999999 7.6512438065327091 -13.776568804218497
11.095000000000001 7.650387212519199 -13.776568804218497
11.096 7.6495307039883071 -13.776568804218497
11.097 7.6486742809191028 -13.776568804218497
11.098000000000001 7.6478179432906668 -13.776568804218497
11.099 7.6469616910820788 -13.776568804218497
11.1 7.6461055242724258 -13.776568804218497
11.100999999999999 7.6452494428407993 -13.776568804218497
11.102 7.6443934467663004 -13.776568804218497
11.103 7.6435375360280284 -13.776568804218497
11.103999999999999 7.6426817106050926 -13.776568804218497
11.105 7.6418259704765985 -13.776568804218497
11.106 7.6409703156216704 -13.776568804218497
11.106999999999999 7.6401147460194228 -13.776568804218497
11.108000000000001 7.6392592616489878 -13.776568804218497
11.109 7.6384038624894943 -13.776568804218497
11.109999999999999 7.6375485485200798 -13.776568804218497
11.111000000000001 7.6366933197198827 -13.776568804218497
11.112 7.6358381760680505 -13.776568804218497
11.113 7.6349831175437366 -13.776568804218497
11.114000000000001 7.6341281441260911 -13.776568804218497
11.115 7.6332732557942791 -13.776568804218497
11.116 7.6324184525274639 -13.776568804218497
11.117000000000001 7.6315637343048168 -13.776568804218497
11.118 7.630709101105511 -13.776568804218497
11.119 7.6298545529087267 -13.776568804218497
11.120000000000001 7.6290000896936512 -13.776568804218497
11.121 7.6281457114394726 -13.776568804218497
11.122 7.6272914181253864 -13.776568804218497
11.122999999999999 7.6264372097305904 -13.776568804218497
11.124000000000001 7.6255830862342853 -13.776568804218497
11.125 7.6247290476156895 -13.776568804218497
11.125999999999999 7.623875093854009 -13.776568804218497
11.127000000000001 7.6230212249284639 -13.776568804218497
11.128 7.6221674408182816 -13.776568804218497
11.129 7.6213137415026866 -13.776568804218497
11.130000000000001 7.6204601269609107 -13.776568804218497
11.131 7.619606597172198 -13.776568804218497
11.132 7.6187531521157865 -13.776568804218497
11.132999999999999 7.6178997917709257 -13.776568804218497
11.134 7.6170465161168641 -13.776568804218497
11.135 7.6161933251328673 -13.776568804218497
11.135999999999999 7.6153402187981882 -13.776568804218497
11.137 7.6144871970920995 -13.776568804218497
11.138 7.6136342599938738 -13.776568804218497
11.138999999999999 7.6127814074827835 -13.776568804218497
11.140000000000001 7.6119286395381103 -13.776568804218497
11.141 7.6110759561391461 -13.776568804218497
11.141999999999999 7.6102233572651752 -13.776568804218497
11.143000000000001 7.609370842895494 -13.776568804218497
11.144 7.6085184130094081 -13.776568804218497
11.145 7.6076660675862202 -13.776568804218497
11.146000000000001 7.6068138066052384 -13.776568804218497
11.147 7.6059616300457789 -13.776568804218497
11.148 7.6051095378871647 -13.776568804218497
11.149000000000001 7.604257530108713 -13.776568804218497
11.15 7.6034056066897628 -13.776568804218497
11.151 7.602553767609642 -13.776568804218497
11.152000000000001 7.6017020128476878 -13.776568804218497
11.153 7.6008503423832483 -13.776568804218497
11.154 7.5999987561956726 -13.776568804218497
11.154999999999999 7.5991472542643104 -13.776568804218497
11.156000000000001 7.5982958365685187 -13.776568804218497
11.157 7.5974445030876643 -13.776568804218497
11.157999999999999 7.5965932538011156 -13.776568804218497
11.159000000000001 7.5957420886882385 -13.776568804218497
11.16 7.5948910077284166 -13.776568804218497
11.161 7.5940400109010282 -13.776568804218497
11.161999999999999 7.5931890981854613 -13.776568804218497
11.163 7.5923382695611048 -13.776568804218497
11.164 7.5914875250073601 -13.776568804218497
11.164999999999999 7.5906368645036242 -13.776568804218497
11.166 7.5897862880293019 -13.776568804218497
11.167 7.5889357955638062 -13.776568804218497
11.167999999999999 7.5880853870865517 -13.776568804218497
11.169 7.5872350625769567 -13.776568804218497
11.17 7.5863848220144456 -13.776568804218497
11.170999999999999 7.5855346653784492 -13.776568804218497
11.172000000000001 7.5846845926484017 -13.776568804218497
11.173 7.5838346038037425 -13.776568804218497
11.173999999999999 7.5829846988239131 -13.776568804218497
11.175000000000001 7.5821348776883619 -13.776568804218497
11.176 7.5812851403765462 -13.776568804218497
11.177 7.580435486867918 -13.776568804218497
11.178000000000001 7.5795859171419409 -13.776568804218497
11.179 7.5787364311780836 -13.776568804218497
11.18 7.5778870289558204 -13.776568804218497
11.181000000000001 7.5770377104546247 -13.776568804218497
11.182 7.5761884756539768 -13.776568804218497
11.183 7.5753393245333651 -13.776568804218497
11.183999999999999 7.5744902570722807 -13.776568804218497
11.185 7.5736412732502183 -13.776568804218497
11.186 7.572792373046676 -13.776568804218497
11.186999999999999 7.5719435564411626 -13.776568804218497
11.188000000000001 7.5710948234131834 -13.776568804218497
11.189 7.5702461739422562 -13.776568804218497
11.19 7.5693976080078995 -13.776568804218497
11.191000000000001 7.5685491255896347 -13.776568804218497
11.192 7.5677007266669927 -13.776568804218497
11.193 7.5668524112195055 -13.776568804218497
11.193999999999999 7.566004179226713 -13.776568804218497
11.195 7.5651560306681533 -13.776568804218497
11.196 7.5643079655233771 -13.776568804218497
11.196999999999999 7.5634599837719358 -13.776568804218497
11.198 7.5626120853933836 -13.776568804218497
11.199 7.5617642703672843 -13.776568804218497
11.199999999999999 7.5609165386732045 -13.776568804218497
11.201000000000001 7.5600688902907089 -13.776568804218497
11.202 7.5592213251993803 -13.776568804218497
11.202999999999999 7.5583738433787939 -13.776568804218497
11.204000000000001 7.557526444808536 -13.776568804218497
11.205 7.556679129468197 -13.776568804218497
11.206 7.5558318973373684 -13.776568804218497
11.207000000000001 7.554984748395646 -13.776568804218497
11.208 7.554137682622641 -13.776568804218497
11.209 7.553290699997957 -13.776568804218497
11.210000000000001 7.5524438005012016 -13.776568804218497
11.211 7.5515969841120025 -13.776568804218497
11.212 7.5507502508099744 -13.776568804218497
11.213000000000001 7.5499036005747415 -13.776568804218497
11.214 7.549057033385945 -13.776568804218497
11.215 7.5482105492232101 -13.776568804218497
11.215999999999999 7.5473641480661842 -13.776568804218497
11.217000000000001 7.5465178298945084 -13.776568804218497
11.218 7.5456715946878337 -13.776568804218497
11.218999999999999 7.5448254424258145 -13.776568804218497
11.220000000000001 7.54397937308811 -13.776568804218497
11.221 7.5431333866543842 -13.776568804218497
11.222 7.542287483104305 -13.776568804218497
11.223000000000001 7.5414416624175429 -13.776568804218497
11.224 7.5405959245737817 -13.776568804218497
11.225 7.5397502695526954 -13.776568804218497
11.225999999999999 7.5389046973339759 -13.776568804218497
11.227 7.5380592078973132 -13.776568804218497
11.228 7.5372138012224035 -13.776568804218497
11.228999999999999 7.5363684772889501 -13.776568804218497
11.23 7.535523236076652 -13.776568804218497
11.231 7.534678077565224 -13.776568804218497
11.231999999999999 7.5338330017343775 -13.776568804218497
11.233000000000001 7.5329880085638354 -13.776568804218497
11.234 7.5321430980333188 -13.776568804218497
11.234999999999999 7.5312982701225559 -13.776568804218497
11.236000000000001 7.5304535248112785 -13.776568804218497
11.237 7.5296088620792272 -13.776568804218497
11.238 7.5287642819061409 -13.776568804218497
11.239000000000001 7.5279197842717682 -13.776568804218497
11.24 7.5270753691558614 -13.776568804218497
11.241 7.5262310365381744 -13.776568804218497
11.242000000000001 7.5253867863984656 -13.776568804218497
11.243 7.5245426187165041 -13.776568804218497
11.244 7.5236985334720581 -13.776568804218497
11.245000000000001 7.5228545306448993 -13.776568804218497
11.246 7.522010610214811 -13.776568804218497
11.247 7.5211667721615738 -13.776568804218497
11.247999999999999 7.5203230164649746 -13.776568804218497
11.249000000000001 7.5194793431048081 -13.776568804218497
11.25 7.518635752060872 -13.776568804218497
11.250999999999999 7.5177922433129627 -13.776568804218497
11.252000000000001 7.5169488168408929 -13.776568804218497
11.253 7.516105472624468 -13.776568804218497
11.254 7.5152622106435096 -13.776568804218497
11.255000000000001 7.5144190308778285 -13.776568804218497
11.256 7.5135759333072576 -13.776568804218497
11.257 7.512732917911622 -13.776568804218497
11.257999999999999 7.5118899846707565 -13.776568804218497
11.259 7.5110471335644959 -13.776568804218497
11.26 7.5102043645726893 -13.776568804218497
11.260999999999999 7.5093616776751793 -13.776568804218497
11.262 7.5085190728518159 -13.776568804218497
11.263 7.5076765500824596 -13.776568804218497
11.263999999999999 7.5068341093469702 -13.776568804218497
11.265000000000001 7.5059917506252098 -13.776568804218497
11.266 7.5051494738970552 -13.776568804218497
11.266999999999999 7.5043072791423739 -13.776568804218497
11.268000000000001 7.503465166341047 -13.776568804218497
11.269 7.5026231354729589 -13.776568804218497
11.27 7.5017811865179995 -13.776568804218497
11.271000000000001 7.5009393194560552 -13.776568804218497
11.272 7.50009753426703 -13.776568804218497
11.273 7.4992558309308244 -13.776568804218497
11.274000000000001 7.4984142094273381 -13.776568804218497
11.275 7.4975726697364884 -13.776568804218497
11.276 7.4967312118381892 -13.776568804218497
11.277000000000001 7.4958898357123562 -13.776568804218497
11.278 7.4950485413389192 -13.776568804218497
11.279 7.4942073286978026 -13.776568804218497
11.279999999999999 7.4933661977689452 -13.776568804218497
11.281000000000001 7.4925251485322768 -13.776568804218497
11.282 7.4916841809677468 -13.776568804218497
11.282999999999999 7.4908432950552966 -13.776568804218497
11.284000000000001 7.4900024907748781 -13.776568804218497
11.285 7.4891617681064515 -13.776568804218497
11.286 7.4883211270299759 -13.776568804218497
11.286999999999999 7.487480567525413 -13.776568804218497
11.288 7.4866400895727292 -13.776568804218497
11.289 7.4857996931519066 -13.776568804218497
11.289999999999999 7.4849593782429169 -13.776568804218497
11.291 7.4841191448257458 -13.776568804218497
11.292 7.4832789928803782 -13.776568804218497
11.292999999999999 7.4824389223868097 -13.776568804218497
11.294 7.4815989333250288 -13.776568804218497
11.295 7.4807590256750451 -13.776568804218497
11.295999999999999 7.4799191994168597 -13.776568804218497
11.297000000000001 7.4790794545304786 -13.776568804218497
11.298 7.4782397909959224 -13.776568804218497
11.298999999999999 7.4774002087932052 -13.776568804218497
11.300000000000001 7.4765607079023519 -13.776568804218497
11.301 7.4757212883033901 -13.776568804218497
11.302 7.4748819499763508 -13.776568804218497
11.303000000000001 7.4740426929012651 -13.776568804218497
11.304 7.4732035170581845 -13.776568804218497
11.305 7.4723644224271473 -13.776568804218497
11.306000000000001 7.4715254089882022 -13.776568804218497
11.307 7.4706864767214087 -13.776568804218497
11.308 7.4698476256068194 -13.776568804218497
11.308999999999999 7.4690088556245051 -13.776568804218497
11.31 7.4681701667545237 -13.776568804218497
11.311 7.4673315589769542 -13.776568804218497
11.311999999999999 7.4664930322718721 -13.776568804218497
11.313000000000001 7.4656545866193529 -13.776568804218497
11.314 7.4648162219994889 -13.776568804218497
11.315 7.4639779383923655 -13.776568804218497
11.316000000000001 7.4631397357780767 -13.776568804218497
11.317 7.4623016141367247 -13.776568804218497
11.318 7.4614635734484089 -13.776568804218497
11.318999999999999 7.4606256136932396 -13.776568804218497
11.32 7.459787734851326 -13.776568804218497
11.321 7.4589499369027861 -13.776568804218497
11.321999999999999 7.4581122198277399 -13.776568804218497
11.323 7.4572745836063099 -13.776568804218497
11.324 7.4564370282186321 -13.776568804218497
11.324999999999999 7.4555995536448343 -13.776568804218497
11.326000000000001 7.454762159865056 -13.776568804218497
11.327 7.4539248468594428 -13.776568804218497
11.327999999999999 7.4530876146081395 -13.776568804218497
11.329000000000001 7.4522504630912998 -13.776568804218497
11.33 7.4514133922890764 -13.776568804218497
11.331 7.4505764021816328 -13.776568804218497
11.332000000000001 7.4497394927491323 -13.776568804218497
11.333 7.4489026639717428 -13.776568804218497
11.334 7.4480659158296412 -13.776568804218497
11.335000000000001 7.4472292483030005 -13.776568804218497
11.336 7.4463926613720099 -13.776568804218497
11.337 7.4455561550168516 -13.776568804218497
11.338000000000001 7.4447197292177156 -13.776568804218497
11.339 7.4438833839548018 -13.776568804218497
11.34 7.4430471192083063 -13.776568804218497
11.340999999999999 7.4422109349584371 -13.776568804218497
11.342000000000001 7.4413748311853967 -13.776568804218497
11.343 7.4405388078694061 -13.776568804218497
11.343999999999999 7.4397028649906769 -13.776568804218497
11.345000000000001 7.4388670025294337 -13.776568804218497
11.346 7.4380312204658985 -13.776568804218497
11.347 7.4371955187803085 -13.776568804218497
11.348000000000001 7.4363598974528937 -13.776568804218497
11.349 7.4355243564638958 -13.776568804218497
11.35 7.4346888957935571 -13.776568804218497
11.350999999999999 7.433853515422129 -13.776568804218497
11.352 7.4330182153298567 -13.776568804218497
11.353 7.432182995497004 -13.776568804218497
11.353999999999999 7.4313478559038284 -13.776568804218497
11.355 7.4305127965305946 -13.776568804218497
11.356 7.429677817357577 -13.776568804218497
11.356999999999999 7.428842918365044 -13.776568804218497
11.358000000000001 7.4280080995332769 -13.776568804218497
11.359 7.4271733608425592 -13.776568804218497
11.359999999999999 7.4263387022731786 -13.776568804218497
11.361000000000001 7.4255041238054247 -13.776568804218497
11.362 7.4246696254195932 -13.776568804218497
11.363 7.4238352070959879 -13.776568804218497
11.364000000000001 7.4230008688149054 -13.776568804218497
11.365 7.4221666105566655 -13.776568804218497
11.366 7.4213324323015737 -13.776568804218497
11.367000000000001 7.4204983340299471 -13.776568804218497
11.368 7.4196643157221107 -13.776568804218497
11.369 7.4188303773583941 -13.776568804218497
11.370000000000001 7.4179965189191179 -13.776568804218497
11.371 7.4171627403846259 -13.776568804218497
11.372 7.4163290417352545 -13.776568804218497
11.372999999999999 7.415495422951345 -13.776568804218497
11.374000000000001 7.4146618840132472 -13.776568804218497
11.375 7.4138284249013147 -13.776568804218497
11.375999999999999 7.4129950455959008 -13.776568804218497
11.377000000000001 7.412161746077369 -13.776568804218497
11.378 7.4113285263260824 -13.776568804218497
11.379 7.4104953863224123 -13.776568804218497
11.380000000000001 7.4096623260467283 -13.776568804218497
11.381 7.4088293454794112 -13.776568804218497
11.382 7.4079964446008448 -13.776568804218497
11.382999999999999 7.4071636233914129 -13.776568804218497
11.384 7.406330881831507 -13.776568804218497
11.385 7.4054982199015225 -13.776568804218497
11.385999999999999 7.4046656375818598 -13.776568804218497
11.387 7.4038331348529196 -13.776568804218497
11.388 7.4030007116951122 -13.776568804218497
11.388999999999999 7.4021683680888524 -13.776568804218497
11.390000000000001 7.4013361040145522 -13.776568804218497
11.391 7.4005039194526345 -13.776568804218497
11.391999999999999 7.3996718143835265 -13.776568804218497
11.393000000000001 7.3988397887876491 -13.776568804218497
11.394 7.3980078426454483 -13.776568804218497
11.395 7.3971759759373539 -13.776568804218497
11.396000000000001 7.396344188643809 -13.776568804218497
11.397 7.395512480745265 -13.776568804218497
11.398 7.3946808522221659 -13.776568804218497
11.399000000000001 7.393849303054969 -13.776568804218497
11.4 7.3930178332241354 -13.776568804218497
11.401 7.3921864427101296 -13.776568804218497
11.402000000000001 7.3913551314934152 -13.776568804218497
11.403 7.3905238995544682 -13.776568804218497
11.404 7.389692746873763 -13.776568804218497
11.404999999999999 7.38886167343178 -13.776568804218497
11.406000000000001 7.3880306792090025 -13.776568804218497
11.407 7.3871997641859251 -13.776568804218497
11.407999999999999 7.3863689283430363 -13.776568804218497
11.409000000000001 7.3855381716608353 -13.776568804218497
11.41 7.384707494119823 -13.776568804218497
11.411 7.3838768957005048 -13.776568804218497
11.411999999999999 7.3830463763833949 -13.776568804218497
11.413 7.3822159361490032 -13.776568804218497
11.414 7.381385574977851 -13.776568804218497
11.414999999999999 7.3805552928504605 -13.776568804218497
11.416 7.3797250897473585 -13.776568804218497
11.417 7.3788949656490814 -13.776568804218497
11.417999999999999 7.378064920536155 -13.776568804218497
11.419 7.3772349543891282 -13.776568804218497
11.42 7.3764050671885437 -13.776568804218497
11.420999999999999 7.3755752589149441 -13.776568804218497
11.422000000000001 7.3747455295488882 -13.776568804218497
11.423 7.37391587907093 -13.776568804218497
11.423999999999999 7.3730863074616328 -13.776568804218497
11.425000000000001 7.3722568147015588 -13.776568804218497
11.426 7.3714274007712781 -13.776568804218497
11.427 7.3705980656513654 -13.776568804218497
11.428000000000001 7.369768809322399 -13.776568804218497
11.429 7.3689396317649605 -13.776568804218497
11.43 7.3681105329596344 -13.776568804218497
11.431000000000001 7.3672815128870122 -13.776568804218497
11.432 7.3664525715276916 -13.776568804218497
11.433 7.3656237088622669 -13.776568804218497
11.433999999999999 7.3647949248713447 -13.776568804218497
11.435 7.3639662195355298 -13.776568804218497
11.436 7.3631375928354332 -13.776568804218497
11.436999999999999 7.3623090447516741 -13.776568804218497
11.438000000000001 7.3614805752648698 -13.776568804218497
11.439 7.3606521843556445 -13.776568804218497
11.44 7.359823872004629 -13.776568804218497
11.441000000000001 7.3589956381924484 -13.776568804218497
11.442 7.3581674828997485 -13.776568804218497
11.443 7.3573394061071635 -13.776568804218497
11.443999999999999 7.3565114077953417 -13.776568804218497
11.445 7.3556834879449324 -13.776568804218497
11.446 7.3548556465365857 -13.776568804218497
11.446999999999999 7.3540278835509625 -13.776568804218497
11.448 7.3532001989687208 -13.776568804218497
11.449 7.3523725927705295 -13.776568804218497
11.449999999999999 7.3515450649370573 -13.776568804218497
11.451000000000001 7.3507176154489784 -13.776568804218497
11.452 7.3498902442869714 -13.776568804218497
11.452999999999999 7.3490629514317192 -13.776568804218497
11.454000000000001 7.3482357368639066 -13.776568804218497
11.455 7.3474086005642256 -13.776568804218497
11.456 7.3465815425133734 -13.776568804218497
11.457000000000001 7.3457545626920417 -13.776568804218497
11.458 7.3449276610809431 -13.776568804218497
11.459 7.344100837660779 -13.776568804218497
11.460000000000001 7.3432740924122619 -13.776568804218497
11.461 7.3424474253161076 -13.776568804218497
11.462 7.3416208363530364 -13.776568804218497
11.463000000000001 7.3407943255037713 -13.776568804218497
11.464 7.3399678927490433 -13.776568804218497
11.465 7.3391415380695815 -13.776568804218497
11.465999999999999 7.3383152614461231 -13.776568804218497
11.467000000000001 7.3374890628594063 -13.776568804218497
11.468 7.3366629422901815 -13.776568804218497
11.468999999999999 7.3358368997191894 -13.776568804218497
11.470000000000001 7.3350109351271913 -13.776568804218497
11.471 7.3341850484949367 -13.776568804218497
11.472 7.3333592398031922 -13.776568804218497
11.473000000000001 7.3325335090327188 -13.776568804218497
11.474 7.3317078561642886 -13.776568804218497
11.475 7.3308822811786767 -13.776568804218497
11.475999999999999 7.3300567840566577 -13.776568804218497
11.477 7.3292313647790106 -13.776568804218497
11.478 7.3284060233265258 -13.776568804218497
11.478999999999999 7.3275807596799929 -13.776568804218497
11.48 7.3267555738202024 -13.776568804218497
11.481 7.3259304657279554 -13.776568804218497
11.481999999999999 7.3251054353840548 -13.776568804218497
11.483000000000001 7.3242804827693027 -13.776568804218497
11.484 7.3234556078645161 -13.776568804218497
11.484999999999999 7.3226308106505043 -13.776568804218497
11.486000000000001 7.3218060911080851 -13.776568804218497
11.487 7.3209814492180838 -13.776568804218497
11.488 7.320156884961329 -13.776568804218497
11.489000000000001 7.3193323983186476 -13.776568804218497
11.49 7.3185079892708762 -13.776568804218497
11.491 7.3176836577988542 -13.776568804218497
11.492000000000001 7.3168594038834227 -13.776568804218497
11.493 7.3160352275054326 -13.776568804218497
11.494 7.3152111286457329 -13.776568804218497
11.495000000000001 7.3143871072851763 -13.776568804218497
11.496 7.3135631634046261 -13.776568804218497
11.497 7.3127392969849474 -13.776568804218497
11.497999999999999 7.3119155080070026 -13.776568804218497
11.499000000000001 7.3110917964516666 -13.776568804218497
11.5 7.3102681622998142 -13.776568804218497
11.500999999999999 7.3094446055323248 -13.776568804218497
11.502000000000001 7.3086211261300837 -13.776568804218497
11.503 7.3077977240739758 -13.776568804218497
11.504 7.306974399344897 -13.776568804218497
11.505000000000001 7.3061511519237419 -13.776568804218497
11.506 7.3053279817914083 -13.776568804218497
11.507 7.3045048889288013 -13.776568804218497
11.507999999999999 7.3036818733168332 -13.776568804218497
11.509 7.3028589349364079 -13.776568804218497
11.51 7.3020360737684502 -13.776568804218497
11.510999999999999 7.3012132897938775 -13.776568804218497
11.512 7.3003905829936109 -13.776568804218497
11.513 7.299567953348582 -13.776568804218497
11.513999999999999 7.2987454008397235 -13.776568804218497
11.515000000000001 7.2979229254479705 -13.776568804218497
11.516 7.2971005271542637 -13.776568804218497
11.516999999999999 7.2962782059395508 -13.776568804218497
11.518000000000001 7.295455961784775 -13.776568804218497
11.519 7.2946337946708919 -13.776568804218497
11.52 7.2938117045788582 -13.776568804218497
11.521000000000001 7.2929896914896322 -13.776568804218497
11.522 7.2921677553841837 -13.776568804218497
11.523 7.2913458962434774 -13.776568804218497
11.524000000000001 7.2905241140484858 -13.776568804218497
11.525 7.2897024087801858 -13.776568804218497
11.526 7.2888807804195608 -13.776568804218497
11.527000000000001 7.2880592289475947 -13.776568804218497
11.528 7.2872377543452753 -13.776568804218497
11.529 7.2864163565935973 -13.776568804218497
11.529999999999999 7.2855950356735528 -13.776568804218497
11.531000000000001 7.2847737915661464 -13.776568804218497
11.532 7.2839526242523833 -13.776568804218497
11.532999999999999 7.2831315337132709 -13.776568804218497
11.534000000000001 7.2823105199298235 -13.776568804218497
11.535 7.2814895828830544 -13.776568804218497
11.536 7.2806687225539912 -13.776568804218497
11.536999999999999 7.2798479389236528 -13.776568804218497
11.538 7.2790272319730667 -13.776568804218497
11.539 7.2782066016832738 -13.776568804218497
11.539999999999999 7.2773860480353063 -13.776568804218497
11.541 7.2765655710101997 -13.776568804218497
11.542 7.2757451705890084 -13.776568804218497
11.542999999999999 7.2749248467527767 -13.776568804218497
11.544 7.2741045994825537 -13.776568804218497
11.545 7.2732844287594025 -13.776568804218497
11.545999999999999 7.2724643345643827 -13.776568804218497
11.547000000000001 7.2716443168785547 -13.776568804218497
11.548 7.2708243756829898 -13.776568804218497
11.548999999999999 7.2700045109587634 -13.776568804218497
11.550000000000001 7.2691847226869486 -13.776568804218497
11.551 7.2683650108486271 -13.776568804218497
11.552 7.267545375424886 -13.776568804218497
11.553000000000001 7.2667258163968071 -13.776568804218497
11.554 7.2659063337454883 -13.776568804218497
11.555 7.2650869274520273 -13.776568804218497
11.556000000000001 7.2642675974975184 -13.776568804218497
11.557 7.2634483438630708 -13.776568804218497
11.558 7.2626291665297931 -13.776568804218497
11.558999999999999 7.2618100654787963 -13.776568804218497
11.56 7.2609910406911968 -13.776568804218497
11.561 7.2601720921481148 -13.776568804218497
11.561999999999999 7.2593532198306709 -13.776568804218497
11.563000000000001 7.2585344237200005 -13.776568804218497
11.564 7.2577157037972304 -13.776568804218497
11.565 7.2568970600434994 -13.776568804218497
11.566000000000001 7.2560784924399409 -13.776568804218497
11.567 7.2552600009677084 -13.776568804218497
11.568 7.2544415856079452 -13.776568804218497
11.568999999999999 7.2536232463418031 -13.776568804218497
11.57 7.2528049831504369 -13.776568804218497
11.571 7.2519867960150091 -13.776568804218497
11.571999999999999 7.2511686849166788 -13.776568804218497
11.573 7.2503506498366166 -13.776568804218497
11.574 7.2495326907559914 -13.776568804218497
11.574999999999999 7.2487148076559835 -13.776568804218497
11.576000000000001 7.2478970005177663 -13.776568804218497
11.577 7.2470792693225281 -13.776568804218497
11.577999999999999 7.2462616140514537 -13.776568804218497
11.579000000000001 7.2454440346857307 -13.776568804218497
11.58 7.2446265312065616 -13.776568804218497
11.581 7.2438091035951384 -13.776568804218497
11.582000000000001 7.2429917518326672 -13.776568804218497
11.583 7.2421744759003541 -13.776568804218497
11.584 7.2413572757794107 -13.776568804218497
11.585000000000001 7.2405401514510457 -13.776568804218497
11.586 7.2397231028964848 -13.776568804218497
11.587 7.2389061300969502 -13.776568804218497
11.588000000000001 7.238089233033663 -13.776568804218497
11.589 7.2372724116878553 -13.776568804218497
11.59 7.2364556660407642 -13.776568804218497
11.590999999999999 7.2356389960736207 -13.776568804218497
11.592000000000001 7.234822401767671 -13.776568804218497
11.593 7.234005883104162 -13.776568804218497
11.593999999999999 7.2331894400643435 -13.776568804218497
11.595000000000001 7.2323730726294668 -13.776568804218497
11.596 7.2315567807807879 -13.776568804218497
11.597 7.2307405644995715 -13.776568804218497
11.598000000000001 7.2299244237670788 -13.776568804218497
11.599 7.2291083585645826 -13.776568804218497
11.6 7.2282923688733538 -13.776568804218497
11.600999999999999 7.2274764546746706 -13.776568804218497
11.602 7.2266606159498119 -13.776568804218497
11.603 7.2258448526800612 -13.776568804218497
11.603999999999999 7.2250291648467098 -13.776568804218497
11.605 7.2242135524310447 -13.776568804218497
11.606 7.2233980154143689 -13.776568804218497
11.606999999999999 7.22258255377798 -13.776568804218497
11.608000000000001 7.22176716750318 -13.776568804218497
11.609 7.2209518565712774 -13.776568804218497
11.609999999999999 7.2201366209635829 -13.776568804218497
11.611000000000001 7.2193214606614129 -13.776568804218497
11.612 7.2185063756460899 -13.776568804218497
11.613 7.2176913658989328 -13.776568804218497
11.614000000000001 7.2168764314012659 -13.776568804218497
11.615 7.2160615721344268 -13.776568804218497
11.616 7.2152467880797468 -13.776568804218497
11.617000000000001 7.2144320792185637 -13.776568804218497
11.618 7.2136174455322193 -13.776568804218497
11.619 7.2128028870020637 -13.776568804218497
11.620000000000001 7.2119884036094426 -13.776568804218497
11.621 7.2111739953357148 -13.776568804218497
11.622 7.2103596621622321 -13.776568804218497
11.622999999999999 7.2095454040703606 -13.776568804218497
11.624000000000001 7.2087312210414609 -13.776568804218497
11.625 7.2079171130569071 -13.776568804218497
11.625999999999999 7.2071030800980704 -13.776568804218497
11.627000000000001 7.2062891221463268 -13.776568804218497
11.628 7.205475239183059 -13.776568804218497
11.629 7.20466143118965 -13.776568804218497
11.630000000000001 7.2038476981474888 -13.776568804218497
11.631 7.2030340400379655 -13.776568804218497
11.632 7.202220456842479 -13.776568804218497
11.632999999999999 7.201406948542429 -13.776568804218497
11.634 7.2005935151192162 -13.776568804218497
11.635 7.199780156554251 -13.776568804218497
11.635999999999999 7.198966872828942 -13.776568804218497
11.637 7.198153663924705 -13.776568804218497
11.638 7.1973405298229638 -13.776568804218497
11.638999999999999 7.196527470505135 -13.776568804218497
11.640000000000001 7.195714485952645 -13.776568804218497
11.641 7.1949015761469273 -13.776568804218497
11.641999999999999 7.1940887410694154 -13.776568804218497
11.643000000000001 7.1932759807015447 -13.776568804218497
11.644 7.1924632950247611 -13.776568804218497
11.645 7.1916506840205043 -13.776568804218497
11.646000000000001 7.1908381476702266 -13.776568804218497
11.647 7.1900256859553853 -13.776568804218497
11.648 7.1892132988574309 -13.776568804218497
11.649000000000001 7.1884009863578253 -13.776568804218497
11.65 7.1875887484380359 -13.776568804218497
11.651 7.1867765850795289 -13.776568804218497
11.652000000000001 7.1859644962637717 -13.776568804218497
11.653 7.1851524819722483 -13.776568804218497
11.654 7.184340542186435 -13.776568804218497
11.654999999999999 7.1835286768878168 -13.776568804218497
11.656000000000001 7.1827168860578734 -13.776568804218497
11.657 7.1819051696781049 -13.776568804218497
11.657999999999999 7.1810935277299999 -13.776568804218497
11.659000000000001 7.1802819601950585 -13.776568804218497
11.66 7.1794704670547853 -13.776568804218497
11.661 7.1786590482906831 -13.776568804218497
11.662000000000001 7.1778477038842619 -13.776568804218497
11.663 7.1770364338170367 -13.776568804218497
11.664 7.1762252380705247 -13.776568804218497
11.664999999999999 7.1754141166262446 -13.776568804218497
11.666 7.1746030694657232 -13.776568804218497
11.667 7.1737920965704882 -13.776568804218497
11.667999999999999 7.1729811979220717 -13.776568804218497
11.669 7.1721703735020101 -13.776568804218497
11.67 7.1713596232918437 -13.776568804218497
11.670999999999999 7.170548947273117 -13.776568804218497
11.672000000000001 7.1697383454273726 -13.776568804218497
11.673 7.1689278177361651 -13.776568804218497
11.673999999999999 7.1681173641810503 -13.776568804218497
11.675000000000001 7.1673069847435853 -13.776568804218497
11.676 7.1664966794053289 -13.776568804218497
11.677 7.1656864481478539 -13.776568804218497
11.678000000000001 7.1648762909527237 -13.776568804218497
11.679 7.1640662078015165 -13.776568804218497
11.68 7.1632561986758061 -13.776568804218497
11.681000000000001 7.1624462635571735 -13.776568804218497
11.682 7.1616364024272041 -13.776568804218497
11.683 7.1608266152674886 -13.776568804218497
11.683999999999999 7.1600169020596161 -13.776568804218497
11.685 7.1592072627851815 -13.776568804218497
11.686 7.1583976974257872 -13.776568804218497
11.686999999999999 7.1575882059630347 -13.776568804218497
11.688000000000001 7.1567787883785297 -13.776568804218497
11.689 7.1559694446538868 -13.776568804218497
11.69 7.1551601747707192 -13.776568804218497
11.691000000000001 7.1543509787106414 -13.776568804218497
11.692 7.1535418564552771 -13.776568804218497
11.693 7.1527328079862542 -13.776568804218497
11.693999999999999 7.1519238332852 -13.776568804218497
11.695 7.151114932333746 -13.776568804218497
11.696 7.1503061051135299 -13.776568804218497
11.696999999999999 7.1494973516061933 -13.776568804218497
11.698 7.1486886717933782 -13.776568804218497
11.699 7.1478800656567323 -13.776568804218497
11.699999999999999 7.1470715331779129 -13.776568804218497
11.701000000000001 7.1462630743385649 -13.776568804218497
11.702 7.1454546891203528 -13.776568804218497
11.702999999999999 7.14464637750494 -13.776568804218497
11.704000000000001 7.1438381394739894 -13.776568804218497
11.705 7.1430299750091759 -13.776568804218497
11.706 7.1422218840921676 -13.776568804218497
11.707000000000001 7.1414138667046423 -13.776568804218497
11.708 7.1406059228282839 -13.776568804218497
11.709 7.1397980524447764 -13.776568804218497
11.710000000000001 7.1389902555358065 -13.776568804218497
11.711 7.138182532083067 -13.776568804218497
11.712 7.1373748820682543 -13.776568804218497
11.713000000000001 7.1365673054730649 -13.776568804218497
11.714 7.1357598022792041 -13.776568804218497
11.715 7.1349523724683763 -13.776568804218497
11.715999999999999 7.1341450160222948 -13.776568804218497
11.717000000000001 7.1333377329226719 -13.776568804218497
11.718 7.1325305231512246 -13.776568804218497
11.718999999999999 7.1317233866896768 -13.776568804218497
11.720000000000001 7.1309163235197488 -13.776568804218497
11.721 7.1301093336231745 -13.776568804218497
11.722 7.1293024169816821 -13.776568804218497
11.723000000000001 7.1284955735770072 -13.776568804218497
11.724 7.1276888033908916 -13.776568804218497
11.725 7.1268821064050805 -13.776568804218497
11.725999999999999 7.1260754826013173 -13.776568804218497
11.727 7.1252689319613509 -13.776568804218497
11.728 7.1244624544669417 -13.776568804218497
11.728999999999999 7.1236560500998412 -13.776568804218497
11.73 7.1228497188418132 -13.776568804218497
11.731 7.1220434606746217 -13.776568804218497
11.731999999999999 7.1212372755800395 -13.776568804218497
11.733000000000001 7.1204311635398332 -13.776568804218497
11.734 7.1196251245357836 -13.776568804218497
11.734999999999999 7.118819158549667 -13.776568804218497
11.736000000000001 7.1180132655632651 -13.776568804218497
11.737 7.1172074455583685 -13.776568804218497
11.738 7.1164016985167695 -13.776568804218497
11.739000000000001 7.115596024420257 -13.776568804218497
11.74 7.1147904232506312 -13.776568804218497
11.741 7.1139848949896933 -13.776568804218497
11.742000000000001 7.1131794396192483 -13.776568804218497
11.743 7.1123740571211052 -13.776568804218497
11.744 7.1115687474770768 -13.776568804218497
11.745000000000001 7.1107635106689751 -13.776568804218497
11.746 7.1099583466786251 -13.776568804218497
11.747 7.1091532554878434 -13.776568804218497
11.747999999999999 7.108348237078463 -13.776568804218497
11.749000000000001 7.1075432914323091 -13.776568804218497
11.75 7.1067384185312195 -13.776568804218497
11.750999999999999 7.1059336183570307 -13.776568804218497
11.752000000000001 7.1051288908915806 -13.776568804218497
11.753 7.1043242361167183 -13.776568804218497
11.754 7.1035196540142902 -13.776568804218497
11.755000000000001 7.1027151445661483 -13.776568804218497
11.756 7.1019107077541452 -13.776568804218497
11.757 7.1011063435601463 -13.776568804218497
11.757999999999999 7.1003020519660076 -13.776568804218497
11.759 7.0994978329535972 -13.776568804218497
11.76 7.0986936865047898 -13.776568804218497
11.760999999999999 7.0978896126014526 -13.776568804218497
11.762 7.0970856112254666 -13.776568804218497
11.763 7.0962816823587085 -13.776568804218497
11.763999999999999 7.0954778259830666 -13.776568804218497
11.765000000000001 7.0946740420804257 -13.776568804218497
11.766 7.0938703306326776 -13.776568804218497
11.766999999999999 7.0930666916217211 -13.776568804218497
11.768000000000001 7.0922631250294472 -13.776568804218497
11.769 7.0914596308377646 -13.776568804218497
11.77 7.0906562090285741 -13.776568804218497
11.771000000000001 7.0898528595837886 -13.776568804218497
11.772 7.0890495824853215 -13.776568804218497
11.773 7.0882463777150848 -13.776568804218497
11.774000000000001 7.0874432452549989 -13.776568804218497
11.775 7.086640185086992 -13.776568804218497
11.776 7.0858371971929879 -13.776568804218497
11.777000000000001 7.0850342815549139 -13.776568804218497
11.778 7.0842314381547098 -13.776568804218497
11.779 7.0834286669743109 -13.776568804218497
11.779999999999999 7.0826259679956607 -13.776568804218497
11.781000000000001 7.0818233412006988 -13.776568804218497
11.782 7.0810207865713783 -13.776568804218497
11.782999999999999 7.0802183040896471 -13.776568804218497
11.784000000000001 7.0794158937374609 -13.776568804218497
11.785 7.0786135554967844 -13.776568804218497
11.786 7.077811289349575 -13.776568804218497
11.787000000000001 7.0770090952777993 -13.776568804218497
11.788 7.0762069732634281 -13.776568804218497
11.789 7.0754049232884348 -13.776568804218497
11.789999999999999 7.0746029453347941 -13.776568804218497
11.791 7.0738010393844855 -13.776568804218497
11.792 7.0729992054194959 -13.776568804218497
11.792999999999999 7.0721974434218113 -13.776568804218497
11.794 7.0713957533734204 -13.776568804218497
11.795 7.0705941352563197 -13.776568804218497
11.795999999999999 7.0697925890525122 -13.776568804218497
11.797000000000001 7.0689911147439846 -13.776568804218497
11.798 7.0681897123127584 -13.776568804218497
11.798999999999999 7.0673883817408312 -13.776568804218497
11.800000000000001 7.0665871230102173 -13.776568804218497
11.801 7.0657859361029338 -13.776568804218497
11.802 7.0649848210009987 -13.776568804218497
11.803000000000001 7.0641837776864351 -13.776568804218497
11.804 7.0633828061412682 -13.776568804218497
11.805 7.0625819063475284 -13.776568804218497
11.806000000000001 7.0617810782872459 -13.776568804218497
11.807 7.0609803219424601 -13.776568804218497
11.808 7.0601796372952119 -13.776568804218497
11.808999999999999 7.0593790243275407 -13.776568804218497
11.81 7.0585784830214964 -13.776568804218497
11.811 7.0577780133591297 -13.776568804218497
11.811999999999999 7.0569776153224923 -13.776568804218497
11.813000000000001 7.0561772888936449 -13.776568804218497
11.814 7.0553770340546453 -13.776568804218497
11.815 7.0545768507875604 -13.776568804218497
11.816000000000001 7.053776739074455 -13.776568804218497
11.817 7.0529766988974041 -13.776568804218497
11.818 7.0521767302384815 -13.776568804218497
11.818999999999999 7.0513768330797646 -13.776568804218497
11.82 7.0505770074033354 -13.776568804218497
11.821 7.0497772531912801 -13.776568804218497
11.821999999999999 7.0489775704256887 -13.776568804218497
11.823 7.0481779590886511 -13.776568804218497
11.824 7.0473784191622615 -13.776568804218497
11.824999999999999 7.0465789506286258 -13.776568804218497
11.826000000000001 7.0457795534698411 -13.776568804218497
11.827 7.044980227668014 -13.776568804218497
11.827999999999999 7.0441809732052576 -13.776568804218497
11.829000000000001 7.0433817900636821 -13.776568804218497
11.83 7.0425826782254051 -13.776568804218497
11.831 7.0417836376725473 -13.776568804218497
11.832000000000001 7.0409846683872281 -13.776568804218497
11.833 7.0401857703515809 -13.776568804218497
11.834 7.0393869435477354 -13.776568804218497
11.835000000000001 7.0385881879578189 -13.776568804218497
11.836 7.0377895035639764 -13.776568804218497
11.837 7.0369908903483429 -13.776568804218497
11.838000000000001 7.0361923482930671 -13.776568804218497
11.839 7.0353938773802938 -13.776568804218497
11.84 7.034595477592176 -13.776568804218497
11.840999999999999 7.0337971489108666 -13.776568804218497
11.842000000000001 7.0329988913185257 -13.776568804218497
11.843 7.0322007047973152 -13.776568804218497
11.843999999999999 7.0314025893293959 -13.776568804218497
11.845000000000001 7.0306045448969403 -13.776568804218497
11.846 7.029806571482121 -13.776568804218497
11.847 7.0290086690671085 -13.776568804218497
11.848000000000001 7.0282108376340844 -13.776568804218497
11.849 7.0274130771652317 -13.776568804218497
11.85 7.0266153876427362 -13.776568804218497
11.850999999999999 7.0258177690487837 -13.776568804218497
11.852 7.0250202213655699 -13.776568804218497
11.853 7.0242227445752885 -13.776568804218497
11.853999999999999 7.0234253386601422 -13.776568804218497
11.855 7.0226280036023265 -13.776568804218497
11.856 7.0218307393840567 -13.776568804218497
11.856999999999999 7.0210335459875362 -13.776568804218497
11.858000000000001 7.0202364233949783 -13.776568804218497
11.859 7.0194393715886028 -13.776568804218497
11.859999999999999 7.0186423905506263 -13.776568804218497
11.861000000000001 7.0178454802632713 -13.776568804218497
11.862 7.0170486407087695 -13.776568804218497
11.863 7.0162518718693452 -13.776568804218497
11.864000000000001 7.0154551737272355 -13.776568804218497
11.865 7.014658546264676 -13.776568804218497
11.866 7.0138619894639058 -13.776568804218497
11.867000000000001 7.0130655033071685 -13.776568804218497
11.868 7.0122690877767155 -13.776568804218497
11.869 7.0114727428547932 -13.776568804218497
11.870000000000001 7.0106764685236538 -13.776568804218497
11.871 7.0098802647655605 -13.776568804218497
11.872 7.0090841315627692 -13.776568804218497
11.872999999999999 7.008288068897544 -13.776568804218497
11.874000000000001 7.007492076752154 -13.776568804218497
11.875 7.0066961551088713 -13.776568804218497
11.875999999999999 7.005900303949967 -13.776568804218497
11.877000000000001 7.0051045232577183 -13.776568804218497
11.878 7.0043088130144096 -13.776568804218497
11.879 7.0035131732023235 -13.776568804218497
11.880000000000001 7.0027176038037462 -13.776568804218497
11.881 7.0019221048009719 -13.776568804218497
11.882 7.0011266761762929 -13.776568804218497
11.882999999999999 7.000331317912007 -13.776568804218497
11.884 6.9995360299904128 -13.776568804218497
11.885 6.9987408123938222 -13.776568804218497
11.885999999999999 6.9979456651045382 -13.776568804218497
11.887 6.9971505881048728 -13.776568804218497
11.888 6.9963555813771405 -13.776568804218497
11.888999999999999 6.9955606449036605 -13.776568804218497
11.890000000000001 6.9947657786667499 -13.776568804218497
11.891 6.993970982648742 -13.776568804218497
11.891999999999999 6.9931762568319566 -13.776568804218497
11.893000000000001 6.9923816011987272 -13.776568804218497
11.894 6.9915870157313922 -13.776568804218497
11.895 6.9907925004122857 -13.776568804218497
11.896000000000001 6.9899980552237517 -13.776568804218497
11.897 6.9892036801481359 -13.776568804218497
11.898 6.9884093751677838 -13.776568804218497
11.899000000000001 6.9876151402650457 -13.776568804218497
11.9 6.9868209754222841 -13.776568804218497
11.901 6.98602688062185 -13.776568804218497
11.902000000000001 6.9852328558461032 -13.776568804218497
11.903 6.9844389010774179 -13.776568804218497
11.904 6.9836450162981585 -13.776568804218497
11.904999999999999 6.9828512014906918 -13.776568804218497
11.906000000000001 6.9820574566373956 -13.776568804218497
11.907 6.9812637817206511 -13.776568804218497
11.907999999999999 6.9804701767228412 -13.776568804218497
11.909000000000001 6.9796766416263401 -13.776568804218497
11.91 6.9788831764135484 -13.776568804218497
11.911 6.9780897810668518 -13.776568804218497
11.912000000000001 6.9772964555686467 -13.776568804218497
11.913 6.9765031999013303 -13.776568804218497
11.914 6.9757100140473058 -13.776568804218497
11.914999999999999 6.9749168979889786 -13.776568804218497
11.916 6.974123851708752 -13.776568804218497
11.917 6.9733308751890437 -13.776568804218497
11.917999999999999 6.9725379684122659 -13.776568804218497
11.919 6.9717451313608363 -13.776568804218497
11.92 6.9709523640171769 -13.776568804218497
11.920999999999999 6.9701596663637124 -13.776568804218497
11.922000000000001 6.9693670383828721 -13.776568804218497
11.923 6.968574480057085 -13.776568804218497
11.923999999999999 6.9677819913687884 -13.776568804218497
11.925000000000001 6.9669895723004194 -13.776568804218497
11.926 6.9661972228344178 -13.776568804218497
11.927 6.9654049429532305 -13.776568804218497
11.928000000000001 6.9646127326393046 -13.776568804218497
11.929 6.9638205918750913 -13.776568804218497
11.93 6.9630285206430464 -13.776568804218497
11.931000000000001 6.962236518925625 -13.776568804218497
11.932 6.961444586705289 -13.776568804218497
11.933 6.9606527239645049 -13.776568804218497
11.933999999999999 6.95986093068574 -13.776568804218497
11.935 6.9590692068514599 -13.776568804218497
11.936 6.9582775524441471 -13.776568804218497
11.936999999999999 6.9574859674462717 -13.776568804218497
11.938000000000001 6.9566944518403195 -13.776568804218497
11.939 6.9559030056087758 -13.776568804218497
11.94 6.9551116287341213 -13.776568804218497
11.941000000000001 6.9543203211988525 -13.776568804218497
11.942 6.9535290829854626 -13.776568804218497
11.943 6.9527379140764465 -13.776568804218497
11.943999999999999 6.9519468144543053 -13.776568804218497
11.945 6.9511557841015446 -13.776568804218497
11.946 6.9503648230006689 -13.776568804218497
11.946999999999999 6.9495739311341911 -13.776568804218497
11.948 6.948783108484621 -13.776568804218497
11.949 6.9479923550344802 -13.776568804218497
11.949999999999999 6.9472016707662867 -13.776568804218497
11.951000000000001 6.9464110556625611 -13.776568804218497
11.952 6.9456205097058339 -13.776568804218497
11.952999999999999 6.9448300328786319 -13.776568804218497
11.954000000000001 6.944039625163489 -13.776568804218497
11.955 6.9432492865429456 -13.776568804218497
11.956 6.9424590169995355 -13.776568804218497
11.957000000000001 6.9416688165158051 -13.776568804218497
11.958 6.9408786850743001 -13.776568804218497
11.959 6.9400886226575667 -13.776568804218497
11.960000000000001 6.9392986292481602 -13.776568804218497
11.961 6.9385087048286378 -13.776568804218497
11.962 6.9377188493815591 -13.776568804218497
11.963000000000001 6.9369290628894804 -13.776568804218497
11.964 6.9361393453349711 -13.776568804218497
11.965 6.9353496967006016 -13.776568804218497
11.965999999999999 6.9345601169689424 -13.776568804218497
11.967000000000001 6.9337706061225663 -13.776568804218497
11.968 6.9329811641440564 -13.776568804218497
11.968999999999999 6.9321917910159927 -13.776568804218497
11.970000000000001 6.931402486720958 -13.776568804218497
11.971 6.9306132512415441 -13.776568804218497
11.972 6.92982408456034 -13.776568804218497
11.973000000000001 6.9290349866599401 -13.776568804218497
11.974 6.9282459575229431 -13.776568804218497
11.975 6.9274569971319488 -13.776568804218497
11.975999999999999 6.926668105469564 -13.776568804218497
11.977 6.9258792825183946 -13.776568804218497
11.978 6.92509052826105 -13.776568804218497
11.978999999999999 6.924301842680145 -13.776568804218497
11.98 6.9235132257582981 -13.776568804218497
11.981 6.9227246774781293 -13.776568804218497
11.981999999999999 6.9219361978222622 -13.776568804218497
11.983000000000001 6.9211477867733198 -13.776568804218497
11.984 6.9203594443139398 -13.776568804218497
11.984999999999999 6.9195711704267477 -13.776568804218497
11.986000000000001 6.9187829650943833 -13.776568804218497
11.987 6.9179948282994879 -13.776568804218497
11.988 6.9172067600246994 -13.776568804218497
11.989000000000001 6.916418760252669 -13.776568804218497
11.99 6.9156308289660409 -13.776568804218497
11.991 6.9148429661474724 -13.776568804218497
11.992000000000001 6.9140551717796148 -13.776568804218497
11.993 6.9132674458451318 -13.776568804218497
11.994 6.9124797883266798 -13.776568804218497
11.995000000000001 6.911692199206926 -13.776568804218497
11.996 6.9109046784685386 -13.776568804218497
11.997 6.910117226094191 -13.776568804218497
11.997999999999999 6.9093298420665548 -13.776568804218497
11.999000000000001 6.9085425263683087 -13.776568804218497
12 6.9077552789821368 -13.776568804218497
12.032797409887829 6.8827755231314711 -13.757047827000902
12.065684458950267 6.857812208840361 -13.737543291342861
12.098661392181709 6.8328653376412163 -13.718055198776788
12.13172845524616 6.8079349109526675 -13.698583550721311
12.164885894479037 6.783020930119303 -13.679128348521017
12.198133956889027 6.7581233964524898 -13.659689593487277
12.231472890159912 6.7332423112723561 -13.640267286940217
12.264902942652448 6.7083776759508424 -13.620861430251782
12.298424363406163 6.6835294919559942 -13.601472024890008
12.332037402141252 6.658697760897347 -13.582099072464441
12.365742309260416 6.6338824845725952 -13.562742574772765
12.399539335850752 6.6090836650153832 -13.543402533848635
12.433428733685597 6.5843013041476652 -13.524078951613996
12.467410755226412 6.5595354010635667 -13.504771827162982
12.501485653624661 6.5347859585722503 -13.485481163304749
12.535653682723719 6.5100529802506593 -13.466206963616242
12.569915097060731 6.4853364693577049 -13.446949231356376
12.604270151868521 6.4606364288676161 -13.427707969499373
12.638719103077493 6.4359528615042301 -13.408483180769077
12.673262207317554 6.4112857697763133 -13.389274867674251
12.707899721919995 6.3866351560138739 -13.370083032544906
12.742631904919429 6.3620010224055363 -13.350907677569664
12.777459015055703 6.3373833710369247 -13.331748804834149
12.812381311775843 6.3127822039301442 -13.312606416360467
12.847399055235963 6.2881975230843565 -13.293480514147779
12.882512506303218 6.2636293305174426 -13.274371100213967
12.917721926557741 6.2390776283088023 -13.255278176638432
12.953027578294591 6.2145424186433189 -13.236201745606056
12.98842972452573 6.1900237038564505 -13.217141809452295
13.023928628981938 6.1655214864805501 -13.198098370709509
13.059524556114814 6.1410357692924009 -13.179071432154471
13.095217771098728 6.1165665553619135 -13.160060996857101
13.131008539832818 6.0921138481021622 -13.141067068230468
13.166897128942939 6.0676776513206505 -13.12208965008208
13.202883805783671 6.0432579692718669 -13.103128746666419
13.238968838440302 6.0188548067111789 -13.08418436273886
13.275152495730842 5.9944681689500534 -13.065256503610863
13.311435047208001 5.9700980566271511 -13.046345169921096
13.347816763161205 5.9457444699978304 -13.027450361924911
13.384297914618616 5.9214074141661186 -13.008572084726339
13.420878773349161 5.8970868939090337 -12.9897103431024
13.457559611864523 5.8727829137086545 -12.970865141535167
13.494340703421207 5.8484954777852423 -12.952036484244909
13.53122232202254 5.8242245901314256 -12.933224375224244
13.568204742420765 5.7999702545472545 -12.914428818273233
13.605288240119025 5.7757324746763992 -12.895649817035542
13.642473091373459 5.7515112540432476 -12.876887375035556
13.679759573195245 5.7273065960911076 -12.858141495716589
13.717147963352655 5.7031185042214743 -12.839412182480132
13.754638540373158 5.6789469818343115 -12.82069943872615
13.792231583545451 5.6547920323695209 -12.802003267894547
13.829927372921565 5.6306536593494645 -12.783323673507683
13.86772618931894 5.6065318664226371 -12.764660659214051
13.905628314322545 5.5824266574084938 -12.746014228833111
13.943634030286928 5.5583380363434838 -12.72738438640131
13.98174362033836 5.5342660075282382 -12.708771136219278
14.019957368376915 5.5102105755760036 -12.690174482900263
14.058275559078623 5.486171745462288 -12.671594431419775
14.096698477897551 5.4621495225758245 -12.653030987166545
14.135226411067944 5.4381439127707516 -12.634484155994715
14.173859645606356 5.4141549224201366 -12.615953944277345
14.212598469313813 5.3901825562457937 -12.597440356736259
14.251443170777911 5.3662268138298241 -12.578943392953551
14.290394039375 5.3422877010460894 -12.560463058803087
14.329451365272321 5.3183652240216333 -12.541999360411909
14.368615439430197 5.2944593885800444 -12.523552303603607
14.407886553604159 5.2705702002736166 -12.505121893930475
14.447265000347148 5.2466976644164234 -12.486708136706588
14.486751073011686 5.2228417861183711 -12.46831103704185
14.526345065752052 5.1990025703202356 -12.449930599877039
14.566047273526507 5.1751800218296538 -12.431566830019792
14.60585799209945 5.1513741453582043 -12.413219732181686
14.645777518043641 5.12758494555945 -12.394889311016289
14.685806148742399 5.1038124270680854 -12.376575571158289
14.725944182391855 5.0800565945400908 -12.358278517263674
14.76619191800312 5.0563174526940511 -12.339998154051026
14.806549655404542 5.0325950063535316 -12.321734486343908
14.847017695243931 5.0088892604905855 -12.303487519114379
14.887596338990825 4.9852002202704249 -12.285257257527647
14.92828588893869 4.9615278910972584 -12.267043706987923
14.969086648207206 4.9378722786612981 -12.248846873185419
15.009998920744502 4.9142333889869985 -12.230666762144592
15.051023011329461 4.8906112284824985 -12.212503380273581
15.092159225573935 4.8670058039903559 -12.19435673441494
15.133407869925058 4.8434171228394929 -12.176226831897598
15.174769251667518 4.8198451922031822 -12.158113679894823
15.216243678925862 4.7962900129434285 -12.140017279268625
15.257831460666761 4.7727515908024341 -12.121937635761203
15.299532906701334 4.7492299330895698 -12.103874756681931
15.34134832768744 4.7257250468038059 -12.085828649029775
15.383278035132031 4.7022369386649281 -12.067799319524529
15.425322341393416 4.6787656151457284 -12.049786774638982
15.467481559683627 4.655311082505067 -12.031791020631994
15.509756004070733 4.6318733468219389 -12.013812063582561
15.552145989481206 4.608452414030479 -11.99584990942482
15.594651831702235 4.5850482899559886 -11.977904563984072
15.637273847384092 4.5616609803519594 -11.959976033013811
15.680012354042496 4.5382904909381168 -11.942064322233762
15.722867670060964 4.514936827439513 -11.924169437368976
15.765840114693219 4.4915999956266734 -11.906291384189984
15.808930008065513 4.4682800013568666 -11.888430168554054
15.852137671179054 4.4449768506164151 -11.870585796447505
15.895463425912373 4.4216905495641683 -11.852758274029194
15.938907595023757 4.398421104576105 -11.834947607675097
15.982470502153607 4.3751685222910996 -11.817153804024089
16.026152471826876 4.3519328096578516 -11.799376870024874
16.069953829455478 4.328713973983052 -11.78161681298414
16.113874901340736 4.3055120229807233 -11.763873640615914
16.157916014675774 4.2823269648228512 -11.746147361092181
16.202077497547972 4.2591588080952469 -11.728437982998756
16.246359678941424 4.2360075558831625 -11.710745509420889
16.290762888739359 4.2128732133600604 -11.693069945532045
16.33528745772664 4.1897557888501602 -11.675411299656446
16.379933717592184 4.1666552903616498 -11.657769579802281
16.42470200093145 4.1435717256171145 -11.640144793692134
16.469592641248948 4.1205051020848256 -11.622536948794282
16.514605972960663 4.0974554270110275 -11.60494605235497
16.559742331396592 4.0744227074530883 -11.587372111431566
16.605002052803226 4.051406950313643 -11.569815132926708
16.650385474346049 4.0284081623756904 -11.552275123623396
16.695892934112088 4.00542635033867 -11.534752090221071
16.741524771112367 3.9824615208555798 -11.517246039372733
16.787281325284482 3.9595136805710713 -11.499756977723036
16.833162937495107 3.9365828361606177 -11.482284911947454
16.879169949542575 3.913668994370703 -11.464829848792476
16.92530270415936 3.8907721620601596 -11.447391795116934
16.97156154501468 3.8678923462425168 -11.42997075793436
17.017946816717032 3.8450295541295323 -11.412566744456512
17.064458864816793 3.8221837931758142 -11.395179762138005
17.111098035808737 3.7993550711246442 -11.377809818722119
17.157864677134672 3.7765433960549246 -11.36045692228776
17.204759137185984 3.7537487764293673 -11.343121081297642
17.251781765306287 3.7309712211438608 -11.325802304647658
17.298932911793962 3.7082107395781159 -11.308500601717521
17.346212927904805 3.6854673372594893 -11.291215978034588
17.39362216585463 3.6627410187016345 -11.273948438112518
17.441160978821923 3.640031793067497 -11.256697991114256
17.488829720950424 3.6173396692082864 -11.239464645891022
17.536628747351791 3.5946646556843889 -11.222248411003198
17.584558414108255 3.5720067607959298 -11.205049294750916
17.632619078275241 3.5493659926142911 -11.187867305205561
17.680811097884082 3.526742359014492 -11.170702450242153
17.729134831944627 3.5041358677085452 -11.153554737572712
17.777590640447936 3.4815465262797507 -11.13642417478054
17.826178884369003 3.4589743422179287 -11.119310769355462
17.874899925669368 3.4364193229557025 -11.102214528730105
17.923754127299873 3.4138814759057077 -11.08513546031711
17.972741853203345 3.3913608084988813 -11.068073571547414
18.021863468317303 3.3688573282237559 -11.051028869909555
18.071119338576707 3.3463710426668101 -11.03400136299002
18.120509830916635 3.3239019595539312 -11.016991058514698
18.170035313275051 3.3014500867929328 -10.999997964391406
18.219696154595521 3.2790154325171916 -10.983022088753529
18.269492724830016 3.2565980051304284 -10.966063440004792
18.319425394941593 3.234197813352655 -10.94912202686521
18.369494536907204 3.2118148662672574 -10.932197858418176
18.419700523720458 3.1894491733693031 -10.915290944158761
18.470043729394416 3.1671007446150345 -10.898401294043216
18.520524528964334 3.1447695873562367 -10.881528915423331
18.571143298490501 3.1224557059375044 -10.864673812643707
18.621900415061013 3.1001591100595971 -10.847835995405108
18.672796256794591 3.0778798092505597 -10.831015473235587
18.723831202843424 3.0556178127434297 -10.814212255368188
18.775005633395935 3.0333731295062023 -10.797426350770913
18.826319929679652 3.0111457682726268 -10.780657768177516
18.877774473964077 2.9889357375739309 -10.763906516119237
18.929369649563455 2.9667430457714858 -10.74717260295745
18.9811058408397 2.9445677010903459 -10.730456036917221
19.032983433205221 2.922409711653799 -10.713756826121843
19.085002813125797 2.9002690855188402 -10.697074978628319
19.137164368123496 2.8781458307126475 -10.680410502463836
19.189468486779504 2.8560399552700595 -10.663763405663245
19.241915558737041 2.8339514672720889 -10.647133696307561
19.294505974704268 2.8118803748854302 -10.63052138256349
19.347240126457226 2.7898266864030572 -10.613926472724019
19.400118406842694 2.7677904102859014 -10.597348975250089
19.453141209781162 2.7457715552055988 -10.580788898813342
19.506308930269732 2.7237701300883703 -10.564246252340011
19.559621964385119 2.701786144160002 -10.547721045055892
19.613080709286525 2.6798196069920324 -10.531213286532539
19.66668556321865 2.6578705285490636 -10.51472298673456
19.72043692551464 2.6359389192372746 -10.498250156068149
19.774335196599058 2.6140247875864664 -10.481794803063117
19.828380777990905 2.5921281381300969 -10.465356932252936
19.882574072306543 2.5702489808897853 -10.448936553659237
19.936915483262744 2.5483873259043563 -10.432533677320858
19.991405415679704 2.5265431829143918 -10.416148312978397
20.046044275484018 2.5047165613915969 -10.399780470103568
20.100832469711733 2.4829074705690282 -10.383430157929446
20.155770406511373 2.4611159194722103 -10.36709738548157
20.210858495146969 2.4393419169511699 -10.350782161609981
20.266097146001151 2.4175854717133518 -10.33448449502214
20.321486770578144 2.3958465923575147 -10.318204394316822
20.377027781506872 2.3741252874085461 -10.301941868018931
20.432720592544001 2.3524215653532612 -10.285696924615296
20.488565618577095 2.3307354346771469 -10.269469572591429
20.544563275627603 2.3090669039022047 -10.253259820469344
20.600713980854032 2.287415981625696 -10.237067676846323
20.657018152555018 2.2657826765600206 -10.220893150434783
20.713476210172487 2.2441669975735774 -10.204736250103148
20.770088574294718 2.2225689537327811 -10.188596984917847
20.826855666659519 2.2009885543450918 -10.172475364186365
20.883777910157345 2.1794258090032272 -10.156371397501438
20.940855728834496 2.1578807276304421 -10.140285094786346
20.998089547896196 2.1363533205270326 -10.124216466341409
21.055479793709836 2.1148435984179508 -10.108165522891598
21.113026893808087 2.0933515705307859 -10.092132273664529
21.170731276892162 2.0718772416886133 -10.076116723483304
21.228593372834936 2.0504206221192463 -10.060118882575759
21.286613612684175 2.028981722206622 -10.044138761325861
21.344792428665759 2.0075605520339797 -10.028176369816874
21.403130254186877 1.9861571214127116 -10.012231717860216
21.461627523839301 1.9647714399120579 -9.9963048150251606
21.520284673402571 1.943403516889733 -9.9803956706694485
21.579102139847251 1.922053361523375 -9.964504293970748
21.63808036133824 1.9007209828429217 -9.9486306939590303
21.697219777237951 1.8794063897639275 -9.932774879549882
21.756520828109647 1.8581095911217926 -9.9169368595787333
21.815983955720693 1.8368305957069464 -9.9011166428360511
21.875609603045849 1.8155694123010238 -9.8853142381035042
21.935398214270613 1.7943260497139912 -9.8695296541910942
21.995350234794458 1.7731005168223268 -9.8537628999753348
22.055466111234196 1.7518928226081771 -9.8380139844384136
22.1157462914273 1.730702976199588 -9.8222829167084154
22.176191224435215 1.7095309869117838 -9.8065697061006016
22.236801360546767 1.6883768642895061 -9.7908743621597587
22.297577151281438 1.6672406181504889 -9.7751968947036616
22.358519049392761 1.6461222586300241 -9.7595373138676429
22.419627508871738 1.6250217962266407 -9.7438956301502824
22.480902984950145 1.6039392418490055 -9.7282718544602886
22.542345934103967 1.5828746050403757 -9.7126659963409683
22.603956814056801 1.5618278908777141 -9.6970780608693321
22.665736083783234 1.5407991097248017 -9.681508058409209
22.727684203512329 1.5197882721456131 -9.6659559995246305
22.789801634730971 1.4987953884016376 -9.6504218944771338
22.852088840187335 1.4778204684802747 -9.6349057532541735
22.914546283894392 1.4568635221240724 -9.6194075855983563
22.977174431133264 1.4359245588608902 -9.6039274010375983
23.039973748456759 1.4150035880348661 -9.5884652089160927
23.102944703692838 1.3941006188382981 -9.5730210184262035
23.16608776594806 1.373215660344471 -9.5575948386412719
23.229403405611155 1.3523487215413292 -9.5421866785493101
23.29289209435645 1.3314998113661718 -9.5267965470876845
23.356554305147398 1.3106689387412733 -9.5114244531787318
23.420390512240179 1.2898561126104231 -9.4960704057663161
23.484401191187075 1.269061341976583 -9.480734413853467
23.548586818840203 1.2482846359404101 -9.4654164865409172
23.612947873354916 1.22752600373992 -9.4501166330667559
23.677484834193429 1.206785454791133 -9.4348348628470795
23.742198182128419 1.1860629987297939 -9.4195711855177144
23.807088399246524 1.1653586454542018 -9.4043256109770379
23.872155968952008 1.1446724051690951 -9.3890981494298771
23.937401375970332 1.1240042884307031 -9.3738888114325434
24.002825106351747 1.1033543061929072 -9.3586976079390052
24.068427647474984 1.0827224679820928 -9.3435245484757417
24.134209488050793 1.0621087790432198 -9.3283696382878034
24.200171118125638 1.04151324980853 -9.3132328878075281
24.266313029085364 1.0209358908577271 -9.2981143076147177
24.332635713658799 1.000376712466768 -9.2830139079854312
24.399139665921471 0.97983572463588331 -9.26793169892
24.465825381299268 0.95931293711842458 -9.2528676901718825
24.532693356572125 0.93880835945059049 -9.2378218912773846
24.599744089877781 0.91832200098196659 -9.2227943115862079
24.666978080715396 0.89785387090702617 -9.2077849602929351
24.734395829949321 0.87740397829744277 -9.1927938464693586
24.801997839812874 0.85697233213535651 -9.1778209790977421
24.869784613911982 0.8365589413475818 -9.1628663671050212
24.93775665722902 0.81616381484072797 -9.1479300193979327
25.005914476126524 0.79578696153730677 -9.1330119448991187
25.074258578350964 0.77542839041279732 -9.1181121525841924
25.142789473036594 0.75508811053372171 -9.103230651519814
25.211507670709135 0.73476613109675182 -9.0883674509027941
25.280413683289662 0.71446246146879877 -9.0735225601001908
25.349508024098387 0.69417711122820702 -9.0586959886904967
25.418791207858465 0.67391009020698101 -9.0438877465058649
25.4882637506999 0.65366140853409893 -9.0290978436754337
25.557926170163299 0.63343107667996568 -9.0143262906697661
25.627778985203754 0.61321910550195835 -8.9995730983464028
25.697822716194786 0.59302550419383615 -8.9848382758992731
25.768057884932098 0.57285027809022038 -8.970121828663169
25.838485014637545 0.55269343759893652 -8.9554237670460957
25.909104629963007 0.53255499315175947 -8.9407441014800089
25.979917256994284 0.51243495487588597 -8.9260828420922884
26.050923423255075 0.49233333262158774 -8.9114399987334014
26.122123657710816 0.4722501359907556 -8.8968155810054323
26.193518490772671 0.45218537436622547 -8.882209598291416
26.265108454301526 0.43213905694196197 -8.8676220597855284
26.336894081611852 0.41211119275416624 -8.8530529745241768
26.408875907475764 0.39210179071319512 -8.8385023514179366
26.481054468126949 0.37211085963643992 -8.8239701992844211
26.553430301264687 0.35213840828209825 -8.8094565268820535
26.626003946057889 0.33218444538386488 -8.7949613429447648
26.698775943149034 0.31224897968662735 -8.7804846562176806
26.771746834658263 0.2923320199830643 -8.7660264754937227
26.844917164187379 0.27243357515127559 -8.7515868096512435
26.918287476823917 0.25255365419339204 -8.7371656676926293
26.99185831914523 0.23269226627519779 -8.7227630587839311
27.065630239222493 0.21284942076683339 -8.7083789922955592
27.139603786624825 0.1930251272845088 -8.6940134778439973
27.213779512423418 0.17321939573328943 -8.6796665253345964
27.288157969195577 0.15343223635102843 -8.6653381450055011
27.362739711028865 0.13366365975334421 -8.6510283474726286
27.437525293525244 0.11391367448247207 -8.6367371412785179
27.512515273805178 0.094182285925196563 -8.6224645318102642
27.587710210511851 0.074469504330054045 -8.6082105293167288
27.663110663815246 0.054775339817350686 -8.5939751439185432
27.738717195416353 0.035099802202247087 -8.5797583854312034
27.814530368551402 0.015442901022119638 -8.5655602633924328
27.890550747995967 -0.0041953544352178133 -8.5513807870903964
27.96677890006924 -0.023814955102512015 -8.5372199655927101
28.043215392638224 -0.043415892103201334 -8.5230778077763034
28.119860795121955 -0.062998156720675477 -8.5089543223581643
28.19671567849581 -0.082561740366704661 -8.4948495179269159
28.273780615295657 -0.10210663454889578 -8.4807634029753451
28.351056179622184 -0.12163283083731512 -8.4666959859337929
28.428542947145175 -0.14114032083016409 -8.452647275204475
28.506241495107759 -0.1606290961184853 -8.4386172791967713
28.584152402330794 -0.18009914824997403 -8.4246060063634314
28.662276249217076 -0.19955046869173435 -8.4106134652377929
28.740613617755702 -0.2189830487921004 -8.3966396644719783
28.819165091526468 -0.23839687974146312 -8.3826846128760693
28.897931255704112 -0.2577919525319971 -8.3687483194583709
28.976912697062744 -0.27716825791640765 -8.3548307934666646
29.056110003980187 -0.29652578636560434 -8.3409320444305468
29.135523766442368 -0.31586452802526366 -8.3270520822048528
29.215154576047745 -0.3351844726713345 -8.3131909170141629
29.295003026011649 -0.35448561274430868 -8.2993485564185239
29.375069711170738 -0.37376794278993725 -8.2855250058727314
29.455355227987468 -0.39303145290294556 -8.2717202752826307
29.535860174554454 -0.4122761334391567 -8.2579343742929723
29.616585150598986 -0.43150197506001903 -8.2441673122428991
29.697530757487481 -0.45070896870550525 -8.2304190981930425
29.778697598229936 -0.46989710556619152 -8.216689740953445
29.860086277484502 -0.48906637705455019 -8.2029792491122677
29.941697401561882 -0.50821677477535399 -8.1892876310653833
30.023531578429893 -0.5273482904952701 -8.1756148950467864
30.105589417718047 -0.54646091611159298 -8.1619610491598618
30.187871530722006 -0.56555464362003915 -8.1483261014095838
30.270378530408188 -0.5846294650817021 -8.1347100597355677
30.353111031418308 -0.60368537258906541 -8.1211129320460564
30.436069650073971 -0.62272235823107069 -8.1075347262528457
30.5192550043813 -0.64174041405729165 -8.0939754503071235
30.602667714035451 -0.66073953204106117 -8.0804351122363283
30.686308400425297 -0.67971970404169968 -8.066913720181935
30.77017768663805 -0.69868092176568897 -8.0534112824382724
30.854276197463861 -0.71762317672684239 -8.0399278074923508
30.938604559400567 -0.73654646020547765 -8.0264633040647055
31.023163400658234 -0.75545076320646642 -8.0130177811513281
31.107953351163921 -0.77433607641627733 -7.9995912480666336
31.192975042566381 -0.79320239015891369 -7.9861837144875256
31.278229108240698 -0.81204969820113571 -7.9727951866481694
31.363716183293057 -0.83087799496011161 -7.959425670132342
31.44943690456547 -0.84968727110616593 -7.9460751742706854
31.535391910640485 -0.86847751763930947 -7.9327437080641756
31.62158184184603 -0.8872487258658095 -7.9194312802075553
31.708007340260071 -0.90600088737132356 -7.9061378991161995
31.794669049715448 -0.92473399399326239 -7.8928635729537504
31.881567615804723 -0.94344803779234154 -7.8796083096605711
31.968703685884893 -0.96214301102327371 -7.8663721169830492
32.056077909082262 -0.98081890610464806 -7.8531550025037227
32.14369093629729 -0.99947571558793569 -7.8399569736722663
32.231543420209384 -1.0181134321256164 -7.826778037837375
32.319636015281873 -1.036732048438443 -7.8136182022794971
32.407969377766754 -1.0553315572817537 -7.80047747424452
32.496544165709651 -1.073911951410897 -7.7873558609783462
32.585361038954709 -1.0924732235457115 -7.774253369762417
32.674420659149476 -1.111015366334035 -7.7611700079501986
32.763723689749924 -1.1295383723142771 -7.7481057830046183
32.853270796025278 -1.1480422338769498 -7.7350607025365239
32.943062645063009 -1.1665269432252341 -7.7220347743441264
33.033099905773888 -1.1849924923345225 -7.7090280064534555
33.123383248896822 -1.2034388729108798 -7.6960404071598969
33.21391334700396 -1.221866076348485 -7.6830719850707512
33.30469087450566 -1.240274093719639 -7.6701227491152295
33.395716507655521 -1.2586629203646242 -7.6571927039545971
33.486990924555457 -1.2770325505899487 -7.6442818552839213
33.578514805160673 -1.2953829758816757 -7.6313902116187489
33.670288831284765 -1.3137141880590091 -7.6185177811415192
33.762313686604863 -1.3320261792484778 -7.605664571727381
33.854590056666609 -1.3503189418573205 -7.5928305909708067
33.947118628889349 -1.3685924685461008 -7.580015846212981
34.039900092571209 -1.3868467522005046 -7.5672203445700035
34.132935138894254 -1.4050817859023126 -7.5544440929619086
34.226224460929664 -1.423297562899563 -7.541687098142523
34.319768753642819 -1.4414940765758144 -7.5289493667301812
34.413568713898542 -1.4596713204185858 -7.5162309052392988
34.507625040466259 -1.4778292879868997 -7.5035317201128278
34.601938434025207 -1.4959679728779205 -7.4908518177556163
34.696509597169715 -1.5140873686927028 -7.4781912045686694
34.791339234414323 -1.5321874690009645 -7.4655498869843635
34.886428052199101 -1.5502682673049628 -7.4529278715025793
34.981776758894945 -1.5683297570023915 -7.4403251647278088
35.077386064808771 -1.5863719313482727 -7.4277417734072548
35.173256682188864 -1.6043947834158876 -7.4151777044699037
35.269389325230158 -1.6223983060566771 -7.4026329650666343
35.365784710079545 -1.6403824918590997 -7.3901075626113455
35.462443554841308 -1.6583473331064746 -7.3776015048231285
35.55936657958231 -1.6762928219156517 -7.365114799587591
35.656554506337464 -1.6942189551951201 -7.3526474499987478
35.754008059115129 -1.712125727418607 -7.3401994615854278
35.85172796390242 -1.7300131310766529 -7.3277708418596967
35.949714948670668 -1.7478811589945751 -7.3153615979988889
36.04796974338084 -1.7657298043068879 -7.3029717368711973
36.146493079988957 -1.7835590604309421 -7.2906012650620333
36.245285692451617 -1.8013689210397883 -7.2782501889011622
36.344348316731342 -1.8191593800342161 -7.2659185144906591
36.443681690802137 -1.8369304315140196 -7.2536062477336571
36.543286554655054 -1.8546820697484099 -7.2413133943639236
36.643163650303478 -1.8724142891455702 -7.2290399599763138
36.743313721788951 -1.8901270842214044 -7.2167859500580223
36.843737515186497 -1.9078204495673456 -7.2045513700207673
36.944435778610234 -1.9254943798173263 -7.1923362252338352
37.045409262219032 -1.9431488696138302 -7.1801405210580196
37.146658718221971 -1.960783913573001 -7.1679642628805142
37.248184900884034 -1.9783995062488431 -7.1558074561507183
37.349988566531692 -1.9959956420964562 -7.1436701064169954
37.452070473558521 -2.0135723154342968 -7.1315522193644227
37.554431382430941 -2.0311295204054676 -7.1194538008534964
37.657072055693767 -2.0486672509379669 -7.1073748569598791
37.759993257975914 -2.0661855007039538 -7.0953153940151452
37.863195755996202 -2.0836842630779695 -7.0832754186485571
37.966680318568898 -2.1011635315379209 -7.0712549373860778
38.070447716609586 -2.1186233045288385 -7.0592539517866246
38.174498723140815 -2.136063577034697 -7.0472724668702398
38.27883411329789 -2.1534843427543175 -7.0353104889421934
38.383454664334721 -2.1708855957241386 -7.0233680239702112
38.48836115562947 -2.1882673302928555 -7.0114450776098396
38.593554368690441 -2.2056295410953317 -6.9995416552305354
38.699035087161967 -2.2229722230257223 -6.9876577619425424
38.804804096830033 -2.2402953712097702 -6.9757934026245909
38.91086218562841 -2.2575989809763697 -6.9639485819523452
39.017210143644313 -2.2748830478282467 -6.9521233044277251
39.123848763124343 -2.2921475674118112 -6.940317574409038
39.230778838480468 -2.3093925354862104 -6.9285313961419499
39.338001166295832 -2.3266179478914419 -6.9167647737913533
39.445516545330712 -2.3438238005156502 -6.9050177114740894
39.553325776528588 -2.3610100892614976 -6.8932902132925635
39.661429663021863 -2.3781768100116021 -6.8815822833693128
39.769829010138139 -2.3953239585931168 -6.8698939258824403
39.878524625406001 -2.4124515307412788 -6.8582251451020468
39.987517318561082 -2.4295595220620552 -6.8465759454276016
40.096807901552197 -2.4466479279937992 -6.8349463314262815
40.206397188547257 -2.4637167437678928 -6.8233363078723279
40.316285995939381 -2.4807659643684032 -6.8117458797874004
40.426475142353027 -2.4977955844906816 -6.8001750524819657
40.536965448649987 -2.5148055992904506 -6.7886238308062232
40.647757737935656 -2.5317960087488145 -6.7770922147850996
40.758852835565001 -2.5487668087454263 -6.7655802085450683
40.870251569148785 -2.5657179944155 -6.7540878169571474
40.981954768559802 -2.5826495612362592 -6.7426150445504529
41.093963265938854 -2.5995615050018319 -6.7311618955372952
41.206277895701213 -2.6164538217974633 -6.7197283738389872
41.318899494542627 -2.6333265079728849 -6.7083144831124661
41.431828901445641 -2.6501795601149247 -6.6969202267776753
41.545066957685897 -2.6670129750193539 -6.6855456080457358
41.658614506838262 -2.683826749661868 -6.6741906299479616
41.772472394783222 -2.7006208811682693 -6.6628552953656666
41.886641469713211 -2.7173953667838275 -6.6515396070608288
42.001122582138741 -2.7341502038417178 -6.6402435677076248
42.115916584895018 -2.7508853897306884 -6.6289671799247971
42.231024333148042 -2.7676009218617281 -6.617710446308954
42.346446684401108 -2.7842967976339206 -6.6064733694687412
42.462184498501216 -2.8009730143993443 -6.5952559520599356
42.578238637645377 -2.8176295694270195 -6.5840581968214975
42.694609966387063 -2.8342664598659399 -6.5728801066125415
42.811299351642795 -2.8508836827071273 -6.5617216844502906
42.928307662698295 -2.8674812347446572 -6.5505829335490349
43.045635771215316 -2.8840591125357711 -6.5394638573600412
43.163284551237872 -2.9006173123598771 -6.5283644596125416
43.281254879198841 -2.9171558313501755 -6.5172847431821097
43.399547633926574 -2.93367467110183 -6.5062247064825165
43.518163696651236 -2.9501738288030164 -6.4951843523346389
43.637103951011618 -2.9666533012834542 -6.4841636839179593
43.756369283061538 -2.9831130857211039 -6.47316270406386
43.875960581276487 -2.9995531796173842 -6.4621814152804147
43.995878736560343 -3.0159735807716466 -6.4512198197779131
44.116124642251854 -3.0323742872548571 -6.4402779194951734
44.236699194131361 -3.0487552973825376 -6.4293557161266151
44.357603290427583 -3.0651166096869171 -6.4184532111501049
44.478837831824045 -3.0814582228882319 -6.4075704058556502
44.600403721466087 -3.097780135865289 -6.3967073013748541
44.722301864967378 -3.114082347625112 -6.3858638987112544
44.844533170416724 -3.1303648572718035 -6.3750401987714724
44.967098548384925 -3.1466276639745185 -6.3642362023972394
45.089998911931403 -3.1628707669345508 -6.3534519103983103
45.213235176611065 -3.1790941653515463 -6.3426873235862518
45.336808260481256 -3.195297858388821 -6.3319424428091367
45.460719084108305 -3.2114818451376834 -6.3212172689872013
45.584968570574709 -3.227646124580914 -6.310511803149387
45.709557645485781 -3.2437906955552118 -6.299826046470888
45.834487236976607 -3.2599155567126981 -6.2891600003116483
45.959758275719089 -3.2760207064814426 -6.2785136662558472
46.085371694928583 -3.2921061430249199 -6.2678870461524214
46.211328430371204 -3.3081718657227337 -6.2572801406343759
46.337629420370526 -3.3242178779729552 -6.2466929463164362
46.464275605814677 -3.3402441786991388 -6.2361254642880173
46.591267930163418 -3.3562507667169448 -6.2255776957466145
46.718607339455012 -3.3722376411983634 -6.2150496415335761
46.846294782313365 -3.3882048016472588 -6.2045413021585727
46.974331209955182 -3.4041522478741508 -6.1940526778248097
47.102717576196774 -3.4200799799702177 -6.183583768455029
47.231454837461534 -3.435987998280591 -6.1731345737182144
47.360543952786749 -3.4518763033768103 -6.1627050930571396
47.48998588383089 -3.4677448960285235 -6.1522953257166719
47.619781594880813 -3.4835937771743701 -6.1419052707728889
47.749932052858824 -3.4994229478920218 -6.1315349271630373
47.880438227329925 -3.5152324093674121 -6.1211842937163103
48.011301090509157 -3.5310221628631062 -6.1108533691854765
48.142521617268571 -3.5467922096857762 -6.1005421522794041
48.274100785144832 -3.5625425511528479 -6.0902506416964215
48.406039574346224 -3.578273188558192 -6.0799788361586238
48.538338967760048 -3.5939841231369307 -6.0697267344470687
48.670999950960066 -3.6096753560293275 -6.0594943354378881
48.80402351221354 -3.6253468882436741 -6.0492816381394041
48.937410642488977 -3.640998720618295 -6.0390886417301255
49.071162335463193 -3.6566308537824947 -6.0289153455978006
49.205279587528857 -3.6722432881165559 -6.018761749379423
49.339763397801967 -3.6878360254871776 -6.008627851225806
49.474614768129143 -3.7034090713330339 -5.9985136457160309
49.609834703095174 -3.7189624267549823 -5.98841913176721
49.745424210030592 -3.7344960929045286 -5.9783443082460357
49.881384299018919 -3.7500100712957489 -5.9682891736568546
50.017715982904512 -3.7655043637810759 -5.9582537261659123
50.154420277299863 -3.7809789725262632 -5.9482379636263643
50.291498200593253 -3.7964338999846539 -5.9382418836040145
50.428950773956394 -3.8118691488706928 -5.9282654834038153
50.566779021351941 -3.8272847221326365 -5.9183087600971476
50.704983969541118 -3.842680622924497 -5.9083717105498827
50.843566648091539 -3.8580568545771956 -5.898454331451239
50.982528089384552 -3.8734134205688537 -5.8885566193434755
51.121869328623319 -3.8887503244943207 -5.8786785706523812
51.261591403840214 -3.9040675700337988 -5.8688201817186441
51.401695355904693 -3.9193651609206341 -5.858981448830062
51.542182228531097 -3.9346431009082394 -5.849162368254623
51.683053068286277 -3.9499013937361123 -5.8393629362744948
51.824308924597517 -3.9651400430949408 -5.8295831492209045
51.965950849760304 -3.9803590525908166 -5.819823003509943
52.107979898946127 -3.9955584257084733 -5.8100824956793202
52.250397130210494 -4.0107381657736063 -5.8003616224260472
52.393203604500599 -4.0258982759141873 -5.7906603806451242
52.536400385663335 -4.041038759020811 -5.7809787674691924
52.67998854045333 -4.0561596210373168 -5.7713167769779536
52.823969138540576 -4.0712608684155516 -5.7616744027433686
52.968343252518792 -4.0863425047925421 -5.7520516411524794
53.113111957913119 -4.1014045341771102 -5.742448488220802
53.258276333188235 -4.116446960926023 -5.7328649396161921
53.403837459756467 -4.1314697897192918 -5.7233009906835433
53.549796421985675 -4.1464730255347284 -5.7137566364702286
53.696154307207443 -4.1614566736217675 -5.7042318717522855
53.842912205725263 -4.1764207394745316 -5.6947266910613576
53.99007121082235 -4.1913652288040524 -5.6852410887124529
54.13763241877021 -4.2062901475098169 -5.6757750588324285
54.285596928836455 -4.2211955016503815 -5.6663285953893521
54.433965843293123 -4.2360812974132518 -5.6569016922226396
54.582740267424995 -4.250947541083903 -5.6474943430740314
54.731921309537626 -4.265794239013923 -5.6381065416194485
54.881510080965697 -4.2806213975883232 -5.6287382815016809
55.03150769608142 -4.2954290231919714 -5.6193895563639664
55.181915272302511 -4.3102171221750734 -5.6100603598844891
55.332733930100936 -4.3249857008178427 -5.6007506858117413
55.483964793010898 -4.3397347652941285 -5.5914605280008649
55.635608987637383 -4.3544643216341754 -5.5821898804509047
55.787667643664612 -4.369174375686427 -5.5729387373430237
55.940141893864173 -4.3838649345560334 -5.5637070916019766
56.093032874103862 -4.398536007869243 -5.5544949336317799
56.246341723355805 -4.4131876022207379 -5.5453022568682764
56.400069583705083 -4.4278197243911173 -5.5361290545616981
56.554217600358314 -4.4424323815087057 -5.5269753196148708
56.708786921652006 -4.4570255810248263 -5.5178410446079349
56.863778699061214 -4.4715993306883561 -5.5087262218237933
57.019194087208227 -4.4861536385195393 -5.4996308432743071
57.17503424387084 -4.5006885127829825 -5.4905549007272754
57.3313003299914 -4.5152039619599762 -5.4814983857341497
57.48799350968514 -4.5296999947199232 -5.4724612896585842
57.645114950248932 -4.5441766198910205 -5.4634436037057554
57.802665822170113 -4.5586338464301157 -5.4544453189525157
57.960647299135012 -4.5730716833917153 -5.4454664263783785
58.119060558037773 -4.5874901398961505 -5.4365069168973514
58.277906778989255 -4.6018892250969046 -5.4275667813906212
58.437187145325481 -4.6162689481470007 -5.4186460107401411
58.596902843616888 -4.630629318164587 -5.409744595863077
58.75705506367683 -4.6449703441975281 -5.4008625277471936
58.917644998570552 -4.6592920351871108 -5.3919997974871512
59.078673844624213 -4.6735943999308311 -5.3831563963217341
59.240142801433464 -4.6878774483263577 -5.37433231438989
59.4020530718728 -4.7021411923117036 -5.365527539790599
59.564405862104188 -4.7163856413772258 -5.3567420630707687
59.727202381586181 -4.7306108052413371 -5.34797587454959
59.89044384308302 -4.7448166939629743 -5.3392289642060566
60.054131462673475 -4.7590033179166547 -5.3305013217039239
60.218266459760009 -4.7731706877667932 -5.321792936417383
60.382850057077967 -4.7873188144412726 -5.3131037974574911
60.547883480704364 -4.8014477091042362 -5.3044338936993825
60.713367960067451 -4.8155573831281302 -5.2957832138102265
60.879304727955514 -4.8296478480649228 -5.2871517462780009
61.04569502052621 -4.8437191156165369 -5.2785394794410694
61.212540077315829 -4.8577711976044675 -5.2699464015185571
61.379841141248392 -4.8718041059385371 -5.2613725006415946
61.547599458644967 -4.8858178525848288 -5.252817764885382
61.715816279233074 -4.8998124495327584 -5.2442821823021273
61.884492856155696 -4.9137879087612255 -5.2357657409548768
62.053630445981 -4.9277442422039357 -5.227268428952212
62.223230308711379 -4.9416814617137419 -5.2187902344838841
62.393293707792971 -4.95559957902611 -5.2103311458573645
62.563821910125142 -4.9694986072938931 -5.201891149963112
62.734816186069757 -4.9833785606347867 -5.1934702327270985
62.906277809460754 -4.9972394514222582 -5.185068381819808
63.078208057613622 -5.0110812923656738 -5.1766855845761643
63.250608211334857 -5.0249040965030893 -5.1683218280027381
63.423479554931646 -5.0387078771759715 -5.15997709880304
63.596823376221252 -5.052492648003124 -5.1516513834035695
63.770640966540689 -5.0662584228539167 -5.1433446679806041
63.94493362075648 -5.0800052158207301 -5.1350569384877494
64.119702637273932 -5.0937330411905819 -5.1267881806843043
64.294949318047287 -5.1074419134160216 -5.1185383801643729
64.470674968589037 -5.1211318470851612 -5.1103075223868295
64.646880897979813 -5.1348028568909072 -5.1020955927060836
64.823568418878196 -5.1484549575993626 -5.0939025764036838
65.000738847530329 -5.1620881640173337 -5.0857284587207916
65.178393503779787 -5.1757024909590221 -5.0775732248915046
65.356533711077617 -5.1892979532118062 -5.0694368601770661
65.535160796491738 -5.2028745655011051 -5.0613193499009945
65.714276090717334 -5.2164323424634489 -5.0532206794760155
65.893880928086418 -5.2299713004770076 -5.0451408325736065
66.073976646577904 -5.2434914558068364 -5.037079792978675
66.254564587827616 -5.2569928237619177 -5.029037545432482
66.435646097138147 -5.2704754199905928 -5.0210140743372591
66.617222523488991 -5.283939260455611 -5.0130093637811584
66.799295219546636 -5.2973843614084366 -5.0050233975639458
66.981865541674395 -5.3108107393627968 -4.9970561592234484
67.164934849942853 -5.3242184110675019 -4.9891076320627343
67.348504508139754 -5.3376073934784607 -4.9811777991780932
67.532575883780183 -5.3509777037299262 -4.9732666434877881
67.717150348116974 -5.364329359104957 -4.9653741477615991
67.902229276150507 -5.3776623770050058 -4.9575002946512123
68.087814046639437 -5.3909767749187694 -4.9496450667213923
68.273906042110582 -5.4042725703901064 -4.9418084464820398
68.460506648869384 -5.4175497809851549 -4.9339904164210839
68.647617257010324 -5.4308084242585579 -4.9261909590382444
68.835239260427059 -5.4440485177187909 -4.9184100568797033
69.023374056822931 -5.457270078831236 -4.9106476925350302
69.212023047721502 -5.4704731267355715 -4.902903846919882
69.401187638476614 -5.4836576801151535 -4.8951785014065052
69.590869238283375 -5.4968237570895919 -4.8874716379311565
69.781069260188218 -5.509971376103671 -4.8797832381052189
69.971789121099619 -5.5231005559020545 -4.8721132832405027
70.163030241798737 -5.536211315503218 -4.8644617543753021
70.354794046949749 -5.5493036741726502 -4.8568286323011982
70.547081965110664 -5.5623776513952841 -4.8492138975906176
70.739895428744035 -5.5754332668471722 -4.8416175306251645
70.933235874227208 -5.5884705403663197 -4.8340395116247663
71.127104741863619 -5.6014894919227896 -4.8264798206775819
71.321503475893053 -5.6144901415879236 -4.8189384377707674
71.516433524502588 -5.6274725095027609 -4.8114153428220527
71.711896339837523 -5.6404366158456209 -4.8039105157121602
71.907893378011735 -5.6533824807987756 -4.7964239363181163
72.104426099119138 -5.6663101245143146 -4.7889555845473906
72.30149596724408 -5.6792195670899446 -4.7815054403620882
72.49910445047243 -5.6921108299526644 -4.774073482395365
72.69725302090265 -5.7049839344095599 -4.7666596894005462
72.89594315465645 -5.7178389011740585 -4.7592640407248084
73.095176331889988 -5.7306757512725177 -4.7518865154026759
73.294954036805024 -5.7434945060186493 -4.744527092181583
73.495277757659537 -5.7562951869871952 -4.7371857495481882
73.696148986779335 -5.7690778159868952 -4.7298624657554091
73.897569220568812 -5.7818424150326564 -4.7225572188502545
74.099539959522204 -5.7945890063169454 -4.7152699867024124
74.302062708234857 -5.807317612180416 -4.7080007470336289
74.505138975414269 -5.8200282550816986 -4.7007494774479079
74.708770273891417 -5.8327209575663943 -4.6935161554625155
74.91295812063214 -5.8453957422352278 -4.6863007585398151
75.117704036748108 -5.8580526317113417 -4.6791032641199726
75.323009547508576 -5.870691648606746 -4.6719236496544951
75.528876182351439 -5.8833128154878782 -4.6647618926406702
75.735305474894687 -5.8959161554840023 -4.6576179700132077
75.942298962948058 -5.9085016926312868 -4.6504918578002066
76.149858188523993 -5.9210694500104069 -4.6433835329853581
76.35798469784973 -5.9336194509603981 -4.6362929722942274
76.566680041378376 -5.9461517190993618 -4.6292201521735219
76.775945773800601 -5.9586662782980966 -4.6221650488174673
76.985783454056346 -5.9711631526529629 -4.6151276381949309
77.196194645346196 -5.9836423664579872 -4.6081078960773176
77.407180915143144 -5.9961039441761939 -4.6011057980672296
77.618743835204441 -6.0085479104101509 -4.5941213196279183
77.830884981582855 -6.0209742898716847 -4.5871544361135488
78.043605934638961 -6.0333831073508328 -4.58020512280026
78.256908279052496 -6.0457743876839096 -4.5732733549180802
78.470793603834309 -6.0581481557207493 -4.5663591076836703
78.685263502338302 -6.070504436291106 -4.5594623563339356
78.900319572273119 -6.0828432541951809 -4.5525830761354689
79.11596341571412 -6.0951646353278246 -4.5457212412604884
79.332196639115452 -6.1074686053326346 -4.538876826132582
79.549020853321636 -6.1197551895536186 -4.5320498054750242
79.766437673580114 -6.132024413611914 -4.5252401537341402
79.984448719552788 -6.1442763033795167 -4.5184478451055439
80.203055615328338 -6.1565108849523327 -4.5116728535610964
80.422259989434352 -6.168728184622454 -4.5049151528766238
80.642063474849252 -6.180928228849643 -4.4981747166604169
80.862467709014652 -6.1931110442320758 -4.4914515183824886
81.083474333847462 -6.205276657476249 -4.4847455314046538
81.305084995752111 -6.2174250953661101 -4.4780567290113957
81.527301345632964 -6.2295563847313424 -4.4713850844415726
81.75012503890639 -6.2416705524148099 -4.464730570920957
81.973557735513182 -6.2537676252391634 -4.4580931616956292
82.197601099931148 -6.2658476300007742 -4.4514728300380311
82.42225680118699 -6.2779105944733686 -4.4448695482434628
82.647526512869348 -6.289956546172613 -4.4382832888653372
82.873411913140814 -6.3019855123939763 -4.4317140246773103
83.099914684750601 -6.3139975206902434 -4.4251617281958264
83.327036515047197 -6.3259925988450014 -4.4186263717066305
83.554779095990696 -6.3379707748453562 -4.4121079272920376
83.783144124165489 -6.3499320768539196 -4.4056063668589482
84.012133300793124 -6.3618765331800056 -4.3991216621676337
84.241748331744489 -6.3738041722500434 -4.3926537848613183
84.471990927553094 -6.3857150225772195 -4.3862027064965359
84.702862803427408 -6.3976091127302652 -4.3797683985743214
84.934365679263735 -6.409486471301447 -4.3733508325722132
85.166501279659187 -6.4213471268737248 -4.3669499799770941
85.399271333924275 -6.4331911079870174 -4.3605658123189013
85.632677576095929 -6.4450184435630309 -4.354198300745872
85.866721744950596 -6.4568291631213022 -4.3478474158085323
86.101405584016646 -6.4686232955788991 -4.3415131286597877
86.336730841588064 -6.4804008700730229 -4.3351954102324619
86.572699270736933 -6.4921619159618107 -4.3288942312384808
86.809312629326726 -6.5039064627971257 -4.3226095621960825
87.046572680025477 -6.5156345402965705 -4.3163413734577913
87.284481190318544 -6.5273461783147297 -4.3100896352391631
87.523039932522309 -6.53904140681367 -4.3038543176482857
87.762250683796935 -6.5507202558326014 -4.2976353907161
88.002115226159788 -6.562382755456758 -4.2914328244275071
88.242635346498787 -6.5740289357854618 -4.2852465887533038
88.483812836585557 -6.5856588268993335 -4.2790766536829503
88.725649493088781 -6.5972724588266605 -4.2729229892581904
88.968147117587861 -6.6088698620984356 -4.2667855650181279
89.211307516585819 -6.6204510675051722 -4.2606643502423447
89.455132501523366 -6.6320161054266356 -4.2545593146210487
89.699623888791891 -6.6435650064641543 -4.2484704276228724
89.944783499747231 -6.6550978014150974 -4.2423976585203862
90.190613160723316 -6.6666145212453252 -4.2363409764176483
90.437114703045538 -6.6781151970608743 -4.230300350278501
90.684289963044506 -6.6895998600788777 -4.224275748955642
90.932140782069922 -6.7010685415977331 -4.2182671412204575
91.180669006503805 -6.7125212729664128 -4.212274495793678
91.429876487774862 -6.723958085553047 -4.206297781376807
91.679765082371773 -6.7353790107126184 -4.2003369666843984
91.930336651857232 -6.746784079753855 -4.194392020477161
92.18159306288203 -6.7581733241171769 -4.1884629113840406
92.433536187198328 -6.7695467758919765 -4.1825496073850568
92.686167901674395 -6.7809044666702221 -4.1766520769574358
92.939490088307991 -6.7922464281737582 -4.1707702884484439
93.193504634240597 -6.803572692308963 -4.1649042100207421
93.44821343177162 -6.8148832911392887 -4.1590538096798424
93.703618378372198 -6.8261782568570339 -4.1532190553023121
93.959721376699477 -6.837457621754373 -4.1473999146647405
94.216524334610995 -6.8487214181936231 -4.14159635547347
94.474029165178337 -6.8599696785766788 -4.1358083453951293
94.732237786702072 -6.8712024353137018 -4.1300358520879508
94.991152122725538 -6.8824197207909563 -4.124278843233915
95.25077410204932 -6.8936215673378172 -4.11853728657172
95.511105658745791 -6.9048080074731129 -4.1128111496505086
95.77214873217325 -6.915979074188547 -4.1071003995465212
96.033905266990445 -6.9271348000388926 -4.1014050037726477
96.296377213171354 -6.938275217733441 -4.0957249296871403
96.559566526019069 -6.9494003601420662 -4.0900601444875377
96.823475166181126 -6.960510260267565 -4.0844106152383199
97.088105099663551 -6.9716049512172305 -4.0787763088993296
97.353458297845677 -6.9826844661736587 -4.0731571923549437
97.619536737494997 -6.9937488383648052 -4.0675532324440109
97.886342400781615 -7.004798101033229 -4.0619643959905902
98.153877275293155 -7.0158322874045602 -4.0563906498354774
98.422143354049595 -7.0268514306551353 -4.0508319608685479
98.691142635517977 -7.0378555639201217 -4.045288296020626
98.960877123627569 -7.0488447208818368 -4.0397596216753575
99.231348827784444 -7.0598189349629461 -4.034245904475747
99.502559762886619 -7.0707782395532437 -4.0287471110974469
99.774511949339285 -7.0817226681950753 -4.0232632080633985
100.04720741306927 -7.0926522545558797 -4.0177941617712589
100.32064818554089 -7.1035670324000613 -4.0123399385215333
100.59483630377031 -7.1144670355600699 -4.0069005045464836
100.8697738103414 -7.1253522979067192 -4.001475826039786
101.14546275342063 -7.1362228533187491 -3.9960658691869644
101.42190518677207 -7.147078735651565 -3.990670600196629
101.69910316977325 -7.1579199787052126 -3.9852899853324923
101.97705876743025 -7.1687466162222844 -3.9799239909154598
102.25577405039273 -7.1795586824175093 -3.9745725827942038
102.53525109496999 -7.1903562112876998 -3.9692357270350009
102.81549198314613 -7.201139236783451 -3.9639133897500671
103.09649880259524 -7.211907792989507 -3.9586055369172559
103.37827364669755 -7.2226619140973689 -3.9533121344074522
103.66081861455483 -7.2334016343771186 -3.9480331480127178
103.94413581100555 -7.2441269881485262 -3.94276854347518
104.22822734664139 -7.2548380097514116 -3.9375182865166605
104.51309533782212 -7.2655347335151941 -3.9322823428690996
104.79874190669219 -7.2762171937277031 -3.9270606783057405
105.08516918119565 -7.2868854246031489 -3.9218532586731349
105.37237929509288 -7.2975394603982551 -3.9166600497750514
105.66037438797599 -7.3081793357480827 -3.9114810170367935
105.94915660528459 -7.3188050849532331 -3.9063161262176971
106.23872809832228 -7.3294167423988998 -3.9011653429922459
106.5290910242725 -7.3400143425766178 -3.8960286329283425
106.82024754621418 -7.3505979200565932 -3.8909059615149411
107.11219983313848 -7.3611675094593618 -3.8857972941903989
107.40495005996472 -7.3717231454266585 -3.8807025963715804
107.69850040755618 -7.3822648625915335 -3.8756218334837258
107.99285306273715 -7.3927926955477314 -3.8705549709910634
108.2880102183083 -7.4033066788182271 -3.8655019744282413
108.58397407306394 -7.4138068468624478 -3.8604628093931255
108.88074683180751 -7.4242932345095713 -3.8554374411136676
109.17833070536874 -7.434765876358405 -3.8504258350477816
109.47672791061986 -7.4452248069920799 -3.8454279566687264
109.77594067049169 -7.4556700610906823 -3.840443771352525
110.07597121399095 -7.4661016734039229 -3.8354732444052875
110.3768217762165 -7.4765196787230561 -3.830516341091279
110.67849459837564 -7.4869241118520478 -3.8255730266617198
110.98099192780145 -7.4973150075780577 -3.8206432663843115
111.28431601796932 -7.5076924006411012 -3.8157270255735432
111.58846912851324 -7.518056325702954 -3.8108242696217656
111.89345352524354 -7.5284068173625958 -3.8059349639837632
112.19927148016282 -7.5387439105432499 -3.8010590737898906
112.50592527148375 -7.5490676399305876 -3.7961965644076057
112.8134171836452 -7.5593780402087845 -3.7913474012055111
113.12174950733001 -7.5696751461415861 -3.7865115494723378
113.43092453948172 -7.5799589925450368 -3.7816889744442008
113.74094458332138 -7.5902296142594885 -3.7768796413325667
114.05181194836531 -7.600487046120918 -3.7720835153529362
114.36352895044202 -7.6107313229314659 -3.7673005617542752
114.67609791170914 -7.620962479429231 -3.7625307458492028
114.98952116067132 -7.6311805502573193 -3.7577740330449259
115.30380103219733 -7.6413855700981195 -3.7530303887090408
115.61893986753705 -7.6515775738258043 -3.7482997780170897
115.93494001433963 -7.6617565960611618 -3.7435821663975233
116.2518038266706 -7.6719226714914477 -3.7388775192119872
116.56953366502908 -7.6820758348586775 -3.734185801767036
116.8881318963662 -7.6922161209322972 -3.7295069793414575
117.20760089410177 -7.7023435644810725 -3.7248410172143425
117.52794303814289 -7.7124582002443418 -3.720187880693846
117.84916071490076 -7.7225600629024456 -3.7155475351467091
118.17125631730927 -7.7326491870464729 -3.7109199460285081
118.49423224484252 -7.7427256071942203 -3.7063050788676994
118.81809090353225 -7.7527893581048275 -3.7017028989511696
119.14283470598654 -7.7628404743166222 -3.697113371786112
119.46846607140742 -7.7728789903655127 -3.6925364628817769
119.79498742560853 -7.7829049408373372 -3.6879721376971268
120.12240120103385 -7.792918360340984 -3.683420361667729
120.4507098367756 -7.8029192834807475 -3.6788811002333648
120.77991577859204 -7.8129077448279993 -3.6743543188663463
121.11002147892583 -7.8228837788921268 -3.6698399831005499
121.44102939692321 -7.8328474200907738 -3.6653380585611743
121.77294199845082 -7.8427987027529706 -3.6608485109615843
122.1057617561149 -7.8527376614131867 -3.6563713058094645
122.43949114927989 -7.8626643304097517 -3.6519064088081352
122.77413266408661 -7.8725787440610535 -3.6474537856804727
123.10968879347041 -7.8824809367240825 -3.6430134021103848
123.44616203718054 -7.8923709427678101 -3.6385852237694394
123.78355490179831 -7.9022487965458268 -3.6341692163441941
124.12186990075547 -7.9121145323682942 -3.6297653455642247
124.46110955435361 -7.9219681844732026 -3.625373577230854
124.80127638978267 -7.9318097869968796 -3.6209938772466148
125.14237294113924 -7.9416393740214986 -3.6166262115677705
125.48440174944633 -7.9514569797874604 -3.6122705459920912
125.82736536267184 -7.9612626383173524 -3.6079268465346317
126.17126633574732 -7.9710563836491168 -3.6035950791947124
126.51610723058722 -7.9808382498420443 -3.5992752099499405
126.86189061610831 -7.9906082709502435 -3.5949672047827281
127.20861906824847 -8.0003664809954085 -3.5906710297075
127.55629516998555 -8.0101129139388902 -3.5863866507985915
127.90492151135737 -8.0198476036530959 -3.5821140342188413
128.25450068948064 -8.0295705838932818 -3.5778531462477714
128.60503530856985 -8.0392818885025079 -3.5736039530767774
128.9565279799576 -8.0489815512606242 -3.5693664209600455
129.30898132211345 -8.0586696058366094 -3.5651405162621645
129.6623979606633 -8.0683460859239027 -3.5609262053229038
130.01678052840941 -8.0780110252145079 -3.5567234544830875
130.37213166534997 -8.0876644573724246 -3.5525322301111459
130.72845401869822 -8.097306416006397 -3.5483524986303467
131.08575024290246 -8.1069369346419755 -3.5441842265467018
131.44402299966666 -8.1165560466928977 -3.5400273804775755
131.80327495796882 -8.1261637855468916 -3.535881927065935
132.16350879408162 -8.1357601846551688 -3.5317478328909435
132.52472719159263 -8.1453452772863812 -3.5276250647137983
132.88693284142397 -8.1549190967239831 -3.5235135892805358
133.25012844185193 -8.164481676248041 -3.5194133733401949
133.61431669852794 -8.1740330491091946 -3.5153243836708539
133.9795003244983 -8.1835732485019115 -3.511246587106343
134.34568204022395 -8.1931023075370675 -3.5071799505636325
134.71286457360162 -8.2026202592138784 -3.5031244410708933
135.08105065998367 -8.212127136482076 -3.4990800257053638
135.45024304219822 -8.2216229723540639 -3.4950466714812976
135.82044447056975 -8.2311077996623414 -3.4910243455923178
136.19165770294049 -8.2405816512434491 -3.4870130152276562
136.56388550468938 -8.2500445599234933 -3.4830126475865937
136.93713064875362 -8.2594965584924651 -3.4790232099041303
137.31139591564937 -8.2689376796778937 -3.4750446694773149
137.6866840934924 -8.2783679561178136 -3.4710769936922423
138.06299797801816 -8.2877874203330606 -3.4671201500517315
138.44034037260369 -8.2971961048264049 -3.4631741060762899
138.81871408828798 -8.306594042099535 -3.4592388292871514
139.19812194379244 -8.315981264507089 -3.4553142873520928
139.57856676554289 -8.3253578044050816 -3.4514004479371669
139.96005138769004 -8.3347236941274296 -3.447497278730149
140.34257865213027 -8.3440789659604757 -3.443604747465983
140.72615140852756 -8.3534236521168985 -3.4397228219528553
141.11077251433446 -8.3627577847089452 -3.4358514700989375
141.49644483481291 -8.3720813957310583 -3.431990659929729
141.88317124305581 -8.3813945172303264 -3.4281403594177884
142.27095462000949 -8.3906971811216859 -3.4243005366673542
142.65979785449332 -8.3999894192605939 -3.420471159841727
143.04970384322226 -8.4092712634891527 -3.4166521971172075
143.44067549082874 -8.4185427456114006 -3.4128436167077827
143.83271570988376 -8.4278038973679603 -3.4090453868904502
144.22582742091836 -8.4370547504100486 -3.4052574760311742
144.62001355244621 -8.4462953362728612 -3.4014798526114824
145.01527704098484 -8.4555256864420443 -3.3977124851620633
145.41162083107724 -8.4647458324004177 -3.3939553422160893
145.80904787531469 -8.4739558054859927 -3.390208392451052
146.20756113435814 -8.4831556370245877 -3.3864716045563004
146.60716357696012 -8.492345358308647 -3.3827449472541815
147.00785817998701 -8.5015250005725473 -3.3790283893247199
147.40964792844213 -8.5106945949672834 -3.3753218996309164
147.81253581548631 -8.5198541725344619 -3.3716254471446976
148.21652484246121 -8.5290037642225318 -3.3679390009307215
148.62161801891176 -8.538143401005895 -3.3642625300274083
149.02781836260834 -8.5472731137039002 -3.3605960036277329
149.43512889956887 -8.5563929331090733 -3.3569393909511369
149.84355266408207 -8.5655028899810546 -3.3532926612496081
150.25309269872983 -8.5746030150223849 -3.3496557838318499
150.66375205440923 -8.5836933388536973 -3.3460287280880627
151.07553379035636 -8.5927738919883101 -3.3424114635153268
151.48844097416847 -8.6018447048380793 -3.3388039597117585
151.90247668182653 -8.6109058078326868 -3.3352061862573561
152.31764399771896 -8.6199572312533803 -3.3316181128800788
152.73394601466413 -8.6289990053469676 -3.3280397093419758
153.15138583393323 -8.6380311603239868 -3.3244709454410244
153.56996656527352 -8.6470537263349208 -3.320911791034888
153.98969132693185 -8.6560667334458117 -3.3173622160652689
154.41056324567771 -8.6650702116132727 -3.3138221905828744
154.83258545682585 -8.6740641907025839 -3.3102916847293264
155.25576110426073 -8.6830487005782544 -3.3067706686467351
155.68009334045939 -8.6920237709622779 -3.3032591126192576
156.1055853265145 -8.7009894315454055 -3.2997569869619632
156.53224023215881 -8.7099457119752852 -3.2962642620326923
156.9600612357884 -8.7188926418329764 -3.2927809082555122
157.38905152448569 -8.7278302506088536 -3.2893068961447627
157.81921429404434 -8.7367585676779793 -3.2858421963296807
158.25055274899248 -8.7456776223604926 -3.2823867794940771
158.6830701026162 -8.7545874439239881 -3.2789406163739594
159.11676957698381 -8.7634880615238 -3.2755036778171709
159.55165440297083 -8.7723795042845119 -3.2720759347020154
159.98772782028217 -8.7812618012775268 -3.2686573579596248
160.42499307747741 -8.7901349814978342 -3.2652479185971837
160.86345343199517 -8.7989990738401573 -3.261847587721745
161.30311215017696 -8.8078541070865146 -3.2584563365526455
161.74397250729115 -8.8167001100077336 -3.2550741363201445
162.18603778755832 -8.8255371112476819 -3.2517009583810284
162.62931128417517 -8.8343651393967999 -3.2483367741451863
163.0737962993386 -8.8431842230019129 -3.2449815550658068
163.51949614427127 -8.851994390543684 -3.2416352726619069
163.96641413924593 -8.8607956704134612 -3.2382978985414441
164.41455361360951 -8.869588090889561 -3.2349694044249975
164.86391790580839 -8.8783716801919024 -3.231649762091215
165.31451036341429 -8.8871464664737587 -3.2283389433850669
165.76633434314724 -8.8959124777869931 -3.2250369202525375
166.2193932109017 -8.9046697421459182 -3.2217436646768736
166.67369034177193 -8.9134182875053902 -3.2184591487004712
167.12922912007667 -8.9221581417382616 -3.215183344447373
167.58601293938389 -8.930889332612292 -3.2119162241463273
168.04404520253712 -8.9396118878040234 -3.2086577601169375
168.50332932168021 -8.9483258349547778 -3.2054079247137572
168.96386871828236 -8.9570312015834901 -3.2021666904133115
169.42566682316448 -8.9657280151688514 -3.1989340297320989
169.88872707652436 -8.9744163031336264 -3.1957099152422446
170.35305292796176 -8.98309609282264 -3.1924943195934778
170.81864783650511 -8.9917674114802288 -3.1892872155356486
171.28551527063669 -9.000430286250813 -3.1860885759181632
171.75365870831834 -9.0090847442449409 -3.1828983736240319
172.22308163701732 -9.0177308124506581 -3.1797165816583703
172.69378755373356 -9.0263685178109707 -3.1765431730710749
173.16577996502372 -9.0349978872136454 -3.1733781209669814
173.63906238702847 -9.0436189474696729 -3.1702213985273948
174.11363834549883 -9.0522317252911328 -3.1670729790321683
174.5895113758221 -9.0608362472917481 -3.1639328358591645
175.06668502304771 -9.0694325400451579 -3.1608009424260719
175.54516284191462 -9.0780206300059536 -3.1576772722692397
176.02494839687733 -9.0866005435830104 -3.1545617989704868
176.50604526213192 -9.0951723071281165 -3.1514544961684345
176.9884570216436 -9.1037359469147816 -3.1483553375796767
177.47218726917311 -9.1122914891164832 -3.1452642970204949
177.95723960830287 -9.1208389598180908 -3.1421813483954542
178.44361765246424 -9.1293783850507921 -3.139106465662524
178.93132502496556 -9.1379097907356055 -3.1360396228895073
179.42036535901696 -9.1464332027493214 -3.1329807941881809
179.91074229775882 -9.1549486469074637 -3.1299299537313097
180.40245949428893 -9.1634561489433963 -3.1268870757735399
180.89552061168956 -9.1719557344868754 -3.1238521346727626
181.38992932305393 -9.180447429102113 -3.1208251048521438
181.88568931151485 -9.1889312582663791 -3.1178059608214839
182.38280427027158 -9.197407247373409 -3.1147946771738213
182.88127790261677 -9.2058754217695373 -3.1117912285493494
183.38111392196515 -9.214335806733537 -3.108795589655573
183.88231605188065 -9.2227884274558889 -3.1058077352879749
184.38488802610379 -9.2312333090263223 -3.1028276403424591
184.88883358857959 -9.2396704764836386 -3.0998552797656269
185.39415649348692 -9.2480999547536342 -3.0968906286167504
185.90086050526409 -9.2565217687084811 -3.0939336620084648
186.40894939863824 -9.2649359431645486 -3.0909843551089975
186.91842695865367 -9.2733425028623344 -3.0880426831621688
187.42929698069966 -9.2817414724459404 -3.0851086215078904
187.94156327053815 -9.2901328764833764 -3.082182145561879
188.45522964433331 -9.2985167394621797 -3.0792632308200645
188.9702999286792 -9.3068930857802918 -3.0763518528676719
189.48677796062799 -9.3152619397888756 -3.0734479873365004
190.00466758771941 -9.3236233257730632 -3.0705516099241339
190.52397266800907 -9.3319772679320394 -3.067662696413838
191.04469707009645 -9.3403237903716985 -3.0647812226818552
191.566844673155 -9.348662917137073 -3.0619071646650742
192.09041936696036 -9.3569946721634807 -3.0590404984097672
192.61542505191903 -9.3653190793377838 -3.0561812000104647
193.14186563909755 -9.3736361624883884 -3.053329245619941
193.66974505025306 -9.3819459453658531 -3.0504846114685624
194.19906721786018 -9.3902484516263165 -3.0476472738808247
194.72983608514156 -9.3985437048640321 -3.0448172092428916
195.26205560609759 -9.4068317285629242 -3.0419943940509313
195.79572974553543 -9.4151125461490892 -3.0391788048587411
196.33086247909787 -9.4233861809957382 -3.0363704182727975
196.86745779329422 -9.4316526564043102 -3.0335692109711285
197.40551968552941 -9.4399119955857032 -3.030775159722038
197.94505216413313 -9.4481642216837649 -3.0279882413606356
198.48605924839089 -9.456409357736117 -3.025208432827974
199.02854496857341 -9.4646474267133698 -3.0224357111318887
199.57251336596619 -9.4728784515371416 -3.0196700533290386
200.11796849289982 -9.4811024550615564 -3.016911436543356
200.66491441278168 -9.489319460054503 -3.0141598379847743
201.21335520012357 -9.4975294892141555 -3.011415234932699
201.76329494057376 -9.5057325651323907 -3.0086776047725521
202.31473773094737 -9.5139287103307382 -3.0059469249598756
202.86768767925665 -9.5221179472841655 -3.0032231729966243
203.42214890474088 -9.5303002984029526 -3.0005063264492389
203.97812553789839 -9.5384757860145442 -2.9977963629667634
204.53562172051659 -9.546644432377061 -2.995093260267355
205.09464160570226 -9.5548062596354235 -2.992396996182054
205.65518935791374 -9.5629612898691114 -2.9897075486071558
206.21726915299135 -9.5711095451122823 -2.9870248954841347
206.78088517818784 -9.5792510473359904 -2.9843490148173788
207.34604163220078 -9.5873858184317697 -2.9816798846905805
207.91274272520337 -9.5955138802201532 -2.9790174832582239
208.4809926788752 -9.6036352543996664 -2.9763617887964777
209.05079572643405 -9.6117499626150718 -2.9737127796351066
209.62215611266885 -9.6198580264662006 -2.9710704341486998
210.19507809396873 -9.6279594674904345 -2.9684347307740926
210.76956593835627 -9.6360543071503884 -2.9658056480227071
211.34562392551945 -9.6441425668249501 -2.9631831644894508
211.9232563468432 -9.6522242677717891 -2.9605672588901402
212.50246750544065 -9.6602994312085748 -2.9579579099804598
213.0832617161864 -9.6683680783078785 -2.9553550965610946
213.66564330574826 -9.6764302301799781 -2.9527587974948459
214.24961661261855 -9.6844859078661614 -2.9501689917133254
214.83518598714792 -9.6925351322927398 -2.9475856582628199
215.42235579157702 -9.700577924288929 -2.9450087762864601
216.01113040006859 -9.7086143046534374 -2.9424383249577959
216.60151419874026 -9.7166442941396234 -2.9398742834956204
217.1935115856987 -9.724667913439589 -2.9373166311798506
217.78712697106988 -9.7326851831710783 -2.9347653473645443
218.3823647770333 -9.7406961238005465 -2.9322204115546615
218.97922943785528 -9.7487007557459471 -2.9296818033035423
219.57772539992155 -9.7566990993963891 -2.9271495021933198
220.17785712176959 -9.7646911750959404 -2.9246234878510577
220.77962907412333 -9.7726770031322729 -2.9221037399600918
221.38304573992565 -9.7806566036617468 -2.9195902383347265
221.98811161437118 -9.7886299967196244 -2.917082962910039
222.59483120494116 -9.7965972023248824 -2.9145818936373833
223.20320903143627 -9.8045582404691167 -2.9120870104954535
223.81324962600993 -9.8125131311020795 -2.9095982935046947
224.42495753320213 -9.8204618940889503 -2.9071157227699369
225.03833730997513 -9.8284045491038583 -2.9046392785865236
225.65339352574443 -9.8363411157898426 -2.9021689412808462
226.27013076241457 -9.8442716137819062 -2.899704691187345
226.88855361441338 -9.8521960626919594 -2.8972465086635468
227.50866668872584 -9.860114482086022 -2.8947943741127884
228.13047460492766 -9.8680268913173101 -2.8923482681506019
228.75398199522104 -9.8759333096458448 -2.8899081714854917
229.37919350446865 -9.8838337563461636 -2.88747406481155
230.00611379022732 -9.8917282506935642 -2.8850459288221693
230.63474752278421 -9.8996168119490839 -2.8826237442250164
231.26509938519101 -9.90749945917646 -2.8802074919245277
231.89717407329798 -9.9153762112500878 -2.8777971530139324
232.53097629579042 -9.923247087078984 -2.8753927085520239
233.16651077422301 -9.931112105603809 -2.8729941395661194
233.80378224305451 -9.9389712857855095 -2.8706014270633853
234.44279544968327 -9.9468246464181433 -2.8682145522174274
235.08355515448434 -9.9546722059882455 -2.8658334965084671
235.7260661308419 -9.9625139830313216 -2.8634582413679706
236.37033316518662 -9.9703499961581556 -2.8610887681524515
237.01636105703156 -9.9781802640455375 -2.8587250581527255
237.66415461900741 -9.9860048052357087 -2.8563670927938127
238.31371867689757 -9.9938236378137333 -2.8540148539564743
238.96505806967565 -10.001636779928091 -2.8516683234583526
239.61817764954074 -10.00944424986977 -2.8493274829751396
240.27308228195278 -10.01724606606583 -2.8469923140470028
240.9297768456704 -10.025042246830026 -2.8446627983271533
241.58826623278637 -10.032832809802017 -2.8423389181407064
242.24855534876366 -10.040617772720037 -2.8400206557146204
242.91064911247224 -10.048397153578055 -2.837707993021076
243.57455245622734 -10.056170970626106 -2.8354009117771843
244.24027032582336 -10.063939241982254 -2.8330993938316933
244.90780768057238 -10.071701984726662 -2.8308034220677745
245.57716949334133 -10.079459216148113 -2.8285129791607648
246.24836075058857 -10.087210954001623 -2.8262280473215071
246.92138645240033 -10.094957216528918 -2.8239486082759515
247.59625161252936 -10.102698021675813 -2.8216746440450842
248.27296125843162 -10.110433385681251 -2.8194061383508315
248.95152043130292 -10.118163325322026 -2.8171430743792243
249.63193418611806 -10.125887858283694 -2.8148854344108853
250.31420759166761 -10.133607003257147 -2.8126331997248628
250.99834573059505 -10.141320777891327 -2.8103863526386017
251.68435369943597 -10.149029196840509 -2.8081448784534713
252.37223660865553 -10.156732276297728 -2.8059087609376676
253.06199958268581 -10.16443003447117 -2.8036779818517057
253.75364775996454 -10.172122492090566 -2.8014525204440601
254.44718629297398 -10.179809665300624 -2.7992323605316249
255.14262034827868 -10.187491564781681 -2.7970174913754242
255.83995510656328 -10.195168206343219 -2.7948078971262249
256.53919576267259 -10.202839611458618 -2.7926035562922302
257.24034752564955 -10.210505804701679 -2.7904044442933658
257.9434156187732 -10.218166792561661 -2.7882105545662839
258.64840527959933 -10.225822585200184 -2.7860218768887086
259.35532175999845 -10.23347320994381 -2.7838383839387162
260.0641703261943 -10.241118687864905 -2.7816600546254375
260.77495625880465 -10.24875901713688 -2.7794868906691916
261.4876848528798 -10.256394233681867 -2.7773188561865898
262.20236141794152 -10.264024338169762 -2.7751559504109222
262.91899127802276 -10.271649356290446 -2.7729981476522654
263.63757977170951 -10.279269300754653 -2.7708454351497616
264.35813225217692 -10.286884188990744 -2.7686977954434067
265.08065408723138 -10.294494039346731 -2.766555210157438
265.8051506593506 -10.3020988567384 -2.7644176742952862
266.53162736572324 -10.309698674411621 -2.762285154642695
267.26008961828836 -10.31729348623346 -2.7601576572078317
267.99054284377729 -10.32488332927835 -2.7580351449639418
268.7229924837531 -10.332468211928997 -2.7559176094617217
269.45744399465076 -10.34004813855951 -2.7538050462438743
270.19390284781883 -10.347623134186041 -2.7516974302945219
270.93237452955992 -10.355193224062969 -2.7495947363613431
271.67286454117078 -10.362758412977634 -2.7474969595758245
272.41537839898342 -10.370318710842071 -2.7454040899653185
273.15992163440848 -10.37787413482447 -2.7433161103308863
273.90649979397278 -10.385424709109618 -2.7412329964864428
274.65511843936292 -10.392970451235925 -2.7391547308653115
275.40578314746654 -10.400511369822404 -2.7370813047831453
276.15849951041378 -10.408047476239567 -2.7350127068154029
276.91327313561783 -10.415578784720513 -2.7329489226869526
277.6701096458184 -10.423105312428859 -2.7308899352047282
278.42901467912287 -10.430627079509819 -2.7288357242070873
279.18999388904729 -10.438144103713594 -2.7267862719176814
279.9530529445604 -10.445656395908486 -2.7247415674128725
280.71819753012483 -10.453163967987436 -2.7227015987487011
281.48543334573861 -10.460666833078488 -2.7206663527514241
282.25476610697956 -10.46816500556794 -2.7186358149945899
283.02620154504666 -10.475658501123803 -2.7166099697758024
283.7997454068024 -10.483147336719576 -2.7145888000931513
284.57540345481596 -10.490631530361178 -2.7125722879172027
285.35318146740786 -10.498111096207403 -2.7105604190490822
286.13308523868989 -10.505586046196225 -2.7085531815010304
286.91512057860984 -10.51305639300061 -2.706550562553578
287.69929331299574 -10.5205221498776 -2.7045525489058733
288.48560928359791 -10.527983330673486 -2.7025591266705717
289.27407434813222 -10.535439949829012 -2.7005702813687167
290.06469438032519 -10.542892022384592 -2.6985859979246087
290.85747526995692 -10.550339563985524 -2.6966062606606749
291.65242292290401 -10.557782590848227 -2.6946310533311166
292.44954326118557 -10.565221117370356 -2.692660361500931
293.24884222300614 -10.572655155831512 -2.6906941728436462
294.0503257627995 -10.580084718909252 -2.6887324746367414
294.85399985127333 -10.587509819578028 -2.6867752538622867
295.65987047545576 -10.594930471106682 -2.6848224972094776
296.46794363873636 -10.602346687055778 -2.6828741910773073
297.27822536091293 -10.609758481274831 -2.6809303215773577
298.09072167823678 -10.617165867899406 -2.6789908745367281
298.90543864345682 -10.624568861348052 -2.6770558355010996
299.7223823258642 -10.631967476319129 -2.6751251897379418
300.5415588113388 -10.639361727647231 -2.6731989223794259
301.36297420239413 -10.64675162845052 -2.671277020266253
302.18663461822155 -10.654137191051689 -2.6693594710309481
303.01254619473775 -10.661518428003109 -2.6674462620775978
303.84071508462984 -10.668895352020254 -2.6655373806481286
304.67114745739974 -10.676267975975733 -2.6636328138282472
305.50384949941252 -10.683636312893196 -2.6617325485535557
306.33882741394109 -10.691000375940977 -2.6598365716158665
307.17608742121217 -10.698360178425588 -2.6579448696697083
308.01563575845307 -10.705715733784995 -2.6560574292390253
308.85747867993871 -10.713067055581718 -2.6541742367240797
309.70162245703779 -10.720414157495682 -2.6522952784085567
310.54807337825832 -10.727757053312942 -2.6504205404708081
311.39683774929659 -10.735095756183085 -2.648550009722757
312.24792189308317 -10.742430278178499 -2.6466836740483468
313.10133214982881 -10.749760631438036 -2.6448215212655453
313.95707487707386 -10.757086828202166 -2.6429635390914017
314.81515644973456 -10.764408880805657 -2.6411097151493226
315.67558326014961 -10.77172680167007 -2.6392600369765544
316.53836171812958 -10.77904060329605 -2.6374144920318714
317.40349825100401 -10.786350298255392 -2.6355730677034854
318.27099930366819 -10.793655899182866 -2.6337357513171753
319.14087133863194 -10.800957418767837 -2.6319025301446319
320.01312083606967 -10.808254869745682 -2.6300733914120311
320.8877542938651 -10.815548264888918 -2.6282483223088491
321.76477822766162 -10.822837616998115 -2.6264273099968971
322.64419917091135 -10.830122938884006 -2.6246103416281561
323.52602367492301 -10.83740424281449 -2.6227974048948486
324.41025830890993 -10.844681540436451 -2.6209884881071392
325.29690966004085 -10.851954843461883 -2.6191835795106364
326.18598433348802 -10.859224163666216 -2.6173826672880383
327.07748895247533 -10.866489512880342 -2.6155857395670776
327.97143015832978 -10.873750902982437 -2.6137927844286795
328.86781461052988 -10.881008345889526 -2.6120037899153457
329.76664898675466 -10.88826185354884 -2.6102187440397624
330.66793998293366 -10.895511437928938 -2.6084376347936353
331.57169431329913 -10.902757111010619 -2.6066604501567494
332.47791871043216 -10.909998884777533 -2.6048871781062832
333.38661992531513 -10.917236771206618 -2.6031178066263454
334.29780472738224 -10.924470782258254 -2.601352323717764
335.2114799045695 -10.931700929866174 -2.5995907174081259
336.12765226336393 -10.938927225889366 -2.5978329757996037
337.0463286288566 -10.94614968173812 -2.5960790874408248
337.96751584479244 -10.953368308629997 -2.5943290410723003
338.89122077361998 -10.960583117827635 -2.5925828253899259
339.81745029654462 -10.967794120628202 -2.5908404290554836
340.74621131357918 -10.975001328354999 -2.5891018407049944
341.67751074359359 -10.982204752348842 -2.5873670489572977
342.61135552436929 -10.98940440395922 -2.5856360424228431
343.54775261264916 -10.996600294535234 -2.5839088097127219
344.48670898418925 -11.003792435416251 -2.5821853394479288
345.42823163381064 -11.010980837922386 -2.5804656202688583
346.37232757545422 -11.018165513344716 -2.578749640845039
347.31900384222882 -11.025346472935205 -2.5770373898851227
348.26826748646573 -11.032523727896432 -2.5753288561471153
349.220125579772 -11.039697289380729 -2.5736240284392387
350.17458521308203 -11.046867168420896 -2.5719228956888034
351.13165349670959 -11.054033375785981 -2.5702254470855568
352.09133756040291 -11.061195922242213 -2.5685316718222997
353.05364455339657 -11.068354818577344 -2.5668415590706619
354.01858164446378 -11.075510075592263 -2.5651550979894497
354.98615602197202 -11.082661704092395 -2.5634722777332031
355.95637489393522 -11.089809714878871 -2.56179308746098
356.92924548806718 -11.096954118739468 -2.5601175163453695
357.90477505183537 -11.104094926439291 -2.5584455535817279
358.8829708525177 -11.111232148711302 -2.556777188397648
359.86384017725214 -11.118365796246479 -2.5551124100626774
360.8473903330937 -11.125495879683857 -2.5534512078982652
361.83362864706908 -11.132622409600245 -2.5517935712879596
362.82256246623075 -11.139745396567712 -2.5501394896202778
363.81419915771028 -11.146864851034984 -2.5484889524065681
364.80854610877566 -11.153980783281074 -2.5468419493271139
365.80561072688516 -11.161093203601251 -2.5451984700462806
366.80540043974133 -11.168202122300599 -2.5435585042189199
367.80792269534874 -11.175307549685662 -2.5419220414986814
368.81318496206802 -11.182409496055865 -2.5402890715465474
369.82119472867083 -11.189507971694695 -2.5386595840395838
370.83195950439745 -11.19660298686069 -2.5370335686799095
371.84548681901197 -11.203694551778188 -2.535411015203898
372.8617842228573 -11.210782676627812 -2.533791913391608
373.88085928691237 -11.217867371536762 -2.5321762530764449
374.90271960284934 -11.224948646568848 -2.5305640241550611
375.9273727830892 -11.232026511782614 -2.5289552165296025
376.95482646085742 -11.239100977197495 -2.527349820141322
377.98508829024314 -11.246172052647182 -2.5257478251162984
379.01816594625512 -11.253239747973065 -2.5241492215732042
380.05406712487758 -11.260304073021793 -2.5225539996257278
381.0927995431299 -11.26736503763712 -2.5209621493906988
382.13437093912307 -11.274422651651509 -2.5193736609964184
383.17878907211599 -11.281476924877531 -2.5177885245912104
384.22606172257571 -11.288527867099045 -2.5162067303521782
385.27619669223429 -11.295575488062173 -2.5146282684941901
386.32920180414601 -11.302619797466004 -2.5130531292790881
387.38508490274609 -11.309660804953115 -2.5114813030251182
388.44385385391178 -11.316698520102676 -2.5099127801137806
389.50551654501646 -11.323732952551282 -2.5083475508697775
390.57008088499094 -11.330764111794299 -2.5067856057583704
391.637554804383 -11.33779200724566 -2.5052269353259691
392.70794625541532 -11.344816648325903 -2.5036715301126837
393.78126321204394 -11.35183804445429 -2.5021193806601265
394.85751367001967 -11.358856205040802 -2.5005704775194113
395.93670564694685 -11.365871139477839 -2.4990248112593623
397.01884718234157 -11.37288285713176 -2.4974823724749293
398.10394633769403 -11.37989136733421 -2.4959431517958133
399.19201119652746 -11.386896679373201 -2.4944071398953094
400.2830498644575 -11.393898802483996 -2.492874327499369
401.37707046925306 -11.400897745839742 -2.4913447053958855
402.47408116089957 -11.40789351863484 -2.48981826435192
403.57409011165481 -11.414886130016779 -2.488294995181374
404.67710551611282 -11.421875589007119 -2.4867748888234682
405.78313559126525 -11.428861904632488 -2.4852579362126557
406.89218857656164 -11.435845085917354 -2.4837441282857911
408.0042727339698 -11.442825141876209 -2.4822334559898911
409.11939634803963 -11.449802081505581 -2.4807259102900838
410.23756772596374 -11.456775913775797 -2.4792214821777665
411.35879519763802 -11.463746647622582 -2.47772016267897
412.48308711572611 -11.470714291938425 -2.4762219428629226
413.61045185572056 -11.47767885556372 -2.4747268138508365
414.74089781600378 -11.484640347279122 -2.4732347668234982
415.87443341791328 -11.491598775911992 -2.4717457929155957
417.01106710580308 -11.498554150196927 -2.4702598833541733
418.15080734710574 -11.505506478793194 -2.4687770294413345
419.29366263239581 -11.512455770362035 -2.4672972224774687
420.43964147545626 -11.519402033559249 -2.465820453768651
421.58875241333658 -11.526345277027509 -2.4643467146342344
422.74100400641953 -11.533285509388548 -2.4628759964146303
423.89640483848513 -11.540222739235112 -2.4614082904792873
425.05496351677402 -11.547156975122743 -2.4599435882348715
426.21668867205005 -11.554088225561291 -2.4584818811336508
427.38158895866729 -11.561016499006293 -2.4570231606820823
428.54967305463322 -11.567941803889827 -2.4555674184101757
429.72094966167191 -11.574864148672599 -2.454114645819776
430.89542750529165 -11.581783541683592 -2.4526648345437541
432.07311533484869 -11.588699991245136 -2.4512179762218431
433.25402192361116 -11.595613505675921 -2.4497740624976503
434.43815606882538 -11.602524093283627 -2.4483330850259644
435.62552659178397 -11.609431762357406 -2.4468950354802472
436.81614233788679 -11.616336521160104 -2.4454599055603263
438.01001217670949 -11.623238377920334 -2.4440276870002684
439.20714500207026 -11.630137340824341 -2.4425983715764539
440.40754973209505 -11.637033418007675 -2.4411719511158529
441.6112353092829 -11.643926617572191 -2.43974841747912
442.81821070057504 -11.650816947657137 -2.4383277624900797
444.02848489742036 -11.657704416282606 -2.4369099780910641
445.24206691584106 -11.664589031455623 -2.4354950562376207
446.45896579650264 -11.671470801179105 -2.4340829888896636
447.67919060477982 -11.678349733444659 -2.4326737680185748
448.902750430823 -11.685225836225261 -2.4312673856144924
450.12965438962669 -11.692099117467727 -2.4298638336937759
451.35991162110048 -11.69896958508501 -2.4284631043066613
452.59353129013158 -11.705837246948271 -2.4270651895451105
453.83052258665646 -11.712702110878773 -2.4256700815508521
455.07089472572966 -11.719564184684796 -2.4242777724787761
456.31465694759157 -11.726423476180972 -2.4228882544777188
457.56181851773573 -11.733279993083251 -2.421501519794695
458.812388726981 -11.740133743104352 -2.4201175606801844
460.06637689153888 -11.74698473395031 -2.4187363693915649
461.3237923530819 -11.753832973313443 -2.4173579382000758
462.5846444788159 -11.760678468865187 -2.4159822593979547
463.84894266154834 -11.767521228248686 -2.4146093253057614
465.1166963197569 -11.774361259071235 -2.41323912827988
466.3879148976626 -11.781198568896539 -2.4118716607202075
467.66260786529847 -11.78803316524327 -2.4105069150715703
468.94078471857938 -11.794865055663568 -2.4091448837458667
470.2224549793732 -11.801694247626628 -2.4077855592375195
471.50762819557502 -11.808520748572015 -2.406428934070624
472.79631394117251 -11.815344565934954 -2.4050750007738286
474.08852181632079 -11.822165707139575 -2.4037237518870462
475.38426144741419 -11.828984179591995 -2.4023751799683324
476.68354248715718 -11.835799990673181 -2.4010292776009448
477.98637461463466 -11.842613147731662 -2.3996860374005786
479.2927675353871 -11.849423658076056 -2.3983454520227756
480.60273098148144 -11.856231528968507 -2.3970075141694296
481.91627471158193 -11.863036767690751 -2.3956722165232658
483.23340851102586 -11.869839381470335 -2.394339551821016
484.5541421918951 -11.87663937749095 -2.393009512843165
485.87848559308799 -11.883436762932387 -2.3916820923743187
487.20644858039333 -11.890231544963981 -2.3903572832097182
488.53804104656723 -11.897023730737871 -2.3890350781619265
489.87327291140082 -11.903813327382071 -2.3877154700676879
491.21215412179777 -11.910600341993383 -2.3863984517949532
492.55469465184876 -11.917384781630144 -2.3850840162500808
493.90090450290489 -11.924166653307662 -2.3837721563823595
495.25079370365046 -11.930945964061831 -2.3824628651209143
496.60437231018108 -11.937722720868017 -2.3811561354551638
497.96165040607667 -11.944496930670088 -2.3798519604060062
499.32263810247531 -11.951268600406763 -2.3785503329996955
500.68734553815153 -11.95803773700521 -2.3772512462742208
502.05578287959037 -11.9648043473744 -2.3759546932858515
503.42796032106139 -11.971568438398378 -2.3746606671158479
504.80388808469803 -11.978330016929295 -2.3733691608773397
506.1835764205718 -11.985089089780313 -2.3720801677223755
507.56703560676806 -11.991845663735198 -2.3707936808323993
508.95427594946261 -11.998599745592305 -2.369509693374646
510.34530778300262 -12.005351342079258 -2.368228198586745
511.74014146997689 -12.012100459913782 -2.3669491897163812
513.13878740129712 -12.018847105805705 -2.3656726600193227
514.54125599627537 -12.025591286450634 -2.3643986027657102
515.94755770270126 -12.032333008523416 -2.3631270112465117
517.35770299691751 -12.039072278671465 -2.3618578787801372
518.77170238390181 -12.045809103507953 -2.360591198719217
520.1895663973429 -12.0525434896064 -2.3593269644559243
521.61130559971809 -12.059275443551581 -2.3580651693715318
523.03693058237434 -12.066004971880851 -2.3568058068945801
524.46645196560632 -12.072732081102185 -2.3555488704829832
525.89988039873413 -12.079456777717667 -2.3542943536007406
527.33722656018301 -12.086179068217362 -2.3530422497240262
528.77850115756701 -12.092898959073018 -2.3517925523474319
530.22371492776188 -12.099616456731582 -2.3505452549903749
531.67287863698925 -12.106331567608581 -2.3493003512036608
533.12600308089714 -12.113044298081405 -2.3480578345761636
534.58309908463934 -12.119754654526499 -2.3468176986979397
536.04417750295443 -12.126462643292282 -2.3455799371870603
537.50924922024979 -12.133168270688532 -2.3443445437001551
538.97832515068126 -12.139871543019712 -2.3431115118993757
540.4514162382327 -12.146572466578966 -2.341880835458332
541.92853345680089 -12.153271047642015 -2.3406525080681737
543.4096878102755 -12.159967292460816 -2.3394265234438314
544.89489033261987 -12.166661207257139 -2.3382028753304116
546.38415208795425 -12.173352798216261 -2.3369815575094237
547.87748417064131 -12.1800420715245 -2.3357625637616066
549.37489770536286 -12.186729033335585 -2.3345458879002416
550.87640384720635 -12.193413689771997 -2.3333315237698016
552.38201378174847 -12.200096046950208 -2.3321194652209907
553.89173872513743 -12.206776110974769 -2.3309097061165587
555.40558992417459 -12.213453887932303 -2.3297022403372711
556.92357865640201 -12.22012938388535 -2.3284970617880196
558.44571623018476 -12.226802604866005 -2.3272941644040936
559.97201398479308 -12.233473556873967 -2.3260935421531199
561.50248329049032 -12.240142245915852 -2.3248951889961398
563.03713554861656 -12.246808677951911 -2.3236990989403625
564.57598219167096 -12.253472858926905 -2.3225052660085899
566.11903468340086 -12.260134794777706 -2.3213136842316984
567.66630451888545 -12.266794491427479 -2.3201243476543811
569.2178032246203 -12.273451954779766 -2.3189372503410288
570.77354235860321 -12.280107190712375 -2.3177523863817595
572.33353351042535 -12.286760205071165 -2.3165697498985987
573.89778830134981 -12.293411003686085 -2.3153893350295598
575.4663183844026 -12.300059592377949 -2.3142111359219695
577.03913544445993 -12.306705976927336 -2.3130351467632377
578.61625119833434 -12.313350163108936 -2.3118613617468595
580.19767739485985 -12.319992156686613 -2.3106897750773014
581.78342581498327 -12.326631963407664 -2.3095203809756883
583.37350827185003 -12.333269588996913 -2.3083531736856395
584.96793661089066 -12.339905039150686 -2.3071881474792471
586.56672270991237 -12.346538319538155 -2.3060252966557369
588.16987847918574 -12.353169435830743 -2.3048646155123604
589.77741586153229 -12.359798393657556 -2.3037060983885076
591.38934683241416 -12.366425198637685 -2.3025497396337249
593.00568340002758 -12.373049856381094 -2.3013955336068666
594.62643760538469 -12.379672372482982 -2.3002434746816283
596.25162152240785 -12.386292752518091 -2.2990935572522169
597.88124725802015 -12.392911002034825 -2.2979457757391653
599.51532695223443 -12.39952712655284 -2.2968001245917113
601.15387277824129 -12.406141131592936 -2.2956565982581969
602.79689694250453 -12.412753022638597 -2.294515191224157
604.44441168484934 -12.419362805160237 -2.2933758979883141
606.09642927855191 -12.425970484619725 -2.2922387130580786
607.75296203043467 -12.432576066464964 -2.2911036309549559
609.41402228095603 -12.439179556124252 -2.2899706462200884
611.07962240430049 -12.445780959000544 -2.2888397534199427
612.74977480847463 -12.452380280469548 -2.2877109471482102
614.4244919353971 -12.458977525906789 -2.2865842219990067
616.10378626099123 -12.465572700652309 -2.2854595726017992
617.78767029527785 -12.472165810034479 -2.2843369935978619
619.47615658247094 -12.478756859372815 -2.2832164796374692
621.16925770106877 -12.485345853972621 -2.2820980253852077
622.86698626394673 -12.491932799119478 -2.2809816255254214
624.56935491845422 -12.498517700073617 -2.2798672747677924
626.27637634650762 -12.505100562072382 -2.2787549678448915
627.98806326468218 -12.511681390350024 -2.2776446994925839
629.70442842431135 -12.518260190106798 -2.2765364644806279
631.42548461157935 -12.524836966534984 -2.2754302575869083
633.15124464761448 -12.531411724816834 -2.2743260735994744
634.88172138858886 -12.53798447011928 -2.273223907321777
636.61692772581171 -12.544555207588509 -2.2721237535780423
638.35687658582469 -12.551123942344372 -2.2710256072187804
640.10158093049859 -12.557690679494982 -2.2699294631063553
641.8510537571342 -12.564255424131996 -2.2688353161196759
643.60530809855175 -12.570818181323396 -2.2677431611612811
645.36435702319216 -12.57737895613031 -2.2666529931407511
647.1282136352155 -12.583937753601866 -2.2655648069797718
648.89689107459674 -12.590494578769942 -2.2644785976173276
650.67040251722221 -12.5970494366438 -2.2633943600150275
652.44876117499143 -12.60360233220921 -2.2623120891579442
654.23198029591356 -12.610153270448347 -2.261231780034954
656.02007316420406 -12.616702256313477 -2.2601534276647537
657.81305310038772 -12.623249294747779 -2.2590770270752571
659.61093346139614 -12.62979439068485 -2.2580025733041125
661.41372764066523 -12.636337549043567 -2.2569300614037453
663.22144906823644 -12.642878774722888 -2.2558594864465311
665.03411121086083 -12.649418072597005 -2.2547908435295758
666.85172757209205 -12.655955447533124 -2.2537241277571276
668.67431169239057 -12.662490904375495 -2.2526593342563661
670.50187714922652 -12.669024447953333 -2.2515964581695957
672.3344375571786 -12.675556083087802 -2.2505354946473051
674.17200656803368 -12.682085814587047 -2.2494764388530872
676.01459787089254 -12.68861364724112 -2.2484192859686782
677.86222519226999 -12.695139585816726 -2.2473640311991288
679.71490229619508 -12.701663635068382 -2.2463106697617632
681.57264298431744 -12.708185799735102 -2.2452591968894935
683.43546109600834 -12.714706084536392 -2.2442096078347382
685.3033705084614 -12.721224494184533 -2.2431618978572905
687.17638513680072 -12.727741033379736 -2.2421160622291265
689.0545189341816 -12.734255706805115 -2.2410720962393462
690.93778589189401 -12.740768519121591 -2.2400299951992304
692.82620003946658 -12.74727947497648 -2.2389897544337347
694.71977544477693 -12.753788579003675 -2.2379513692813346
696.61852621414732 -12.76029583581732 -2.2369148351002437
698.52246649245524 -12.766801250024447 -2.2358801472559402
700.43161046323905 -12.77330482622024 -2.2348473011258561
702.34597234880221 -12.779806568983112 -2.2338162921042284
704.26556641031743 -12.786306482869691 -2.2327871156070573
706.19040694793728 -12.792804572425222 -2.231759767061821
708.12050830089788 -12.799300842178909 -2.2307342419120935
710.05588484762416 -12.805795296643502 -2.2297105356179308
711.99655100584141 -12.812287940324225 -2.2286886436470721
713.94252123267995 -12.818778777714027 -2.2276685614796072
715.89381002478171 -12.825267813288754 -2.2266502846127594
717.85043191840896 -12.831755051502931 -2.2256338085650467
719.81240148955783 -12.838240496803273 -2.2246191288629538
721.77973335405773 -12.844724153616131 -2.2236062410532997
723.75244216768556 -12.851206026356497 -2.222595140694366
725.73054262627602 -12.857686119430774 -2.2215858233531405
727.71404946582879 -12.86416443723212 -2.2205782846099344
729.70297746261679 -12.870640984135644 -2.2195725200631196
731.69734143330061 -12.877115764497557 -2.2185685253299732
733.697156235036 -12.883588782666823 -2.2175662960351494
735.70243676558346 -12.890060042971236 -2.2165658278244531
737.71319796342254 -12.896529549730971 -2.2155671163514365
739.72945480786177 -12.902997307256058 -2.214570157279907
741.75122231914736 -12.909463319841734 -2.2135749462885106
743.77851555858012 -12.915927591763701 -2.2125814790754172
745.81134962862507 -12.922390127286192 -2.2115897513503553
747.84973967302233 -12.928850930658566 -2.2105997588379735
749.89370087690202 -12.935310006116076 -2.2096114972770633
751.94324846689824 -12.941767357886288 -2.2086249624142535
753.99839771126142 -12.948222990184536 -2.2076401500084697
756.05916391996936 -12.954676907209308 -2.2066570558355068
758.12556244484654 -12.9611291131414 -2.2056756756888478
760.19760867967557 -12.967579612153742 -2.2046960053699842
762.27531806030959 -12.974028408400198 -2.2037180406994414
764.35870606479227 -12.980475506027283 -2.2027417775052429
766.44778821347074 -12.986920909171243 -2.20176721162577
768.54258006910823 -12.993364621953539 -2.2007943389142222
770.6430972370058 -12.999806648477058 -2.1998231552423682
772.74935536511498 -13.006246992836203 -2.1988536564905821
774.86137014415408 -13.012685659107785 -2.1978858385568256
776.97915730772456 -13.019122651359183 -2.1969196973485872
779.10273263243494 -13.025557973648937 -2.1959552287823221
781.23211193800807 -13.031991630022297 -2.1949924287878155
783.36731108740457 -13.038423624506777 -2.1940312933125825
785.50834598694235 -13.044853961119038 -2.1930718183150799
787.65523258641304 -13.051282643861342 -2.1921139997682122
789.80798687919832 -13.057709676724162 -2.1911578336567166
791.9666249023943 -13.064135063690035 -2.1902033159734029
794.13116273692822 -13.070558808729199 -2.1892504427234303
796.30161650767616 -13.076980915795176 -2.1882992099286915
798.47800238358752 -13.083401388829021 -2.1873496136235953
800.66033657780349 -13.08982023175966 -2.1864016498547425
802.84863534777628 -13.096237448503025 -2.1854553146817799
805.04291499539033 -13.102653042967521 -2.1845106041719928
807.24319186709022 -13.109067019049796 -2.1835675144045039
809.44948235399261 -13.115479380630347 -2.1826260414745882
811.66180289201327 -13.121890131577217 -2.1816861814900173
813.88016996199133 -13.128299275746699 -2.1807479305703907
816.10460008980988 -13.134706816982479 -2.1798112848479581
818.33510984651662 -13.141112759120748 -2.178876240462587
820.57171584845253 -13.14751710598599 -2.1779427935659061
822.81443475737296 -13.153919861386722 -2.1770109403255282
825.06328328056907 -13.160321029120329 -2.1760806769202499
827.3182781709977 -13.166720612971321 -2.1751519995417969
829.57943622740356 -13.173118616713314 -2.1742249043928616
831.84677429444162 -13.179515044112048 -2.1732993876841147
834.12030926280806 -13.185909898921231 -2.1723754456383095
836.4000580693629 -13.192303184878707 -2.171453074494079
838.68603769725519 -13.198694905712919 -2.1705322704995336
840.97826517605017 -13.205085065138064 -2.1696130299170435
843.2767575818616 -13.211473666859639 -2.1686953490178036
845.58153203746951 -13.217860714574492 -2.1677792240817215
847.89260571245325 -13.224246211966747 -2.166864651401482
850.20999582332013 -13.230630162705356 -2.1659516272849499
852.5337196336327 -13.237012570450773 -2.1650401480485852
854.86379445413377 -13.243393438849157 -2.1641302100231541
857.20023764288123 -13.249772771539469 -2.1632218095467417
859.54306660537475 -13.256150572150947 -2.1623149429672197
861.89229879468223 -13.262526844299035 -2.1614096066462913
864.24795171157598 -13.268901591586406 -2.1605057969584531
866.61004290465974 -13.275274817605773 -2.1596035102882447
868.97858997049775 -13.281646525938019 -2.158702743032078
871.3536105537471 -13.28801672015679 -2.1578034915937012
873.73512234729503 -13.294385403824617 -2.1569057523880502
876.12314309238002 -13.300752580489426 -2.1560095218446587
878.51769057873059 -13.307118253690142 -2.1551147964021458
880.91878264469824 -13.313482426952493 -2.1542215725123595
883.32643717738904 -13.319845103794503 -2.1533298466349469
885.74067211279362 -13.326206287725295 -2.152439615238535
888.16150543592676 -13.332565982241114 -2.1515508748046606
890.58895518095812 -13.338924190825704 -2.1506636218273867
893.02303943134439 -13.345280916953254 -2.1497778528104154
895.46377631996916 -13.351636164086731 -2.1488935642687053
897.91118402927532 -13.35798993568195 -2.1480107527244758
900.36528079139748 -13.364342235183777 -2.147129414710951
902.82608488830397 -13.370693066023307 -2.1462495467751226
905.29361465192983 -13.377042431623021 -2.1453711454726934
907.76788846431123 -13.383390335392956 -2.1444942073718325
910.24892475772504 -13.389736780736115 -2.1436187290478421
912.73674201482731 -13.396081771046106 -2.1427447070854857
915.23135876878939 -13.402425309703386 -2.1418721380827108
917.73279360343327 -13.408767400078588 -2.1410010186473261
920.24106515337553 -13.415108045530893 -2.1401313453986544
922.75619210416312 -13.421447249411308 -2.1392631149642609
925.27819319241019 -13.427785015062661 -2.1383963239799746
927.80708720594305 -13.434121345815779 -2.1375309690936617
930.34289298393719 -13.440456244990063 -2.136667046964646
932.88562941705504 -13.446789715895306 -2.1358045542619237
935.43531544759253 -13.453121761831561 -2.1349434876642785
937.99197006961651 -13.459452386091602 -2.1340838438578893
940.55561232910566 -13.465781591957128 -2.1332256195400223
943.12626132409207 -13.472109382697749 -2.1323688114200681
945.70393620481082 -13.478435761574346 -2.1315134162162299
948.28865617383133 -13.484760731837362 -2.130659430657178
950.88044048620668 -13.491084296730339 -2.1298068514785817
953.47930844961809 -13.497406459486438 -2.1289556754265395
956.08527942451724 -13.503727223326681 -2.1281058992593183
958.69837282426704 -13.510046591463571 -2.1272575197437562
961.31860811529236 -13.516364567099149 -2.1264105336572117
963.94600481722227 -13.522681153428689 -2.1255649377839001
966.58058250303213 -13.528996353637456 -2.1247207289180907
969.22236079919549 -13.535310170898786 -2.1238779038660049
971.87135938582753 -13.541622608377597 -2.1230364594423579
974.5275979968294 -13.547933669228556 -2.122196392472147
977.19109642003627 -13.554243356599621 -2.1213576997871755
979.86187449737201 -13.560551673628868 -2.1205203782291795
982.53995212498455 -13.566858623442801 -2.1196844246514921
985.22534925340153 -13.573164209159504 -2.1188498359159178
987.91808588767947 -13.579468433887296 -2.1180166088940942
990.61818208755119 -13.585771300727743 -2.117184740464487
993.32565796757228 -13.5920728127724 -2.1163542275156213
996.0405336972766 -13.59837297310181 -2.1155250669470527
998.76282950132372 -13.604671784788 -2.1146972556669348
1001.4925656596466 -13.610969250893906 -2.1138707905925416
1004.2297625076087 -13.617265374475558 -2.1130456686481569
1006.9744404361522 -13.623560158578606 -2.1122218867684759
1009.7266198919475 -13.62985360623869 -2.1113994418982323
1012.4863213775509 -13.636145720482357 -2.1105783309913084
1015.2535654515546 -13.642436504328241 -2.1097585510095787
1018.0283727287377 -13.648725960787541 -2.1089400989224161
1020.8107638802213 -13.655014092860679 -2.1081229717099936
1023.600759633629 -13.661300903539257 -2.1073071663613723
1026.3983807732291 -13.667586395805259 -2.1064926798752599
1029.2036481400969 -13.673870572633867 -2.1056795092572469
1032.0165826322711 -13.680153436992033 -2.1048676515212219
1034.8372052049071 -13.686434991835899 -2.1040571036919045
1037.6655368704298 -13.692715240113458 -2.1032478628022209
1040.5015986986969 -13.698994184763492 -2.1024399258943465
1043.3454118171526 -13.705271828718345 -2.1016332900169972
1046.1969974109811 -13.711548174901093 -2.1008279522281827
1049.0563767232725 -13.717823226224848 -2.1000239095959148
1051.9235710551757 -13.7240969855944 -2.099221159196583
1054.7986017660564 -13.730369455906651 -2.0984196981145287
1057.6814902736571 -13.736640640051434 -2.0976195234412187
1060.5722580542638 -13.742910540908458 -2.0968206322783005
1063.4709266428529 -13.749179161349034 -2.0960230217358471
1066.3775176332601 -13.755446504235479 -2.0952266889329705
1069.2920526783414 -13.761712572423711 -2.0944316309952766
1072.2145534901324 -13.767977368761215 -2.0936378450568451
1075.1450418400077 -13.774240896085562 -2.0928453282616952
1078.0835395588481 -13.780503157226399 -2.0920540777618295
1081.0300685372013 -13.78676415500545 -2.0912640907172331
1083.9846507254406 -13.793023892237688 -2.090475364294702
1086.9473081339363 -13.799282371728403 -2.0896878956707616
1089.9180628332151 -13.805539596274681 -2.0889016820301873
1092.896936954123 -13.811795568664987 -2.0881167205664024
1095.8839526879908 -13.818050291681523 -2.0873330084791921
1098.879132286808 -13.824303768098112 -2.0865505429767595
1101.8824980633744 -13.83055600067927 -2.0857693212766413
1104.8940723914745 -13.836806992181614 -2.0849893406043294
1107.913877706045 -13.843056745354538 -2.0842105981926058
1110.9419365033405 -13.84930526294044 -2.0834330912813077
1113.9782713410962 -13.8555525476722 -2.0826568171198141
1117.0229048387046 -13.861798602274988 -2.0818817729652719
1120.075859677379 -13.868043429465988 -2.0811079560828616
1123.1371586003199 -13.874287031956143 -2.0803353637440782
1126.2068244128914 -13.880529412447505 -2.0795639932293413
1129.2848799827866 -13.886770573634003 -2.0787938418272431
1132.3713482401961 -13.893010518201436 -2.0780249068345364
1135.4662521779842 -13.899249248829445 -2.0772571855542172
1138.5696148518578 -13.9054867681897 -2.0764906752973054
1141.6814593805352 -13.911723078945158 -2.0757253733835479
1144.8018089459199 -13.917958183751082 -2.0749612771404431
1147.9306867932808 -13.924192085256099 -2.0741983839021985
1151.0681162314124 -13.930424786101714 -2.0734366910101918
1154.214120632816 -13.936656288920489 -2.0726761958147666
1157.3687234338749 -13.942886596337612 -2.0719168956737062
1160.5319481350264 -13.949115710971167 -2.071158787951942
1163.7038183009345 -13.955343635432726 -2.0704018700209854
1166.8843575606709 -13.961570372325053 -2.0696461392611805
1170.0735896078891 -13.967795924243553 -2.0688915930602931
1173.271538200996 -13.974020293776334 -2.0681382288134182
1176.4782271633371 -13.98024348350534 -2.0673860439218914
1179.6936803833694 -13.98646549600398 -2.0666350357956227
1182.9179218148377 -13.992686333838229 -2.0658852018519851
1186.1509754769538 -13.998905999566752 -2.0651365395157129
1189.3928654545848 -14.005124495742244 -2.0643890462176024
1192.6436158984163 -14.011341824909088 -2.0636427193967628
1195.9032510251423 -14.017557989604256 -2.0628975564997738
1199.1717951176465 -14.023772992357454 -2.0621535549805281
1202.44927252518 -14.02998683569249 -2.0614107122988852
1205.7357076635387 -14.036199522125102 -2.0606690259228064
1209.0311250152586 -14.042411054163647 -2.0599284933276802
1212.3355491297814 -14.048621434309311 -2.0591891119961065
1215.6490046236479 -14.054830665057445 -2.0584508794165952
1218.9715161806771 -14.061038748895452 -2.0577137930856217
1222.3031085521579 -14.06724568830348 -2.0569778505069896
1225.643806557021 -14.073451485754632 -2.0562430491915706
1228.9936350820296 -14.079656143716189 -2.0555093866561185
1232.3526190819732 -14.0858596646476 -2.0547768604252816
1235.7207835798381 -14.092062051001154 -2.0540454680308939
1239.0981536670006 -14.098263305222293 -2.0533152070116691
1242.4847545034233 -14.104463429750655 -2.0525860749122153
1245.8806113178262 -14.110662427018035 -2.0518580692850108
1249.2857494078814 -14.116860299449243 -2.0511311876895393
1252.7001941404114 -14.123057049462538 -2.0504054276919201
1256.1239709515605 -14.12925267947022 -2.0496807868642728
1259.5571053469964 -14.1354471918768 -2.0489572627865327
1262.9996229020937 -14.141640589080012 -2.0482348530454613
1266.4515492621354 -14.147832873471319 -2.0475135552341555
1269.9129101424878 -14.154024047435993 -2.0467933669519458
1273.3837313288016 -14.160214113351692 -2.0460742858058065
1276.8640386772088 -14.166403073589429 -2.0453563094094185
1280.3538581145031 -14.172590930514271 -2.044639435382448
1283.853215638338 -14.178777686484718 -2.0439236613511751
1287.3621373174299 -14.184963343852058 -2.0432089849491435
1290.8806492917363 -14.191147904960907 -2.0424954038166012
1294.4087777726579 -14.197331372150312 -2.0417829155994229
1297.9465490432428 -14.203513747752339 -2.0410715179505186
1301.4939894583654 -14.209695034092171 -2.0403612085296996
1305.0511254449307 -14.215875233488607 -2.0396519850032173
1308.6179835020803 -14.222054348254886 -2.0389438450429536
1312.1945902013726 -14.228232380696973 -2.0382367863280804
1315.7809721869919 -14.234409333114314 -2.0375308065443303
1319.3771561759415 -14.240585207800407 -2.0368259033834506
1322.9831689582538 -14.246760007042742 -2.0361220745432362
1326.5990373971727 -14.252933733121743 -2.0354193177285835
1330.2247884293633 -14.259106388311455 -2.0347176306508152
1333.8604490651194 -14.26527797488043 -2.0340170110268008
1337.5060463885493 -14.271448495090596 -2.0333174565800718
1341.1616075577849 -14.277617951197243 -2.0326189650408337
1344.8271598051931 -14.283786345449574 -2.0319215341454422
1348.5027304375615 -14.289953680091287 -2.0312251616357906
1352.1883468363105 -14.296119957359124 -2.0305298452607699
1355.8840364577056 -14.302285179483597 -2.0298355827755517
1359.5898268330452 -14.308449348689599 -2.0291423719409658
1363.3057455688761 -14.314612467195929 -2.0284502105239981
1367.031820347195 -14.320774537214739 -2.0277590962982837
1370.7680789256647 -14.326935560952162 -2.0270690270435661
1374.514549137805 -14.333095540609001 -2.0263800005449411
1378.2712588932072 -14.339254478379356 -2.0256920145942465
1382.0382361777524 -14.345412376451186 -2.0250050669895177
1385.8155090538007 -14.351569237006892 -2.0243191555343816
1389.6031056604106 -14.357725062222993 -2.0236342780383993
1393.4010542135563 -14.363879854269541 -2.0229504323176353
1397.2093830063216 -14.370033615310668 -2.0222676161941155
1401.0281204091173 -14.376186347505278 -2.0215858274951359
1404.8572948699039 -14.382338053005771 -2.0209050640545607
1408.696934914384 -14.388488733958525 -2.0202253237122898
1412.5470691462274 -14.394638392504561 -2.0195466043136356
1416.4077262472783 -14.400787030779007 -2.0188689037098486
1420.2789349777804 -14.406934650910756 -2.0181922197584594
1424.1607241765737 -14.413081255023016 -2.0175165503227119
1428.0531227613185 -14.419226845233752 -2.0168418932711472
1431.9561597287188 -14.425371423654568 -2.0161682464787174
1435.8698641547212 -14.431514992391254 -2.0154956078262103
1439.7942651947408 -14.437657553544472 -2.0148239751995907
1443.7293920838861 -14.443799109208847 -2.0141533464909211
1447.6752741371599 -14.449939661473046 -2.0134837195982418
1451.6319407496869 -14.456079212420416 -2.0128150924249528
1455.59942139694 -14.462217764128827 -2.0121474628800016
1459.577745634944 -14.468355318670035 -2.0114808288784634
1463.5669431005033 -14.474491878110261 -2.0108151883409855
1467.5670435114325 -14.480627444510688 -2.0101505391933343
1471.5780766667592 -14.486762019926335 -2.0094868793674387
1475.6000724469582 -14.492895606406641 -2.0088242068008699
1479.6330608141684 -14.499028205996048 -2.0081625194362336
1483.6770718124278 -14.505159820733109 -2.0075018152220667
1487.7321355678787 -14.511290452650684 -2.0068420921126369
1491.7982822890024 -14.517420103776566 -2.0061833480673239
1495.8755422668521 -14.52354877613303 -2.0055255810510673
1499.9639458752613 -14.529676471736551 -2.0048687890346439
1504.0635235710786 -14.535803192598411 -2.0042129699940556
1508.1743058944035 -14.541928940724745 -2.0035581219105212
1512.2963234687966 -14.548053718115824 -2.0029042427711303
1516.4296070015157 -14.554177526766637 -2.0022513305683103
1520.5741872837552 -14.560300368667253 -2.0015993832994585
1524.7300951908555 -14.566422245801917 -2.0009483989678145
1528.8973616825465 -14.57254316014955 -2.0002983755820032
1533.0760178031708 -14.578663113684236 -1.999649311155504
1537.2660946819287 -14.584782108374373 -1.9990012037075493
1541.4676235330915 -14.590900146183003 -1.9983540512627513
1545.6806356562415 -14.59701722906836 -1.9977078518505631
1549.9051624365168 -14.603133358983154 -1.9970626035060262
1554.141235344825 -14.609248537874706 -1.996418304269586
1558.3888859380875 -14.615362767685554 -1.9957749521865211
1562.6481458594837 -14.621476050352861 -1.9951325453075273
1566.9190468386682 -14.627588387808405 -1.9944910816887225
1571.2016206920168 -14.633699781979164 -1.993850559391052
1575.4958993228722 -14.639810234786921 -1.9932109764807262
1579.8019147217631 -14.645919748148042 -1.9925723310293755
1584.1196989666528 -14.652028323974136 -1.9919346211134488
1588.4492842231859 -14.658135964171706 -1.9912978448145358
1592.7907027449112 -14.66424267064189 -1.9906620002196243
1597.1439868735324 -14.670348445281071 -1.9900270854205013
1601.5091690391441 -14.676453289980621 -1.9893930985140036
1605.8862817604856 -14.682557206626598 -1.9887600376023238
1610.2753576451646 -14.688660197100315 -1.9881279007924251
1614.6764293899084 -14.694762263278154 -1.9874966861962544
1619.0895297808188 -14.700863407031221 -1.9868663919310641
1623.5146916935953 -14.706963630225946 -1.9862370161188312
1627.9519480937915 -14.713062934723837 -1.9856085568864787
1632.4013320370689 -14.719161322381211 -1.9849810123661731
1636.8628766694242 -14.725258795049744 -1.9843543806947477
1641.3366152274464 -14.731355354576223 -1.9837286600139672
1645.8225810385732 -14.73745100280231 -1.983103848470767
1650.3208075213211 -14.743545741565093 -1.9824799442166834
1654.8313281855455 -14.749639572696765 -1.9818569454081898
1659.3541766326862 -14.755732498024468 -1.9812348502068451
1663.8893865560287 -14.761824519370862 -1.9806136567787391
1668.4369917409365 -14.767915638553667 -1.9799933632949223
1672.9970260651123 -14.774005857385671 -1.9793739679314282
1677.5695234988609 -14.780095177675221 -1.9787554688687607
1682.1545181053216 -14.786183601225723 -1.9781378642924117
1686.7520440407325 -14.792271129835733 -1.9775211523927403
1691.3621355546943 -14.798357765299439 -1.9769053313645377
1695.9848269904066 -14.804443509406052 -1.9762903994075893
1700.6201527849323 -14.810528363940062 -1.9756763547264373
1705.2681474694655 -14.8166123306816 -1.9750631955300377
1709.9288456695672 -14.822695411405839 -1.9744509200323246
1714.6022821054385 -14.828777607883357 -1.9738395264518722
1719.2884915921704 -14.834858921880329 -1.9732290130116874
1723.9875090400189 -14.840939355158032 -1.9726193779397212
1728.6993694546431 -14.847018909473281 -1.9720106194684111
1733.4241079373764 -14.853097586578414 -1.9714027358347168
1738.1617596854992 -14.859175388220944 -1.9707957252804553
1742.9123599924794 -14.865252316144087 -1.9701895860517844
1747.6759442482462 -14.871328372086428 -1.969584316399513
1752.452547939464 -14.877403557781903 -1.9689799145791542
1757.2422066497763 -14.883477874960203 -1.9683763788504869
1762.0449560600805 -14.889551325346321 -1.9677737074780242
1766.8608319488048 -14.895623910660763 -1.9671718987308193
1771.6898701921534 -14.901695632619791 -1.9665709508821911
1776.5321067643843 -14.907766492934943 -1.9659708622102048
1781.3875777380881 -14.913836493313461 -1.9653716309972895
1786.2563192844357 -14.919905635458239 -1.9647732555302342
1791.1383676734608 -14.925973921067538 -1.9641757341005017
1796.0337592743247 -14.932041351835458 -1.9635790650037481
1800.9425305556001 -14.938107929451625 -1.9629832465401524
1805.8647180855221 -14.94417365560119 -1.9623882770143843
1810.8003585322706 -14.950238531965198 -1.9617941547352635
1815.7494886642555 -14.956302560220141 -1.9612008780162018
1820.7121453503676 -14.962365742038241 -1.9606084451749126
1825.6883655602649 -14.968428079087531 -1.9600168545333316
1830.6781863646588 -14.974489573031523 -1.9594261044179484
1835.6816449355686 -14.980550225529662 -1.9588361931593559
1840.6987785466083 -14.986610038237025 -1.9582471190925548
1845.7296245732773 -14.99266901280436 -1.9576588805569031
1850.7742204932144 -14.998727150878381 -1.9570714758958299
1855.8326038864936 -15.004784454101351 -1.9564849034572445
1860.9048124358956 -15.010840924111427 -1.9558991615932009
1865.9908839272041 -15.016896562542613 -1.9553142486599449
1871.090856249464 -15.022951371024547 -1.9547301630181115
1876.2047673952761 -15.029005351182914 -1.954146903032328
1881.3326554610901 -15.035058504639082 -1.9535644670715755
1886.4745586474671 -15.041110833010279 -1.9529828535090057
1891.6305152593741 -15.047162337909725 -1.9524020607218129
1896.8005637064819 -15.053213020946313 -1.9518220870915486
1901.9847425034282 -15.05926288372503 -1.951242931003714
1907.1830902701149 -15.065311927846636 -1.9506645908480522
1912.3956457320094 -15.071360154907801 -1.9500870650184476
1917.6224477204078 -15.077407566501268 -1.9495103519127432
1922.8635351727366 -15.083454164215503 -1.9489344499330725
1928.1189471328557 -15.08949994963513 -1.948359357485477
1933.3887227513235 -15.095544924340629 -1.9477850729801489
1938.6729012857058 -15.10158908990843 -1.9472115948313706
1943.9715221008603 -15.107632447911094 -1.9466389214573225
1949.284624669245 -15.113674999917016 -1.9460670512803995
1954.6122485711892 -15.119716747490756 -1.9454959827268516
1959.9544334951991 -15.125757692192813 -1.9449257142270169
1965.3112192382673 -15.131797835579725 -1.9443562442152458
1970.6826457061434 -15.137837179204183 -1.9437875711297463
1976.0687529136446 -15.143875724614787 -1.9432196934128654
1981.4695809849652 -15.149913473356381 -1.9426526095107359
1986.8851701539518 -15.155950426969788 -1.9420863178735384
1992.3155607644139 -15.161986586991947 -1.9415208169553722
1997.7607932704389 -15.168021954956 -1.9409561052141728
2003.2209082366664 -15.174056532391063 -1.9403921811119222
2008.6959463386095 -15.180090320822565 -1.9398290431143275
2014.1859483629466 -15.186123321771941 -1.9392666896911182
2019.6909552078444 -15.192155536756875 -1.9387051193158147
2025.2110078832361 -15.198186967291214 -1.9381443304657973
2030.7461475111402 -15.204217614884925 -1.9375843216223596
2036.2964153259786 -15.210247481044313 -1.9370250912704965
2041.8618526748594 -15.216276567271727 -1.9364666378991799
2047.4425010178975 -15.22230487506588 -1.9359089600010517
2053.0384019285352 -15.228332405921638 -1.9353520560726374
2058.6495970938281 -15.234359161330133 -1.9347959246142292
2064.2761283147661 -15.240385142778781 -1.9342405641298492
2069.9180375066003 -15.246410351751198 -1.9336859731273752
2075.5753666991272 -15.252434789727399 -1.9331321501183025
2081.2481580370204 -15.258458458183547 -1.9325790936180083
2086.9364537801362 -15.264481358592235 -1.9320268021454758
2092.6402963038436 -15.270503492422296 -1.931475274223478
2098.3597280993163 -15.27652486113891 -1.9309245083784745
2104.0947917738613 -15.282545466203615 -1.9303745031405852
2109.8455300512501 -15.288565309074244 -1.9298252570436856
2115.6119857720087 -15.294584391205085 -1.9292767686252099
2121.3942018937523 -15.300602714046668 -1.9287290364263825
2127.1922214915176 -15.306620279046047 -1.9281820589919476
2133.0060877580563 -15.312637087646557 -1.9276358348703868
2138.8358440041725 -15.318653141287996 -1.9270903626137459
2144.6815336590553 -15.324668441406573 -1.9265456407777042
2150.5432002705788 -15.330682989434891 -1.9260016679215639
2156.4208875056379 -15.336696786802047 -1.925458442608162
2162.3146391504888 -15.342709834933515 -1.9249159634040041
2168.2244991110456 -15.348722135251329 -1.924374228879056
2174.1505114132274 -15.354733689173866 -1.9238332376069605
2180.0927202032781 -15.360744498116105 -1.9232929881647973
2186.0511697481106 -15.36675456348944 -1.9227534791332748
2192.0259044356112 -15.372763886701808 -1.9222147090965642
2198.0169687749835 -15.378772469157632 -1.9216766766423861
2204.0244073970939 -15.384780312257881 -1.921139380361961
2210.0482650547765 -15.390787417400055 -1.9206028188499835
2216.0885866231797 -15.396793785978169 -1.9200669907046757
2222.1454171001155 -15.40279941938287 -1.9195318945276652
2228.2188016063656 -15.40880431900127 -1.9189975289241283
2234.3087853860329 -15.414808486217154 -1.9184638925025959
2240.4154138068907 -15.42081192241081 -1.9179309838751415
2246.5387323606942 -15.42681462895921 -1.9173988016571701
2252.6787866635382 -15.43281660723585 -1.9168673444675994
2258.8356224561858 -15.438817858610911 -1.9163366109286786
2265.0092856044303 -15.44481838445116 -1.9158065996661175
2271.1998220994069 -15.450818186120028 -1.9152773093089732
2277.4072780579495 -15.45681726497758 -1.9147487384897073
2283.6316997229496 -15.46281562238055 -1.9142208858441396
2289.8731334636714 -15.468813259682342 -1.9136937500114473
2296.1316257761118 -15.474810178233025 -1.9131673296341698
2302.4072232833614 -15.480806379379388 -1.9126416233581587
2308.6999727359225 -15.48680186446488 -1.9121166298326311
2315.009921012072 -15.492796634829698 -1.9115923477100767
2321.3371151182246 -15.498790691810719 -1.9110687756463476
2327.6816021892555 -15.504784036741604 -1.9105459123005317
2334.0434294888651 -15.51077667095268 -1.9100237563350755
2340.422644409944 -15.516768595771115 -1.9095023064156287
2346.8192944749007 -15.522759812520732 -1.9089815612111871
2353.2334273360316 -15.528750322522228 -1.9084615193939274
2359.6650907758676 -15.534740127092977 -1.9079421796393539
2366.1143327075497 -15.540729227547239 -1.9074235406261306
2372.5812011751568 -15.546717625195985 -1.9069056010362297
2379.0657443540777 -15.552705321347062 -1.9063883595547673
2385.5680105513848 -15.558692317305081 -1.9058718148701426
2392.0880482061643 -15.564678614371537 -1.9053559656738839
2398.6259058898931 -15.57066421384468 -1.9048408106607813
2405.1816323068133 -15.576649117019709 -1.9043263485287356
2411.7552762942678 -15.582633325188581 -1.9038125779788888
2418.3468868230771 -15.588616839640189 -1.9032994977154785
2424.9565129979187 -15.594599661660244 -1.9027871064459592
2431.5842040576658 -15.600581792531401 -1.9022754028808655
2438.2300093757708 -15.606563233533137 -1.9017643857339295
2444.893978460625 -15.612543985941898 -1.9012540537219456
2451.5761609559472 -15.618524051030995 -1.9007444055648841
2458.2766066411232 -15.624503430070696 -1.9002354399857611
2464.9953654315914 -15.630482124328147 -1.8997271557107507
2471.7324873792304 -15.636460135067502 -1.8992195514690526
2478.4880226727014 -15.642437463549797 -1.8987126259930061
2485.2620216378364 -15.648414111033077 -1.8982063780179605
2492.0545347380298 -15.654390078772309 -1.8977008062823817
2498.8656125745829 -15.660365368019477 -1.897195909527732
2505.6953058870959 -15.666339980023505 -1.8966916864985688
2512.5436655538624 -15.672313916030365 -1.8961881359424315
2519.4107425922166 -15.678287177282975 -1.8956852566099289
2526.2965881589339 -15.684259765021306 -1.8951830472546463
2533.2012535506024 -15.690231680482313 -1.8946815066332066
2540.124790204025 -15.696202924900021 -1.8941806335052038
2547.0672496965722 -15.702173499505456 -1.8936804266332394
2554.0286837465815 -15.708143405526705 -1.8931808847828826
2561.0091442137577 -15.714112644188923 -1.8926820067226764
2568.0086830995301 -15.720081216714306 -1.8921837912241291
2575.0273525474522 -15.726049124322135 -1.8916862370616925
2582.0652048436091 -15.732016368228766 -1.8911893430127786
2589.1222924169729 -15.737982949647659 -1.8906931078577109
2596.1986678398116 -15.743948869789342 -1.8901975303797725
2603.2943838280939 -15.749914129861502 -1.8897026093651244
2610.4094932418525 -15.755878731068876 -1.8892083436028808
2617.5440490855922 -15.76184267461338 -1.8887147318850148
2624.6981045087023 -15.76780596169403 -1.8882217730064297
2631.8717128058179 -15.773768593507004 -1.8877294657648811
2639.064927417242 -15.779730571245612 -1.8872378089610242
2646.2778019293287 -15.785691896100325 -1.8867468013983661
2653.5103900749077 -15.791652569258794 -1.8862564418832777
2660.7627457336503 -15.797612591905832 -1.885766729224984
2668.034922932487 -15.803571965223437 -1.8852776622355394
2675.326975846026 -15.809530690390794 -1.8847892397298533
2682.6389587969261 -15.815488768584309 -1.884301460525631
2689.9709262563147 -15.821446200977547 -1.8838143234434284
2697.322932844213 -15.827402988741351 -1.8833278273065766
2704.6950333299087 -15.833359133043743 -1.8828419709412352
2712.0872826323784 -15.839314635049988 -1.8823567531763379
2719.4997358207179 -15.845269495922601 -1.8818721728436083
2726.932448114515 -15.851223716821334 -1.8813882287775512
2734.3854748842855 -15.85717729890321 -1.8809049198154246
2741.858871651873 -15.863130243322477 -1.8804222447972698
2749.352694090886 -15.869082551230719 -1.8799402025658505
2756.8669980270793 -15.875034223776744 -1.8794587919667027
2764.4018394387845 -15.88098526210667 -1.8789780118480768
2771.9572744573475 -15.886935667363922 -1.8784978610609611
2779.5333593675091 -15.892885440689199 -1.8780183384590639
2787.1301506078435 -15.898834583220548 -1.8775394428987955
2794.7477047711955 -15.904783096093301 -1.877061173239289
2802.3860786050668 -15.91073098044015 -1.8765835283423495
2810.0453290120586 -15.916678237391086 -1.8761065070724945
2817.7255130503086 -15.922624868073481 -1.8756301082969036
2825.4266879338848 -15.928570873612031 -1.8751543308854359
2833.1489110332341 -15.934516255128798 -1.8746791737106214
2840.8922398755967 -15.94046101374321 -1.8742046356476316
2848.6567321454604 -15.946405150572073 -1.8737307155743084
2856.4424456849529 -15.95234866672957 -1.8732574123711156
2864.2494384942916 -15.958291563327265 -1.8727847249211644
2872.0777687322325 -15.964233841474133 -1.8723126521101889
2879.9274947164695 -15.970175502276554 -1.8718411928265346
2887.7986749240849 -15.976116546838291 -1.8713703459611761
2895.691367992004 -15.982056976260566 -1.8709001104076712
2903.6056327173951 -15.987996791642004 -1.8704304850621887
2911.5415280581269 -15.993935994078655 -1.8699614688234822
2919.4991131332245 -15.999874584664042 -1.8694930605928792
2927.4784472232741 -16.005812564489105 -1.8690252592742971
2935.4795897708827 -16.011749934642246 -1.8685580637742034
2943.5026003811399 -16.017686696209356 -1.8680914730016343
2951.5475388220234 -16.02362285027376 -1.8676254858681771
2959.6144650248707 -16.029558397916293 -1.8671601012879555
2967.703439084813 -16.03549334021524 -1.8666953181776451
2975.8145212612462 -16.041427678246414 -1.8662311354564369
2983.9477719782435 -16.047361413083109 -1.8657675520460502
2992.1032518250258 -16.053294545796124 -1.8653045668707253
3000.2810215564277 -16.059227077453784 -1.8648421788571969
3008.481142093317 -16.065159009121917 -1.8643803869347153
3016.7036745230648 -16.071090341863894 -1.8639191900350167
3024.9486801000203 -16.077021076740621 -1.8634585870923206
3033.2162202459285 -16.082951214810535 -1.8629985770433382
3041.5063565504083 -16.08888075712963 -1.8625391588272404
3049.8191507714278 -16.094809704751459 -1.8620803313856684
3058.1546648357289 -16.100738058727131 -1.8616220936627264
3066.5129608393127 -16.106665820105331 -1.8611644446049589
3074.8941010478898 -16.112592989932317 -1.8607073831613665
3083.2981478973684 -16.11851956925193 -1.8602509082833807
3091.7251639942842 -16.124445559105617 -1.8597950189248598
3100.1752121162817 -16.130370960532396 -1.8593397140420971
3108.6483552126051 -16.136295774568911 -1.8588849925937911
3117.1446564045254 -16.142220002249413 -1.8584308535410528
3125.6641789858331 -16.148143644605764 -1.8579772958474028
3134.2069864233258 -16.15406670266746 -1.8575243184787482
3142.7731423572454 -16.159989177461625 -1.8570719204033883
3151.3627106017693 -16.165911070013017 -1.8566201005920111
3159.9757551455059 -16.171832381344053 -1.8561688580176694
3168.6123401519326 -16.177753112474786 -1.8557181916557914
3177.2725299598937 -16.183673264422932 -1.8552681004841702
3185.9563890840973 -16.189592838203883 -1.8548185834829454
3194.6639822155603 -16.195511834830693 -1.8543696396346119
3203.395374222112 -16.201430255314087 -1.8539212679240078
3212.150630148868 -16.207348100662493 -1.8534734673383009
3220.9298152187389 -16.21326537188202 -1.8530262368669914
3229.7329948328784 -16.219182069976476 -1.8525795755019043
3238.5602345711877 -16.225098195947375 -1.852133482237174
3247.4116001928264 -16.231013750793942 -1.8516879560692485
3256.2871576366624 -16.236928735513118 -1.8512429959968795
3265.1869730217804 -16.242843151099567 -1.8507986010211104
3274.1111126479977 -16.248756998545694 -1.8503547701452765
3283.0596429963166 -16.254670278841623 -1.8499115023749995
3292.032630729439 -16.26058299297523 -1.8494687967181724
3301.0301426922852 -16.266495141932154 -1.8490266521849608
3310.0522459124495 -16.272406726695767 -1.8485850677877975
3319.0990076007274 -16.278317748247218 -1.8481440425413678
3328.1704951516022 -16.284228207565409 -1.8477035754626101
3337.2667761437756 -16.290138105627044 -1.8472636655707109
3346.3879183406284 -16.296047443406579 -1.8468243118870911
3355.5339896907471 -16.301956221876274 -1.8463855134354044
3364.7050583284508 -16.307864442006185 -1.845947269241534
3373.9011925742561 -16.313772104764151 -1.8455095783335804
3383.1224609354081 -16.31967921111583 -1.8450724397418568
3392.3689321064107 -16.325585762024694 -1.8446358524988857
3401.6406749694979 -16.331491758452024 -1.8441998156393922
3410.9377585951656 -16.337397201356925 -1.8437643282002929
3420.2602522427101 -16.343302091696344 -1.8433293892206941
3429.6082253606992 -16.349206430425053 -1.8428949977418889
3438.9817475875188 -16.355110218495675 -1.8424611528073429
3448.380888751879 -16.361013456858664 -1.842027853462693
3457.8057188733592 -16.366916146462358 -1.8415950987557423
3467.2563081628909 -16.37281828825293 -1.8411628877364525
3476.7327270233 -16.378719883174419 -1.8407312194569363
3486.2350460498524 -16.384620932168762 -1.8403000929714521
3495.7633360307377 -16.390521436175746 -1.8398695073364038
3505.3176679476187 -16.396421396133057 -1.8394394616103251
3514.8981129761805 -16.402320812976274 -1.8390099548538785
3524.5047424866179 -16.408219687638855 -1.8385809861298523
3534.1376280441896 -16.414118021052172 -1.8381525545031514
3543.7968414097713 -16.420015814145511 -1.8377246590407887
3553.482454540348 -16.425913067846057 -1.8372972988118834
3563.1945395895727 -16.431809783078918 -1.8368704728876564
3572.9331689083233 -16.437705960767136 -1.8364441803414198
3582.6984150452004 -16.443601601831674 -1.8360184202485734
3592.490350747094 -16.449496707191432 -1.8355931916865986
3602.3090489597148 -16.455391277763255 -1.8351684937350556
3612.1545828281633 -16.461285314461939 -1.8347443254755726
3622.0270256974322 -16.467178818200232 -1.8343206859918419
3631.9264511129754 -16.473071789888831 -1.8338975743696164
3641.8529328212767 -16.478964230436411 -1.833474989696702
3651.8065447703557 -16.484856140749613 -1.8330529310629518
3661.78736111034 -16.490747521733052 -1.8326313975602608
3671.7954561940419 -16.496638374289326 -1.8322103882825596
3681.8309045774654 -16.502528699319026 -1.8317899023258111
3691.8937810203843 -16.508418497720715 -1.8313699387880036
3701.9841604869234 -16.514307770390985 -1.8309504967691421
3712.1021181460696 -16.520196518224409 -1.8305315753712474
3722.2477293722636 -16.526084742113579 -1.8301131736983491
3732.4210697459457 -16.53197244294909 -1.8296952908564805
3742.6222150541494 -16.537859621619578 -1.8292779259536693
3752.8512412910195 -16.543746279011685 -1.8288610780999368
3763.1082246584019 -16.549632416010098 -1.8284447464072913
3773.3932415664349 -16.555518033497528 -1.8280289299897217
3783.7063686340712 -16.561403132354741 -1.8276136279631923
3794.0476826896715 -16.56728771346053 -1.8271988394456373
3804.4172607716009 -16.573171777691769 -1.8267845635569551
3814.8151801287572 -16.57905532592337 -1.8263707994190048
3825.2415182211666 -16.584938359028307 -1.8259575461555999
3835.696352720588 -16.590820877877633 -1.8255448028925005
3846.1797615110418 -16.59670288334047 -1.8251325687574109
3856.6918226894145 -16.602584376284021 -1.8247208428799735
3867.2326145660641 -16.608465357573571 -1.8243096243917638
3877.8022156653574 -16.614345828072491 -1.8238989124262845
3888.4007047262844 -16.620225788642259 -1.8234887061189604
3899.0281607030302 -16.626105240142426 -1.8230790046071332
3909.6846627655955 -16.631984183430689 -1.8226698070300553
3920.3702903003368 -16.637862619362824 -1.8222611125288872
3931.0851229105842 -16.643740548792728 -1.8218529202466909
3941.8292404172557 -16.649617972572425 -1.8214452293284229
3952.6027228594066 -16.655494891552063 -1.8210380389209315
3963.4056504948471 -16.661371306579916 -1.820631348172951
3974.2381038007666 -16.6672472185024 -1.8202251562350953
3985.1001634742834 -16.673122628164066 -1.819819462259856
3995.9919104330697 -16.678997536407614 -1.8194142654015943
4006.9134258159811 -16.684871944073901 -1.8190095648165352
4017.8647909836104 -16.690745852001928 -1.8186053596627658
4028.8460875189253 -16.696619261028864 -1.818201649100228
4039.8573972278627 -16.702492171990041 -1.8177984322907146
4050.8988021399691 -16.708364585718968 -1.8173957083978627
4061.9703845089625 -16.714236503047324 -1.8169934765871505
4073.0722268133691 -16.720107924804964 -1.8165917360258914
4084.2044117571645 -16.725978851819946 -1.8161904858832281
4095.367022270339 -16.731849284918496 -1.8157897253301296
4106.5601415095407 -16.737719224925055 -1.815389453539386
4117.7838528587172 -16.743588672662256 -1.8149896696856014
4129.0382399296932 -16.749457628950935 -1.8145903729451922
4140.3233865628108 -16.75532609461014 -1.8141915624963798
4151.6393768275839 -16.761194070457144 -1.8137932375191856
4162.9862950232737 -16.767061557307414 -1.8133953971954284
4174.3642256795501 -16.772928555974673 -1.8129980407087178
4185.7732535571013 -16.778795067270845 -1.8126011672444498
4197.2134636483042 -16.784661092006111 -1.8122047759898012
4208.6849411778048 -16.790526630988879 -1.811808866133727
4220.1877716031759 -16.796391685025796 -1.8114134368669541
4231.7220406155839 -16.802256254921772 -1.8110184873819748
4243.2878341403712 -16.808120341479956 -1.8106240168730461
4254.8852383377252 -16.813983945501754 -1.8102300245361815
4266.5143396033463 -16.819847067786856 -1.8098365095691475
4278.1752245690368 -16.825709709133193 -1.8094434711714604
4289.867980103375 -16.83157187033698 -1.8090509085443789
4301.5926933123865 -16.837433552192699 -1.8086588208909007
4313.3494515401426 -16.843294755493133 -1.8082672074157584
4325.138342369436 -16.849155481029328 -1.8078760673254148
4336.9594536224586 -16.85501572959063 -1.807485399828056
4348.8128733614058 -16.860875501964678 -1.8070952041335906
4360.6986898891655 -16.866734798937415 -1.8067054794536415
4372.6169917499592 -16.872593621293078 -1.8063162250015441
4384.5678677300366 -16.878451969814222 -1.8059274399923397
4396.5514068582834 -16.884309845281706 -1.8055391236427727
4408.5676984069132 -16.890167248474711 -1.8051512751712842
4420.6168318921555 -16.896024180170745 -1.8047638937980088
4432.6988970748744 -16.901880641145631 -1.8043769787447699
4444.8139839612577 -16.907736632173517 -1.8039905292350751
4456.9621828035197 -16.913592154026919 -1.8036045444941113
4469.1435841005177 -16.919447207476654 -1.8032190237487402
4481.3582785984527 -16.925301793291901 -1.8028339662274957
4493.6063572915718 -16.931155912240186 -1.802449371160576
4505.8879114227939 -16.937009565087394 -1.8020652377798427
4518.2030324844236 -16.942862752597748 -1.8016815653188143
4530.5518122188178 -16.948715475533849 -1.8012983530126625
4542.9343426191017 -16.954567734656663 -1.8009156000982072
4555.3507159298015 -16.960419530725517 -1.8005333058139132
4567.8010246475569 -16.966270864498107 -1.8001514693998852
4580.2853615218428 -16.972121736730539 -1.7997700900978628
4592.8038195555991 -16.977972148177269 -1.7993891671512179
4605.3564920059534 -16.983822099591144 -1.7990086998049488
4617.9434723849463 -16.989671591723422 -1.7986286873056763
4630.5648544601672 -16.995520625323742 -1.7982491289016396
4643.220732255485 -17.001369201140143 -1.797870023842693
4655.9112000517734 -17.007217319919071 -1.7974913713802989
4668.6363523875616 -17.013064982405385 -1.7971131707675267
4681.3962840597596 -17.018912189342341 -1.7967354212590474
4694.1910901244 -17.024758941471632 -1.7963581221111276
4707.0208658972851 -17.030605239533365 -1.7959812725816275
4719.8857069547366 -17.036451084266055 -1.7956048719299971
4732.7857091342867 -17.042296476406669 -1.7952289194172695
4745.7209685354328 -17.048141416690601 -1.7948534143060584
4758.6915815202947 -17.053985905851683 -1.7944783558605548
4771.6976447143606 -17.05982994462217 -1.7941037433465215
4784.7392550072354 -17.065673533732792 -1.7937295760312877
4797.8165095533086 -17.071516673912715 -1.7933558531837486
4810.9295057725012 -17.077359365889549 -1.7929825740743579
4824.0783413510253 -17.083201610389381 -1.7926097379751251
4837.2631142420514 -17.089043408136746 -1.7922373441596116
4850.4839226664653 -17.094884759854644 -1.7918653919029264
4863.7408651136357 -17.100725666264562 -1.7914938804817211
4877.0340403420796 -17.106566128086442 -1.7911228091741873
4890.3635473802478 -17.112406146038708 -1.7907521772600528
4903.729485527233 -17.118245720838271 -1.7903819840205755
4917.1319543535574 -17.124084853200529 -1.7900122287385412
4930.5710537018485 -17.129923543839361 -1.789642910698259
4944.0468836876171 -17.13576179346714 -1.7892740291855582
4957.5595447000314 -17.141599602794759 -1.7889055834877816
4971.1091374026037 -17.14743697253158 -1.7885375728937858
4984.6957627339716 -17.153273903385482 -1.7881699966939337
4998.3195219086829 -17.159110396062871 -1.7878028541800914
5011.9805164178824 -17.164946451268641 -1.7874361446456262
5025.6788480301047 -17.170782069706217 -1.7870698673853997
5039.4146187920596 -17.176617252077545 -1.7867040216957664
5053.1879310293307 -17.182451999083089 -1.7863386068745681
5066.998887347183 -17.188286311421844 -1.7859736222211315
5080.8475906312988 -17.194120189791338 -1.7856090670362639
5094.7341440485943 -17.199953634887642 -1.785244940622247
5108.6586510479192 -17.205786647405354 -1.7848812422828375
5122.6212153608622 -17.21161922803762 -1.7845179713232602
5136.6219410025542 -17.217451377476145 -1.7841551270502041
5150.6609322723789 -17.223283096411176 -1.7837927087718199
5164.7382937547836 -17.229114385531506 -1.7834307157977165
5178.8541303200882 -17.234945245524504 -1.7830691474389553
5193.008547125206 -17.240775677076094 -1.782708003008048
5207.2016496144524 -17.246605680870758 -1.7823472818189532
5221.4335435203693 -17.252435257591564 -1.7819869831870705
5235.7043348644456 -17.258264407920144 -1.781627106429239
5250.0141299579391 -17.264093132536704 -1.7812676508637333
5264.3630354027018 -17.269921432120043 -1.7809086158102578
5278.7511580919063 -17.275749307347532 -1.7805500005899457
5293.178605210891 -17.281576758895142 -1.7801918045253535
5307.6454842379308 -17.28740378743742 -1.7798340269404584
5322.1519029450856 -17.293230393647526 -1.779476667160653
5336.697969398936 -17.299056578197209 -1.7791197245127444
5351.2837919614203 -17.304882341756819 -1.7787631983249477
5365.9094792906762 -17.310707684995325 -1.7784070879268841
5380.5751403417853 -17.316532608580289 -1.7780513926495771
5395.2808843676139 -17.322357113177898 -1.7776961118254484
5410.0268209196629 -17.328181199452956 -1.7773412447883141
5424.8130598488187 -17.334004868068881 -1.7769867908733821
5439.6397113062021 -17.339828119687716 -1.7766327494172482
5454.5068857440228 -17.345650954970139 -1.7762791197578909
5469.4146939163356 -17.351473374575455 -1.7759259012346711
5484.3632468799115 -17.357295379161599 -1.7755730931883258
5499.3526559950405 -17.363116969385146 -1.7752206949609659
5514.3830329264083 -17.368938145901321 -1.7748687058960713
5529.4544896438583 -17.374758909363987 -1.7745171253384893
5544.567138423261 -17.380579260425648 -1.7741659526344302
5559.7210918473838 -17.386399199737482 -1.7738151871314634
5574.9164628066628 -17.392218727949302 -1.7734648281785141
5590.1533645000763 -17.398037845709581 -1.7731148751258614
5605.4319104360229 -17.40385655366547 -1.7727653273251316
5620.7522144330987 -17.409674852462775 -1.7724161841292982
5636.1143906209791 -17.415492742745961 -1.7720674448926763
5651.5185534413049 -17.421310225158187 -1.7717191089709194
5666.9648176484643 -17.427127300341276 -1.7713711757210173
5682.4532983104818 -17.432943968935724 -1.7710236445012915
5697.9841108099108 -17.43876023158073 -1.7706765146713912
5713.5573708446273 -17.444576088914157 -1.7703297855922924
5729.1731944287303 -17.450391541572568 -1.7699834566262915
5744.8316978933908 -17.456206590191215 -1.7696375271370048
5760.5329978877598 -17.462021235404052 -1.7692919964893623
5776.2772113797691 -17.467835477843725 -1.7689468640496067
5792.0644556570378 -17.473649318141582 -1.7686021291852896
5807.8948483277827 -17.479462756927688 -1.7682577912652662
5823.7685073216189 -17.485275794830809 -1.7679138496596949
5839.685550890481 -17.491088432478417 -1.7675703037400323
5855.6460976095314 -17.496900670496714 -1.7672271528790302
5871.6502663779802 -17.502712509510609 -1.7668843964507326
5887.6981764200018 -17.508523950143733 -1.7665420338304718
5903.7899472856598 -17.514334993018458 -1.7662000643948654
5919.9256988517263 -17.520145638755871 -1.7658584875218137
5936.1055513226229 -17.525955887975783 -1.7655173025904962
5952.3296252312912 -17.531765741296752 -1.7651765089813676
5968.5980414401411 -17.537575199336082 -1.7648361060761546
5984.9109211418772 -17.543384262709804 -1.7644960932578546
6001.268385860436 -17.549192932032689 -1.7641564699107302
6017.6705574519328 -17.555001207918277 -1.7638172354203068
6034.1175581054904 -17.560809090978839 -1.7634783891733696
6050.6095103441912 -17.566616581825404 -1.7631399305579609
6067.146537026023 -17.572423681067775 -1.7628018589633756
6083.7287613447224 -17.578230389314488 -1.7624641737801592
6100.3563068307276 -17.584036707172856 -1.7621268744001048
6117.0292973521409 -17.589842635248971 -1.7617899602162483
6133.7478571155698 -17.595648174147669 -1.7614534306228673
6150.5121106671058 -17.601453324472573 -1.761117285015477
6167.3221828932292 -17.607258086826082 -1.7607815227908268
6184.1781990217851 -17.613062461809374 -1.7604461433468979
6201.0802846228453 -17.618866450022406 -1.7601111460828998
6218.0285656096767 -17.624670052063905 -1.7597765303992676
6235.0231682397234 -17.630473268531425 -1.7594422956976583
6252.0642191154639 -17.636276100021277 -1.7591084413809481
6269.1518451853999 -17.64207854712857 -1.7587749668532298
6286.2861737450339 -17.647880610447221 -1.7584418715198085
6303.4673324377454 -17.653682290569943 -1.7581091547872001
6320.6954492557761 -17.659483588088239 -1.7577768160631277
6337.9706525412266 -17.665284503592446 -1.7574448547565173
6355.2930709869306 -17.671085037671688 -1.757113270277497
6372.6628336374561 -17.6768851909139 -1.7567820620373928
6390.0800698901039 -17.682684963905849 -1.7564512294487251
6407.5449094957921 -17.688484357233101 -1.7561207719252068
6425.0574825600779 -17.694283371480047 -1.7557906888817398
6442.6179195440991 -17.700082007229909 -1.7554609797344127
6460.2263512655973 -17.705880265064735 -1.755131643900496
6477.8829088998173 -17.711678145565401 -1.7548026807984414
6495.5877239805186 -17.717475649311602 -1.7544740898478779
6513.3409284009995 -17.723272776881892 -1.7541458704696078
6531.1426544149963 -17.729069528853646 -1.7538180220856061
6548.9930346377132 -17.73486590580308 -1.7534905441190161
6566.8922020468444 -17.74066190830527 -1.7531634359941455
6584.8402899834891 -17.746457536934116 -1.7528366971364664
6602.8374321531846 -17.752252792262389 -1.7525103269726099
6620.8837626269396 -17.7580476748617 -1.7521843249303639
6638.9794158421537 -17.763842185302519 -1.751858690438671
6657.1245266036758 -17.76963632415417 -1.7515334229276243
6675.3192300847759 -17.775430091984838 -1.7512085218284661
6693.5636618282115 -17.781223489361583 -1.7508839865735832
6711.8579577471519 -17.787016516850322 -1.7505598165965064
6730.2022541262331 -17.79280917501584 -1.7502360113319055
6748.5966876226166 -17.798601464421804 -1.7499125702155873
6767.0413952669187 -17.804393385630743 -1.7495894926844935
6785.5365144642801 -17.810184939204063 -1.7492667781766968
6804.0821829954257 -17.815976125702075 -1.7489444261313984
6822.6785390176092 -17.821766945683947 -1.7486224359889257
6841.3257210656848 -17.827557399707736 -1.7483008071907293
6860.023868053182 -17.8333474883304 -1.7479795391793802
6878.7731192732535 -17.839137212107783 -1.7476586313985658
6897.5736143997719 -17.84492657159462 -1.7473380832930903
6916.4254934883384 -17.850715567344544 -1.7470178943088686
6935.3288969773876 -17.856504199910088 -1.7466980638929244
6954.2839656891465 -17.862292469842693 -1.74637859149339
6973.290840830723 -17.868080377692692 -1.7460594765594999
6992.3496639952064 -17.873867924009339 -1.7457407185415903
7011.4605771626311 -17.879655109340796 -1.7454223168910961
7030.6237227010824 -17.88544193423413 -1.7451042710605476
7049.8392433677946 -17.891228399235331 -1.7447865805035683
7069.1072823101331 -17.897014504889306 -1.7444692446748722
7088.427983066701 -17.902800251739873 -1.7441522630302613
7107.8014895684537 -17.908585640329797 -1.7438356350266218
7127.2279461396802 -17.91437067120075 -1.743519360121923
7146.7074974991292 -17.920155344893331 -1.7432034377752144
7166.2402887611233 -17.925939661947087 -1.7428878674466211
7185.8264654365566 -17.931723622900485 -1.7425726485973441
7205.466173434037 -17.937507228290936 -1.7422577806896558
7225.1595590609413 -17.943290478654781 -1.7419432631868979
7244.9067690245674 -17.94907337452732 -1.7416290955534783
7264.7079504331377 -17.954855916442781 -1.7413152772548695
7284.5632507969349 -17.960638104934336 -1.7410018077576053
7304.4728180294551 -17.966419940534131 -1.7406886865292779
7324.4368004484086 -17.972201423773249 -1.7403759130385357
7344.4553467768801 -17.977982555181711 -1.7400634867550819
7364.528606144474 -17.983763335288526 -1.7397514071496696
7384.6567280883401 -17.989543764621647 -1.7394396736941009
7404.8398625543296 -17.995323843707979 -1.7391282858612245
7425.0781598981594 -18.001103573073422 -1.7388172431249309
7445.3717708864406 -18.006882953242812 -1.7385065449601536
7465.7208466978627 -18.012661984739971 -1.7381961908428629
7486.1255389242879 -18.018440668087685 -1.7378861802500658
7506.5859995719438 -18.024219003807733 -1.737576512659802
7527.1023810624638 -18.029996992420848 -1.7372671875511427
7547.6748362340641 -18.035774634446753 -1.7369582044041876
7568.3035183427346 -18.041551930404161 -1.7366495627000609
7588.9885810632859 -18.047328880810753 -1.7363412619209115
7609.7301784905385 -18.053105486183199 -1.7360333015499092
7630.5284651405191 -18.058881747037187 -1.7357256810712414
7651.3835959515181 -18.064657663887367 -1.7354183999701118
7672.2957262852915 -18.070433237247379 -1.7351114577327382
7693.2650119282616 -18.07620846762989 -1.7348048538463481
7714.2916090925901 -18.081983355546541 -1.7344985877991785
7735.3756744173807 -18.087757901507985 -1.734192659080473
7756.5173649699009 -18.093532106023879 -1.7338870671804778
7777.7168382466516 -18.099305969602881 -1.7335818115904413
7798.9742521746075 -18.105079492752665 -1.73327689180261
7820.2897651123612 -18.110852675979906 -1.7329723073102281
7841.6635358513622 -18.116625519790308 -1.7326680576075324
7863.0957236170116 -18.122398024688579 -1.7323641421897524
7884.58648806989 -18.128170191178448 -1.732060560553107
7906.1359893069975 -18.133942019762667 -1.7317573121948009
7927.7443878628519 -18.139713510943011 -1.7314543966130242
7949.4118447107276 -18.145484665220273 -1.7311518133069497
7971.1385212639088 -18.151255483094289 -1.7308495617767288
7992.9245793767914 -18.157025965063912 -1.7305476415234911
8014.7701813461381 -18.162796111627031 -1.730246052049341
8036.6754899123371 -18.168565923280568 -1.7299447928573559
8058.6406682605166 -18.174335400520494 -1.7296438634515832
8080.6658800218247 -18.180104543841804 -1.7293432633370394
8102.7512892746172 -18.185873353738533 -1.7290429920197057
8124.8970605457425 -18.19164183070378 -1.728743049006527
8147.1033588116734 -18.197409975229672 -1.7284434338054098
8169.3703494997808 -18.203177787807384 -1.7281441459252196
8191.6981984896183 -18.20894526892716 -1.7278451848757777
8214.0870721140582 -18.214712419078282 -1.7275465501678595
8236.5371371605816 -18.220479238749078 -1.7272482413131942
8259.0485608725667 -18.226245728426967 -1.7269502578244587
8281.6215109504374 -18.23201188859839 -1.7266525992152784
8304.2561555529646 -18.23777771974887 -1.7263552650002236
8326.9526632985671 -18.243543222362995 -1.7260582546948076
8349.7112032664663 -18.24930839692442 -1.7257615678154843
8372.5319449980125 -18.255073243915852 -1.7254652038796461
8395.4150584979197 -18.260837763819083 -1.725169162405622
8418.3607142355886 -18.266601957114986 -1.7248734429126746
8441.36908314629 -18.272365824283497 -1.7245780449209978
8464.440336632475 -18.278129365803622 -1.7242829679517158
8487.5746465651118 -18.28389258215347 -1.7239882115268796
8510.7721852848608 -18.289655473810214 -1.7236937751694656
8534.033125603406 -18.295418041250109 -1.7233996584033735
8557.3576408048029 -18.301180284948515 -1.7231058607534226
8580.7459046466574 -18.306942205379862 -1.722812381745352
8604.1980913614771 -18.312703803017676 -1.7225192209058164
8627.7143756580172 -18.318465078334579 -1.7222263777623847
8651.2949327224851 -18.32422603180229 -1.7219338518435381
8674.9399382198862 -18.32998666389161 -1.7216416426786678
8698.6495682953973 -18.33574697507246 -1.7213497497980721
8722.4239995755634 -18.341506965813849 -1.7210581727329552
8746.2634091696927 -18.347266636583896 -1.7207669110154249
8770.1679746711325 -18.353025987849808 -1.7204759641784901
8794.1378741586686 -18.358785020077931 -1.7201853317560585
8818.1732861977434 -18.364543733733697 -1.7198950132829354
8842.2743898418394 -18.370302129281651 -1.7196050082948207
8866.4413646338671 -18.376060207185461 -1.7193153163283066
8890.6743906073953 -18.381817967907914 -1.7190259369208769
8914.9736482880453 -18.387575411910895 -1.7187368696109038
8939.3393186948888 -18.393332539655432 -1.7184481139376446
8963.7715833416933 -18.399089351601667 -1.7181596694412431
8988.2706242383229 -18.404845848208851 -1.7178715356627241
9012.8366238921499 -18.41060202993539 -1.7175837121439925
9037.4697653093044 -18.4163578972388 -1.7172961984278317
9062.1702319961169 -18.422113450575729 -1.7170089940579016
9086.9382079604384 -18.427868690401954 -1.7167220985787357
9111.7738777130962 -18.433623617172401 -1.716435511535739
9136.677426269147 -18.439378231341124 -1.716149232475187
9161.6490391493171 -18.445132533361303 -1.715863260944223
9186.6889023814383 -18.450886523685284 -1.7155775964908562
9211.7972025017225 -18.456640202764532 -1.7152922386639589
9236.9741265562061 -18.462393571049674 -1.7150071870132664
9262.2198621022035 -18.468146628990475 -1.714722441089372
9287.5345972095874 -18.473899377035849 -1.7144380004437287
9312.9185204622445 -18.479651815633858 -1.7141538646286441
9338.3718209595427 -18.485403945231727 -1.7138700331972792
9363.8946883176268 -18.491155766275824 -1.7135865057036477
9389.487312670879 -18.496907279211676 -1.7133032817026124
9415.1498846734012 -18.50265848448398 -1.713020360749884
9440.8825955003194 -18.508409382536573 -1.7127377424020183
9466.6856368492809 -18.514159973812472 -1.7124554262164162
9492.5592009418451 -18.519910258753846 -1.7121734117513197
9518.5034805249961 -18.525660237802043 -1.7118916985658101
9544.5186688724589 -18.531409911397567 -1.7116102862198073
9570.6049597861947 -18.537159279980099 -1.7113291742740671
9596.7625475979148 -18.542908343988493 -1.7110483622901789
9622.9916271703969 -18.548657103860769 -1.7107678498305641
9649.2923938990007 -18.55440556003413 -1.7104876364584749
9675.6650437131884 -18.560153712944963 -1.7102077217379903
9702.1097730778583 -18.56590156302882 -1.7099281052340169
9728.6267789948706 -18.571649110720436 -1.7096487865122854
9755.2162590045737 -18.57739635645375 -1.7093697651393478
9781.8784111871591 -18.583143300661863 -1.7090910406825774
9808.6134341642137 -18.588889943777069 -1.7088126127101659
9835.4215271001594 -18.594636286230859 -1.7085344807911222
9862.3028897038203 -18.600382328453907 -1.7082566444952694
9889.2577222297841 -18.606128070876089 -1.7079791033932434
9916.2862254799638 -18.611873513926461 -1.7077018570564912
9943.3886008051413 -18.617618658033294 -1.707424905057269
9970.5650501063592 -18.623363503624045 -1.7071482469686401
9997.815775836476 -18.629108051125367 -1.7068718823644737
10025.140981001738 -18.634852300963139 -1.7065958108194414
10052.540869163173 -18.640596253562414 -1.7063200319090173
10080.015644438165 -18.646339909347468 -1.7060445452094752
10107.565511502031 -18.652083268741787 -1.7057693502978866
10135.190675589436 -18.657826332168057 -1.7054944467521191
10162.89134249599 -18.663569100048186 -1.7052198341508347
10190.667718579749 -18.669311572803274 -1.7049455120734875
10218.52001076283 -18.675053750853664 -1.7046714801003227
10246.44842653283 -18.680795634618903 -1.7043977378123738
10274.453173944437 -18.686537224517743 -1.7041242847914615
10302.534461621039 -18.692278520968181 -1.7038511206201912
10330.692498756147 -18.698019524387426 -1.7035782448819521
10358.927495115031 -18.703760235191901 -1.7033056571609149
10387.239661036334 -18.709500653797274 -1.7030333570420293
10415.629207433514 -18.715240780618426 -1.7027613441110236
10444.096345796483 -18.720980616069468 -1.7024896179544025
10472.641288193241 -18.726720160563751 -1.7022181781594441
10501.264247271334 -18.732459414513851 -1.7019470243141999
10529.965436259497 -18.738198378331575 -1.7016761560074913
10558.745068969307 -18.743937052427988 -1.7014055728289095
10587.603359796651 -18.749675437213362 -1.7011352743688124
10616.540523723404 -18.755413533097236 -1.7008652602183238
10645.556776318996 -18.761151340488368 -1.7005955299693316
10674.652333742089 -18.766888859794776 -1.7003260832144842
10703.827412742077 -18.772626091423721 -1.7000569195471913
10733.082230660748 -18.778363035781702 -1.699788038561622
10762.417005433981 -18.78409969327447 -1.6995194398526994
10791.831955593232 -18.789836064307039 -1.6992511230161045
10821.327300267227 -18.795572149283643 -1.6989830876482699
10850.903259183666 -18.801307948607814 -1.69871533334638
10880.56005267072 -18.807043462682302 -1.6984478597083696
10910.297901658751 -18.812778691909124 -1.6981806663329215
10940.117027682007 -18.818513636689573 -1.6979137528194641
10970.017652880151 -18.82424829742418 -1.6976471187681714
11000 -18.829982674512749 -1.6973807637799603
