10 10.91079030544376 -13.776568804218497
10.000999999999999 10.909836601767866 -13.776568804218497
10.002000000000001 10.908883016487302 -13.776568804218497
10.003 10.907929549576155 -13.776568804218497
10.004 10.906976201008526 -13.776568804218497
10.005000000000001 10.90602297075851 -13.776568804218497
10.006 10.90506985880023 -13.776568804218497
10.007 10.904116865107806 -13.776568804218497
10.007999999999999 10.903163989655363 -13.776568804218497
10.009 10.90221123241704 -13.776568804218497
10.01 10.90125859336699 -13.776568804218497
10.010999999999999 10.900306072479362 -13.776568804218497
10.012 10.899353669728319 -13.776568804218497
10.013 10.898401385088039 -13.776568804218497
10.013999999999999 10.897449218532698 -13.776568804218497
10.015000000000001 10.896497170036485 -13.776568804218497
10.016 10.895545239573599 -13.776568804218497
10.016999999999999 10.89459342711824 -13.776568804218497
10.018000000000001 10.893641732644628 -13.776568804218497
10.019 10.892690156126985 -13.776568804218497
10.02 10.891738697539541 -13.776568804218497
10.021000000000001 10.89078735685653 -13.776568804218497
10.022 10.889836134052205 -13.776568804218497
10.023 10.888885029100821 -13.776568804218497
10.023999999999999 10.887934041976644 -13.776568804218497
10.025 10.886983172653936 -13.776568804218497
10.026 10.886032421106993 -13.776568804218497
10.026999999999999 10.885081787310092 -13.776568804218497
10.028 10.884131271237536 -13.776568804218497
10.029 10.883180872863628 -13.776568804218497
10.029999999999999 10.882230592162687 -13.776568804218497
10.031000000000001 10.881280429109028 -13.776568804218497
10.032 10.880330383676988 -13.776568804218497
10.032999999999999 10.879380455840906 -13.776568804218497
10.034000000000001 10.878430645575124 -13.776568804218497
10.035 10.877480952854002 -13.776568804218497
10.036 10.876531377651904 -13.776568804218497
10.037000000000001 10.875581919943201 -13.776568804218497
10.038 10.874632579702276 -13.776568804218497
10.039 10.873683356903516 -13.776568804218497
10.039999999999999 10.872734251521317 -13.776568804218497
10.041 10.871785263530086 -13.776568804218497
10.042 10.870836392904238 -13.776568804218497
10.042999999999999 10.869887639618193 -13.776568804218497
10.044 10.868939003646382 -13.776568804218497
10.045 10.867990484963245 -13.776568804218497
10.045999999999999 10.867042083543229 -13.776568804218497
10.047000000000001 10.866093799360785 -13.776568804218497
10.048 10.865145632390384 -13.776568804218497
10.048999999999999 10.86419758260649 -13.776568804218497
10.050000000000001 10.863249649983587 -13.776568804218497
10.051 10.862301834496165 -13.776568804218497
10.052 10.861354136118717 -13.776568804218497
10.053000000000001 10.860406554825749 -13.776568804218497
10.054 10.859459090591777 -13.776568804218497
10.055 10.858511743391315 -13.776568804218497
10.055999999999999 10.857564513198902 -13.776568804218497
10.057 10.856617399989069 -13.776568804218497
10.058 10.855670403736363 -13.776568804218497
10.058999999999999 10.854723524415339 -13.776568804218497
10.06 10.85377676200056 -13.776568804218497
10.061 10.852830116466597 -13.776568804218497
10.061999999999999 10.851883587788027 -13.776568804218497
10.063000000000001 10.850937175939437 -13.776568804218497
10.064 10.849990880895428 -13.776568804218497
10.065 10.849044702630597 -13.776568804218497
10.066000000000001 10.848098641119556 -13.776568804218497
10.067 10.847152696336927 -13.776568804218497
10.068 10.846206868257342 -13.776568804218497
10.069000000000001 10.845261156855429 -13.776568804218497
10.07 10.844315562105839 -13.776568804218497
10.071 10.843370083983224 -13.776568804218497
10.071999999999999 10.842424722462241 -13.776568804218497
10.073 10.841479477517561 -13.776568804218497
10.074 10.840534349123866 -13.776568804218497
10.074999999999999 10.839589337255834 -13.776568804218497
10.076000000000001 10.838644441888162 -13.776568804218497
10.077 10.837699662995552 -13.776568804218497
10.077999999999999 10.836755000552715 -13.776568804218497
10.079000000000001 10.835810454534366 -13.776568804218497
10.08 10.834866024915232 -13.776568804218497
10.081 10.833921711670053 -13.776568804218497
10.082000000000001 10.832977514773562 -13.776568804218497
10.083 10.832033434200516 -13.776568804218497
10.084 10.831089469925674 -13.776568804218497
10.085000000000001 10.830145621923799 -13.776568804218497
10.086 10.829201890169671 -13.776568804218497
10.087 10.82825827463807 -13.776568804218497
10.087999999999999 10.82731477530379 -13.776568804218497
10.089 10.826371392141624 -13.776568804218497
10.09 10.825428125126388 -13.776568804218497
10.090999999999999 10.824484974232895 -13.776568804218497
10.092000000000001 10.823541939435964 -13.776568804218497
10.093 10.822599020710435 -13.776568804218497
10.093999999999999 10.821656218031142 -13.776568804218497
10.095000000000001 10.820713531372936 -13.776568804218497
10.096 10.819770960710672 -13.776568804218497
10.097 10.818828506019216 -13.776568804218497
10.098000000000001 10.817886167273436 -13.776568804218497
10.099 10.816943944448219 -13.776568804218497
10.1 10.816001837518451 -13.776568804218497
10.101000000000001 10.815059846459024 -13.776568804218497
10.102 10.814117971244853 -13.776568804218497
10.103 10.813176211850841 -13.776568804218497
10.103999999999999 10.812234568251917 -13.776568804218497
10.105 10.811293040423001 -13.776568804218497
10.106 10.810351628339037 -13.776568804218497
10.106999999999999 10.80941033197497 -13.776568804218497
10.108000000000001 10.808469151305749 -13.776568804218497
10.109 10.807528086306341 -13.776568804218497
10.109999999999999 10.806587136951711 -13.776568804218497
10.111000000000001 10.805646303216836 -13.776568804218497
10.112 10.804705585076704 -13.776568804218497
10.113 10.803764982506308 -13.776568804218497
10.114000000000001 10.802824495480648 -13.776568804218497
10.115 10.801884123974736 -13.776568804218497
10.116 10.800943867963586 -13.776568804218497
10.117000000000001 10.800003727422228 -13.776568804218497
10.118 10.799063702325693 -13.776568804218497
10.119 10.798123792649022 -13.776568804218497
10.119999999999999 10.797183998367265 -13.776568804218497
10.121 10.79624431945548 -13.776568804218497
10.122 10.795304755888735 -13.776568804218497
10.122999999999999 10.794365307642103 -13.776568804218497
10.124000000000001 10.79342597469066 -13.776568804218497
10.125 10.792486757009504 -13.776568804218497
10.125999999999999 10.791547654573728 -13.776568804218497
10.127000000000001 10.790608667358438 -13.776568804218497
10.128 10.789669795338749 -13.776568804218497
10.129 10.788731038489782 -13.776568804218497
10.130000000000001 10.787792396786665 -13.776568804218497
10.131 10.786853870204538 -13.776568804218497
10.132 10.785915458718549 -13.776568804218497
10.132999999999999 10.784977162303846 -13.776568804218497
10.134 10.784038980935593 -13.776568804218497
10.135 10.783100914588962 -13.776568804218497
10.135999999999999 10.782162963239127 -13.776568804218497
10.137 10.781225126861273 -13.776568804218497
10.138 10.780287405430595 -13.776568804218497
10.138999999999999 10.779349798922297 -13.776568804218497
10.140000000000001 10.778412307311582 -13.776568804218497
10.141 10.777474930573675 -13.776568804218497
10.141999999999999 10.776537668683796 -13.776568804218497
10.143000000000001 10.775600521617177 -13.776568804218497
10.144 10.774663489349065 -13.776568804218497
10.145 10.773726571854704 -13.776568804218497
10.146000000000001 10.772789769109352 -13.776568804218497
10.147 10.771853081088276 -13.776568804218497
10.148 10.770916507766747 -13.776568804218497
10.148999999999999 10.769980049120045 -13.776568804218497
10.15 10.76904370512346 -13.776568804218497
10.151 10.76810747575229 -13.776568804218497
10.151999999999999 10.767171360981836 -13.776568804218497
10.153 10.766235360787411 -13.776568804218497
10.154 10.765299475144335 -13.776568804218497
10.154999999999999 10.764363704027941 -13.776568804218497
10.156000000000001 10.76342804741356 -13.776568804218497
10.157 10.762492505276539 -13.776568804218497
10.157999999999999 10.761557077592228 -13.776568804218497
10.159000000000001 10.760621764335985 -13.776568804218497
10.16 10.759686565483182 -13.776568804218497
10.161 10.75875148100919 -13.776568804218497
10.162000000000001 10.757816510889397 -13.776568804218497
10.163 10.756881655099191 -13.776568804218497
10.164 10.755946913613974 -13.776568804218497
10.164999999999999 10.755012286409148 -13.776568804218497
10.166 10.75407777346013 -13.776568804218497
10.167 10.753143374742347 -13.776568804218497
10.167999999999999 10.752209090231226 -13.776568804218497
10.169 10.751274919902203 -13.776568804218497
10.17 10.750340863730727 -13.776568804218497
10.170999999999999 10.749406921692257 -13.776568804218497
10.172000000000001 10.748473093762245 -13.776568804218497
10.173 10.747539379916168 -13.776568804218497
10.173999999999999 10.746605780129501 -13.776568804218497
10.175000000000001 10.745672294377728 -13.776568804218497
10.176 10.744738922636348 -13.776568804218497
10.177 10.743805664880856 -13.776568804218497
10.178000000000001 10.742872521086763 -13.776568804218497
10.179 10.741939491229587 -13.776568804218497
10.18 10.741006575284853 -13.776568804218497
10.180999999999999 10.74007377322809 -13.776568804218497
10.182 10.739141085034841 -13.776568804218497
10.183 10.738208510680655 -13.776568804218497
10.183999999999999 10.737276050141086 -13.776568804218497
10.185 10.736343703391695 -13.776568804218497
10.186 10.735411470408057 -13.776568804218497
10.186999999999999 10.734479351165753 -13.776568804218497
10.188000000000001 10.733547345640364 -13.776568804218497
10.189 10.732615453807492 -13.776568804218497
10.19 10.731683675642733 -13.776568804218497
10.191000000000001 10.7307520111217 -13.776568804218497
10.192 10.729820460220013 -13.776568804218497
10.193 10.728889022913297 -13.776568804218497
10.194000000000001 10.727957699177182 -13.776568804218497
10.195 10.727026488987315 -13.776568804218497
10.196 10.726095392319344 -13.776568804218497
10.196999999999999 10.72516440914892 -13.776568804218497
10.198 10.724233539451713 -13.776568804218497
10.199 10.723302783203399 -13.776568804218497
10.199999999999999 10.722372140379651 -13.776568804218497
10.201000000000001 10.721441610956161 -13.776568804218497
10.202 10.720511194908621 -13.776568804218497
10.202999999999999 10.71958089221274 -13.776568804218497
10.204000000000001 10.718650702844226 -13.776568804218497
10.205 10.717720626778798 -13.776568804218497
10.206 10.716790663992185 -13.776568804218497
10.207000000000001 10.715860814460118 -13.776568804218497
10.208 10.71493107815834 -13.776568804218497
10.209 10.714001455062602 -13.776568804218497
10.210000000000001 10.713071945148661 -13.776568804218497
10.211 10.712142548392283 -13.776568804218497
10.212 10.71121326476924 -13.776568804218497
10.212999999999999 10.710284094255313 -13.776568804218497
10.214 10.70935503682629 -13.776568804218497
10.215 10.708426092457966 -13.776568804218497
10.215999999999999 10.707497261126148 -13.776568804218497
10.217000000000001 10.706568542806645 -13.776568804218497
10.218 10.705639937475279 -13.776568804218497
10.218999999999999 10.704711445107872 -13.776568804218497
10.220000000000001 10.703783065680263 -13.776568804218497
10.221 10.702854799168293 -13.776568804218497
10.222 10.701926645547811 -13.776568804218497
10.223000000000001 10.700998604794675 -13.776568804218497
10.224 10.700070676884751 -13.776568804218497
10.225 10.699142861793911 -13.776568804218497
10.226000000000001 10.698215159498037 -13.776568804218497
10.227 10.697287569973014 -13.776568804218497
10.228 10.696360093194743 -13.776568804218497
10.228999999999999 10.695432729139124 -13.776568804218497
10.23 10.694505477782069 -13.776568804218497
10.231 10.693578339099497 -13.776568804218497
10.231999999999999 10.692651313067335 -13.776568804218497
10.233000000000001 10.691724399661515 -13.776568804218497
10.234 10.690797598857984 -13.776568804218497
10.234999999999999 10.689870910632687 -13.776568804218497
10.236000000000001 10.68894433496158 -13.776568804218497
10.237 10.688017871820632 -13.776568804218497
10.238 10.687091521185813 -13.776568804218497
10.239000000000001 10.686165283033102 -13.776568804218497
10.24 10.68523915733849 -13.776568804218497
10.241 10.684313144077969 -13.776568804218497
10.242000000000001 10.683387243227543 -13.776568804218497
10.243 10.682461454763221 -13.776568804218497
10.244 10.681535778661026 -13.776568804218497
10.244999999999999 10.680610214896976 -13.776568804218497
10.246 10.67968476344711 -13.776568804218497
10.247 10.678759424287467 -13.776568804218497
10.247999999999999 10.677834197394098 -13.776568804218497
10.249000000000001 10.676909082743054 -13.776568804218497
10.25 10.675984080310402 -13.776568804218497
10.250999999999999 10.675059190072213 -13.776568804218497
10.252000000000001 10.674134412004564 -13.776568804218497
10.253 10.673209746083545 -13.776568804218497
10.254 10.672285192285248 -13.776568804218497
10.255000000000001 10.671360750585771 -13.776568804218497
10.256 10.670436420961229 -13.776568804218497
10.257 10.669512203387736 -13.776568804218497
10.257999999999999 10.668588097841418 -13.776568804218497
10.259 10.667664104298401 -13.776568804218497
10.26 10.666740222734834 -13.776568804218497
10.260999999999999 10.665816453126855 -13.776568804218497
10.262 10.664892795450621 -13.776568804218497
10.263 10.663969249682296 -13.776568804218497
10.263999999999999 10.663045815798048 -13.776568804218497
10.265000000000001 10.662122493774056 -13.776568804218497
10.266 10.661199283586503 -13.776568804218497
10.266999999999999 10.660276185211583 -13.776568804218497
10.268000000000001 10.659353198625489 -13.776568804218497
10.269 10.658430323804437 -13.776568804218497
10.27 10.657507560724639 -13.776568804218497
10.271000000000001 10.656584909362314 -13.776568804218497
10.272 10.655662369693696 -13.776568804218497
10.273 10.654739941695018 -13.776568804218497
10.274000000000001 10.65381762534253 -13.776568804218497
10.275 10.652895420612481 -13.776568804218497
10.276 10.651973327481132 -13.776568804218497
10.276999999999999 10.651051345924749 -13.776568804218497
10.278 10.650129475919607 -13.776568804218497
10.279 10.649207717441991 -13.776568804218497
10.279999999999999 10.64828607046819 -13.776568804218497
10.281000000000001 10.647364534974496 -13.776568804218497
10.282 10.646443110937218 -13.776568804218497
10.282999999999999 10.645521798332672 -13.776568804218497
10.284000000000001 10.644600597137172 -13.776568804218497
10.285 10.64367950732705 -13.776568804218497
10.286 10.642758528878637 -13.776568804218497
10.287000000000001 10.641837661768275 -13.776568804218497
10.288 10.640916905972317 -13.776568804218497
10.289 10.63999626146712 -13.776568804218497
10.289999999999999 10.639075728229045 -13.776568804218497
10.291 10.638155306234465 -13.776568804218497
10.292 10.637234995459762 -13.776568804218497
10.292999999999999 10.63631479588132 -13.776568804218497
10.294 10.635394707475536 -13.776568804218497
10.295 10.634474730218811 -13.776568804218497
10.295999999999999 10.633554864087554 -13.776568804218497
10.297000000000001 10.632635109058182 -13.776568804218497
10.298 10.631715465107117 -13.776568804218497
10.298999999999999 10.630795932210797 -13.776568804218497
10.300000000000001 10.629876510345651 -13.776568804218497
10.301 10.62895719948814 -13.776568804218497
10.302 10.628037999614703 -13.776568804218497
10.303000000000001 10.627118910701808 -13.776568804218497
10.304 10.626199932725923 -13.776568804218497
10.305 10.625281065663527 -13.776568804218497
10.305999999999999 10.624362309491103 -13.776568804218497
10.307 10.623443664185135 -13.776568804218497
10.308 10.622525129722131 -13.776568804218497
10.308999999999999 10.621606706078593 -13.776568804218497
10.31 10.620688393231028 -13.776568804218497
10.311 10.619770191155967 -13.776568804218497
10.311999999999999 10.618852099829935 -13.776568804218497
10.313000000000001 10.61793411922946 -13.776568804218497
10.314 10.617016249331096 -13.776568804218497
10.315 10.616098490111385 -13.776568804218497
10.316000000000001 10.615180841546888 -13.776568804218497
10.317 10.614263303614168 -13.776568804218497
10.318 10.613345876289801 -13.776568804218497
10.319000000000001 10.612428559550361 -13.776568804218497
10.32 10.611511353372441 -13.776568804218497
10.321 10.610594257732634 -13.776568804218497
10.321999999999999 10.609677272607541 -13.776568804218497
10.323 10.608760397973766 -13.776568804218497
10.324 10.607843633807935 -13.776568804218497
10.324999999999999 10.606926980086666 -13.776568804218497
10.326000000000001 10.60601043678659 -13.776568804218497
10.327 10.605094003884348 -13.776568804218497
10.327999999999999 10.604177681356584 -13.776568804218497
10.329000000000001 10.603261469179952 -13.776568804218497
10.33 10.602345367331113 -13.776568804218497
10.331 10.601429375786735 -13.776568804218497
10.332000000000001 10.600513494523492 -13.776568804218497
10.333 10.59959772351807 -13.776568804218497
10.334 10.598682062747153 -13.776568804218497
10.335000000000001 10.597766512187444 -13.776568804218497
10.336 10.596851071815644 -13.776568804218497
10.337 10.595935741608468 -13.776568804218497
10.337999999999999 10.595020521542633 -13.776568804218497
10.339 10.594105411594862 -13.776568804218497
10.34 10.593190411741897 -13.776568804218497
10.340999999999999 10.592275521960476 -13.776568804218497
10.342000000000001 10.591360742227341 -13.776568804218497
10.343 10.590446072519256 -13.776568804218497
10.343999999999999 10.589531512812982 -13.776568804218497
10.345000000000001 10.588617063085287 -13.776568804218497
10.346 10.587702723312949 -13.776568804218497
10.347 10.586788493472755 -13.776568804218497
10.348000000000001 10.585874373541495 -13.776568804218497
10.349 10.58496036349597 -13.776568804218497
10.35 10.584046463312987 -13.776568804218497
10.351000000000001 10.583132672969358 -13.776568804218497
10.352 10.582218992441909 -13.776568804218497
10.353 10.581305421707462 -13.776568804218497
10.353999999999999 10.580391960742856 -13.776568804218497
10.355 10.579478609524935 -13.776568804218497
10.356 10.578565368030548 -13.776568804218497
10.356999999999999 10.577652236236556 -13.776568804218497
10.358000000000001 10.576739214119813 -13.776568804218497
10.359 10.575826301657207 -13.776568804218497
10.359999999999999 10.574913498825605 -13.776568804218497
10.361000000000001 10.574000805601898 -13.776568804218497
10.362 10.573088221962983 -13.776568804218497
10.363 10.572175747885757 -13.776568804218497
10.364000000000001 10.571263383347127 -13.776568804218497
10.365 10.570351128324011 -13.776568804218497
10.366 10.569438982793333 -13.776568804218497
10.367000000000001 10.568526946732019 -13.776568804218497
10.368 10.567615020117014 -13.776568804218497
10.369 10.566703202925254 -13.776568804218497
10.369999999999999 10.565791495133695 -13.776568804218497
10.371 10.564879896719294 -13.776568804218497
10.372 10.563968407659017 -13.776568804218497
10.372999999999999 10.563057027929839 -13.776568804218497
10.374000000000001 10.562145757508739 -13.776568804218497
10.375 10.56123459637271 -13.776568804218497
10.375999999999999 10.56032354449874 -13.776568804218497
10.377000000000001 10.55941260186383 -13.776568804218497
10.378 10.558501768444996 -13.776568804218497
10.379 10.557591044219253 -13.776568804218497
10.380000000000001 10.55668042916362 -13.776568804218497
10.381 10.555769923255134 -13.776568804218497
10.382 10.554859526470828 -13.776568804218497
10.382999999999999 10.553949238787753 -13.776568804218497
10.384 10.553039060182954 -13.776568804218497
10.385 10.552128990633495 -13.776568804218497
10.385999999999999 10.551219030116444 -13.776568804218497
10.387 10.55030917860887 -13.776568804218497
10.388 10.549399436087858 -13.776568804218497
10.388999999999999 10.548489802530499 -13.776568804218497
10.390000000000001 10.547580277913882 -13.776568804218497
10.391 10.546670862215112 -13.776568804218497
10.391999999999999 10.545761555411302 -13.776568804218497
10.393000000000001 10.544852357479563 -13.776568804218497
10.394 10.543943268397022 -13.776568804218497
10.395 10.543034288140813 -13.776568804218497
10.396000000000001 10.542125416688071 -13.776568804218497
10.397 10.54121665401594 -13.776568804218497
10.398 10.540308000101577 -13.776568804218497
10.399000000000001 10.539399454922137 -13.776568804218497
10.4 10.538491018454792 -13.776568804218497
10.401 10.537582690676713 -13.776568804218497
10.401999999999999 10.536674471565078 -13.776568804218497
10.403 10.53576636109708 -13.776568804218497
10.404 10.534858359249913 -13.776568804218497
10.404999999999999 10.53395046600078 -13.776568804218497
10.406000000000001 10.53304268132689 -13.776568804218497
10.407 10.532135005205459 -13.776568804218497
10.407999999999999 10.531227437613712 -13.776568804218497
10.409000000000001 10.530319978528878 -13.776568804218497
10.41 10.529412627928195 -13.776568804218497
10.411 10.528505385788911 -13.776568804218497
10.412000000000001 10.527598252088277 -13.776568804218497
10.413 10.52669122680355 -13.776568804218497
10.414 10.525784309912 -13.776568804218497
10.414999999999999 10.524877501390897 -13.776568804218497
10.416 10.523970801217521 -13.776568804218497
10.417 10.523064209369164 -13.776568804218497
10.417999999999999 10.522157725823119 -13.776568804218497
10.419 10.521251350556684 -13.776568804218497
10.42 10.520345083547172 -13.776568804218497
10.420999999999999 10.519438924771901 -13.776568804218497
10.422000000000001 10.518532874208185 -13.776568804218497
10.423 10.517626931833364 -13.776568804218497
10.423999999999999 10.516721097624767 -13.776568804218497
10.425000000000001 10.515815371559745 -13.776568804218497
10.426 10.514909753615644 -13.776568804218497
10.427 10.514004243769824 -13.776568804218497
10.428000000000001 10.51309884199965 -13.776568804218497
10.429 10.512193548282497 -13.776568804218497
10.43 10.511288362595741 -13.776568804218497
10.430999999999999 10.51038328491677 -13.776568804218497
10.432 10.509478315222974 -13.776568804218497
10.433 10.50857345349176 -13.776568804218497
10.433999999999999 10.507668699700531 -13.776568804218497
10.435 10.5067640538267 -13.776568804218497
10.436 10.505859515847694 -13.776568804218497
10.436999999999999 10.504955085740935 -13.776568804218497
10.438000000000001 10.504050763483864 -13.776568804218497
10.439 10.503146549053925 -13.776568804218497
10.44 10.50224244242856 -13.776568804218497
10.441000000000001 10.501338443585229 -13.776568804218497
10.442 10.500434552501398 -13.776568804218497
10.443 10.499530769154537 -13.776568804218497
10.444000000000001 10.498627093522122 -13.776568804218497
10.445 10.497723525581641 -13.776568804218497
10.446 10.49682006531058 -13.776568804218497
10.446999999999999 10.495916712686443 -13.776568804218497
10.448 10.495013467686729 -13.776568804218497
10.449 10.49411033028896 -13.776568804218497
10.449999999999999 10.493207300470647 -13.776568804218497
10.451000000000001 10.492304378209321 -13.776568804218497
10.452 10.491401563482514 -13.776568804218497
10.452999999999999 10.490498856267768 -13.776568804218497
10.454000000000001 10.48959625654263 -13.776568804218497
10.455 10.488693764284651 -13.776568804218497
10.456 10.487791379471398 -13.776568804218497
10.457000000000001 10.486889102080434 -13.776568804218497
10.458 10.48598693208934 -13.776568804218497
10.459 10.485084869475696 -13.776568804218497
10.460000000000001 10.484182914217088 -13.776568804218497
10.461 10.483281066291116 -13.776568804218497
10.462 10.482379325675382 -13.776568804218497
10.462999999999999 10.481477692347497 -13.776568804218497
10.464 10.480576166285074 -13.776568804218497
10.465 10.47967474746574 -13.776568804218497
10.465999999999999 10.478773435867131 -13.776568804218497
10.467000000000001 10.477872231466876 -13.776568804218497
10.468 10.476971134242625 -13.776568804218497
10.468999999999999 10.476070144172025 -13.776568804218497
10.470000000000001 10.475169261232741 -13.776568804218497
10.471 10.474268485402437 -13.776568804218497
10.472 10.473367816658783 -13.776568804218497
10.473000000000001 10.472467254979458 -13.776568804218497
10.474 10.471566800342151 -13.776568804218497
10.475 10.470666452724553 -13.776568804218497
10.476000000000001 10.469766212104366 -13.776568804218497
10.477 10.468866078459294 -13.776568804218497
10.478 10.467966051767057 -13.776568804218497
10.478999999999999 10.467066132005369 -13.776568804218497
10.48 10.466166319151963 -13.776568804218497
10.481 10.46526661318457 -13.776568804218497
10.481999999999999 10.464367014080933 -13.776568804218497
10.483000000000001 10.463467521818798 -13.776568804218497
10.484 10.462568136375925 -13.776568804218497
10.484999999999999 10.461668857730075 -13.776568804218497
10.486000000000001 10.460769685859013 -13.776568804218497
10.487 10.459870620740519 -13.776568804218497
10.488 10.458971662352376 -13.776568804218497
10.489000000000001 10.458072810672371 -13.776568804218497
10.49 10.457174065678302 -13.776568804218497
10.491 10.456275427347974 -13.776568804218497
10.492000000000001 10.455376895659194 -13.776568804218497
10.493 10.454478470589782 -13.776568804218497
10.494 10.45358015211756 -13.776568804218497
10.494999999999999 10.452681940220362 -13.776568804218497
10.496 10.451783834876021 -13.776568804218497
10.497 10.450885836062385 -13.776568804218497
10.497999999999999 10.449987943757305 -13.776568804218497
10.499000000000001 10.449090157938636 -13.776568804218497
10.5 10.448192478584248 -13.776568804218497
10.500999999999999 10.447294905672013 -13.776568804218497
10.502000000000001 10.446397439179803 -13.776568804218497
10.503 10.445500079085512 -13.776568804218497
10.504 10.44460282536703 -13.776568804218497
10.505000000000001 10.443705678002251 -13.776568804218497
10.506 10.442808636969088 -13.776568804218497
10.507 10.441911702245449 -13.776568804218497
10.507999999999999 10.441014873809257 -13.776568804218497
10.509 10.440118151638435 -13.776568804218497
10.51 10.439221535710921 -13.776568804218497
10.510999999999999 10.438325026004652 -13.776568804218497
10.512 10.437428622497578 -13.776568804218497
10.513 10.436532325167649 -13.776568804218497
10.513999999999999 10.435636133992828 -13.776568804218497
10.515000000000001 10.434740048951078 -13.776568804218497
10.516 10.433844070020379 -13.776568804218497
10.516999999999999 10.432948197178712 -13.776568804218497
10.518000000000001 10.432052430404061 -13.776568804218497
10.519 10.431156769674422 -13.776568804218497
10.52 10.430261214967798 -13.776568804218497
10.521000000000001 10.429365766262194 -13.776568804218497
10.522 10.428470423535627 -13.776568804218497
10.523 10.427575186766122 -13.776568804218497
10.524000000000001 10.426680055931699 -13.776568804218497
10.525 10.425785031010399 -13.776568804218497
10.526 10.424890111980265 -13.776568804218497
10.526999999999999 10.423995298819344 -13.776568804218497
10.528 10.423100591505689 -13.776568804218497
10.529 10.422205990017368 -13.776568804218497
10.529999999999999 10.421311494332445 -13.776568804218497
10.531000000000001 10.420417104428994 -13.776568804218497
10.532 10.419522820285108 -13.776568804218497
10.532999999999999 10.418628641878867 -13.776568804218497
10.534000000000001 10.417734569188365 -13.776568804218497
10.535 10.416840602191714 -13.776568804218497
10.536 10.415946740867019 -13.776568804218497
10.537000000000001 10.415052985192395 -13.776568804218497
10.538 10.414159335145968 -13.776568804218497
10.539 10.413265790705863 -13.776568804218497
10.539999999999999 10.412372351850221 -13.776568804218497
10.541 10.411479018557184 -13.776568804218497
10.542 10.4105857908049 -13.776568804218497
10.542999999999999 10.40969266857153 -13.776568804218497
10.544 10.408799651835233 -13.776568804218497
10.545 10.407906740574182 -13.776568804218497
10.545999999999999 10.407013934766553 -13.776568804218497
10.547000000000001 10.406121234390525 -13.776568804218497
10.548 10.405228639424296 -13.776568804218497
10.548999999999999 10.40433614984606 -13.776568804218497
10.550000000000001 10.403443765634018 -13.776568804218497
10.551 10.402551486766384 -13.776568804218497
10.552 10.401659313221373 -13.776568804218497
10.553000000000001 10.400767244977208 -13.776568804218497
10.554 10.399875282012122 -13.776568804218497
10.555 10.398983424304351 -13.776568804218497
10.556000000000001 10.398091671832136 -13.776568804218497
10.557 10.397200024573731 -13.776568804218497
10.558 10.396308482507393 -13.776568804218497
10.558999999999999 10.395417045611387 -13.776568804218497
10.56 10.394525713863978 -13.776568804218497
10.561 10.39363448724345 -13.776568804218497
10.561999999999999 10.39274336572808 -13.776568804218497
10.563000000000001 10.391852349296164 -13.776568804218497
10.564 10.390961437926 -13.776568804218497
10.565 10.390070631595886 -13.776568804218497
10.566000000000001 10.389179930284135 -13.776568804218497
10.567 10.38828933396907 -13.776568804218497
10.568 10.387398842629006 -13.776568804218497
10.569000000000001 10.386508456242275 -13.776568804218497
10.57 10.38561817478722 -13.776568804218497
10.571 10.38472799824218 -13.776568804218497
10.571999999999999 10.38383792658551 -13.776568804218497
10.573 10.38294795979556 -13.776568804218497
10.574 10.382058097850699 -13.776568804218497
10.574999999999999 10.381168340729294 -13.776568804218497
10.576000000000001 10.380278688409724 -13.776568804218497
10.577 10.379389140870375 -13.776568804218497
10.577999999999999 10.37849969808963 -13.776568804218497
10.579000000000001 10.377610360045894 -13.776568804218497
10.58 10.376721126717568 -13.776568804218497
10.581 10.37583199808306 -13.776568804218497
10.582000000000001 10.374942974120785 -13.776568804218497
10.583 10.374054054809172 -13.776568804218497
10.584 10.373165240126646 -13.776568804218497
10.585000000000001 10.372276530051648 -13.776568804218497
10.586 10.371387924562617 -13.776568804218497
10.587 10.370499423638005 -13.776568804218497
10.587999999999999 10.369611027256271 -13.776568804218497
10.589 10.368722735395869 -13.776568804218497
10.59 10.367834548035278 -13.776568804218497
10.590999999999999 10.366946465152969 -13.776568804218497
10.592000000000001 10.366058486727425 -13.776568804218497
10.593 10.365170612737142 -13.776568804218497
10.593999999999999 10.364282843160607 -13.776568804218497
10.595000000000001 10.363395177976326 -13.776568804218497
10.596 10.362507617162805 -13.776568804218497
10.597 10.361620160698568 -13.776568804218497
10.598000000000001 10.36073280856213 -13.776568804218497
10.599 10.359845560732021 -13.776568804218497
10.6 10.358958417186775 -13.776568804218497
10.600999999999999 10.358071377904938 -13.776568804218497
10.602 10.357184442865057 -13.776568804218497
10.603 10.356297612045685 -13.776568804218497
10.603999999999999 10.355410885425387 -13.776568804218497
10.605 10.354524262982727 -13.776568804218497
10.606 10.353637744696282 -13.776568804218497
10.606999999999999 10.352751330544637 -13.776568804218497
10.608000000000001 10.35186502050637 -13.776568804218497
10.609 10.350978814560087 -13.776568804218497
10.609999999999999 10.350092712684379 -13.776568804218497
10.611000000000001 10.349206714857857 -13.776568804218497
10.612 10.34832082105914 -13.776568804218497
10.613 10.347435031266842 -13.776568804218497
10.614000000000001 10.346549345459591 -13.776568804218497
10.615 10.345663763616022 -13.776568804218497
10.616 10.344778285714776 -13.776568804218497
10.617000000000001 10.343892911734498 -13.776568804218497
10.618 10.343007641653841 -13.776568804218497
10.619 10.342122475451466 -13.776568804218497
10.619999999999999 10.34123741310604 -13.776568804218497
10.621 10.34035245459623 -13.776568804218497
10.622 10.33946759990072 -13.776568804218497
10.622999999999999 10.338582848998199 -13.776568804218497
10.624000000000001 10.337698201867349 -13.776568804218497
10.625 10.336813658486877 -13.776568804218497
10.625999999999999 10.335929218835487 -13.776568804218497
10.627000000000001 10.335044882891889 -13.776568804218497
10.628 10.334160650634802 -13.776568804218497
10.629 10.333276522042953 -13.776568804218497
10.630000000000001 10.332392497095066 -13.776568804218497
10.631 10.331508575769885 -13.776568804218497
10.632 10.330624758046152 -13.776568804218497
10.632999999999999 10.32974104390262 -13.776568804218497
10.634 10.328857433318044 -13.776568804218497
10.635 10.327973926271188 -13.776568804218497
10.635999999999999 10.327090522740823 -13.776568804218497
10.637 10.326207222705721 -13.776568804218497
10.638 10.325324026144669 -13.776568804218497
10.638999999999999 10.324440933036456 -13.776568804218497
10.640000000000001 10.323557943359878 -13.776568804218497
10.641 10.322675057093736 -13.776568804218497
10.641999999999999 10.321792274216843 -13.776568804218497
10.643000000000001 10.320909594708008 -13.776568804218497
10.644 10.320027018546057 -13.776568804218497
10.645 10.31914454570982 -13.776568804218497
10.646000000000001 10.318262176178123 -13.776568804218497
10.647 10.317379909929818 -13.776568804218497
10.648 10.316497746943744 -13.776568804218497
10.649000000000001 10.315615687198758 -13.776568804218497
10.65 10.314733730673725 -13.776568804218497
10.651 10.313851877347506 -13.776568804218497
10.651999999999999 10.312970127198975 -13.776568804218497
10.653 10.312088480207011 -13.776568804218497
10.654 10.311206936350503 -13.776568804218497
10.654999999999999 10.310325495608343 -13.776568804218497
10.656000000000001 10.309444157959428 -13.776568804218497
10.657 10.308562923382665 -13.776568804218497
10.657999999999999 10.307681791856966 -13.776568804218497
10.659000000000001 10.306800763361247 -13.776568804218497
10.66 10.305919837874436 -13.776568804218497
10.661 10.30503901537546 -13.776568804218497
10.662000000000001 10.304158295843258 -13.776568804218497
10.663 10.303277679256778 -13.776568804218497
10.664 10.302397165594964 -13.776568804218497
10.664999999999999 10.301516754836779 -13.776568804218497
10.666 10.30063644696118 -13.776568804218497
10.667 10.299756241947138 -13.776568804218497
10.667999999999999 10.298876139773631 -13.776568804218497
10.669 10.297996140419638 -13.776568804218497
10.67 10.297116243864151 -13.776568804218497
10.670999999999999 10.296236450086164 -13.776568804218497
10.672000000000001 10.295356759064676 -13.776568804218497
10.673 10.294477170778698 -13.776568804218497
10.673999999999999 10.293597685207244 -13.776568804218497
10.675000000000001 10.292718302329328 -13.776568804218497
10.676 10.291839022123987 -13.776568804218497
10.677 10.290959844570247 -13.776568804218497
10.678000000000001 10.290080769647151 -13.776568804218497
10.679 10.289201797333742 -13.776568804218497
10.68 10.288322927609077 -13.776568804218497
10.681000000000001 10.287444160452207 -13.776568804218497
10.682 10.286565495842206 -13.776568804218497
10.683 10.285686933758138 -13.776568804218497
10.683999999999999 10.284808474179087 -13.776568804218497
10.685 10.283930117084129 -13.776568804218497
10.686 10.283051862452364 -13.776568804218497
10.686999999999999 10.282173710262883 -13.776568804218497
10.688000000000001 10.281295660494786 -13.776568804218497
10.689 10.280417713127189 -13.776568804218497
10.69 10.279539868139207 -13.776568804218497
10.691000000000001 10.278662125509959 -13.776568804218497
10.692 10.277784485218573 -13.776568804218497
10.693 10.276906947244189 -13.776568804218497
10.694000000000001 10.276029511565943 -13.776568804218497
10.695 10.275152178162982 -13.776568804218497
10.696 10.274274947014465 -13.776568804218497
10.696999999999999 10.273397818099548 -13.776568804218497
10.698 10.272520791397394 -13.776568804218497
10.699 10.271643866887183 -13.776568804218497
10.699999999999999 10.270767044548091 -13.776568804218497
10.701000000000001 10.2698903243593 -13.776568804218497
10.702 10.269013706300006 -13.776568804218497
10.702999999999999 10.268137190349407 -13.776568804218497
10.704000000000001 10.267260776486703 -13.776568804218497
10.705 10.266384464691106 -13.776568804218497
10.706 10.265508254941837 -13.776568804218497
10.707000000000001 10.264632147218114 -13.776568804218497
10.708 10.263756141499169 -13.776568804218497
10.709 10.262880237764234 -13.776568804218497
10.710000000000001 10.262004435992555 -13.776568804218497
10.711 10.261128736163379 -13.776568804218497
10.712 10.26025313825596 -13.776568804218497
10.712999999999999 10.259377642249561 -13.776568804218497
10.714 10.258502248123442 -13.776568804218497
10.715 10.257626955856885 -13.776568804218497
10.715999999999999 10.256751765429167 -13.776568804218497
10.717000000000001 10.255876676819568 -13.776568804218497
10.718 10.255001690007385 -13.776568804218497
10.718999999999999 10.25412680497192 -13.776568804218497
10.720000000000001 10.253252021692468 -13.776568804218497
10.721 10.25237734014835 -13.776568804218497
10.722 10.251502760318878 -13.776568804218497
10.723000000000001 10.250628282183374 -13.776568804218497
10.724 10.249753905721171 -13.776568804218497
10.725 10.248879630911603 -13.776568804218497
10.725999999999999 10.248005457734012 -13.776568804218497
10.727 10.247131386167746 -13.776568804218497
10.728 10.24625741619216 -13.776568804218497
10.728999999999999 10.245383547786618 -13.776568804218497
10.73 10.24450978093048 -13.776568804218497
10.731 10.243636115603127 -13.776568804218497
10.731999999999999 10.242762551783933 -13.776568804218497
10.733000000000001 10.241889089452284 -13.776568804218497
10.734 10.241015728587579 -13.776568804218497
10.734999999999999 10.240142469169207 -13.776568804218497
10.736000000000001 10.239269311176574 -13.776568804218497
10.737 10.238396254589095 -13.776568804218497
10.738 10.237523299386186 -13.776568804218497
10.739000000000001 10.236650445547266 -13.776568804218497
10.74 10.235777693051768 -13.776568804218497
10.741 10.234905041879125 -13.776568804218497
10.742000000000001 10.234032492008781 -13.776568804218497
10.743 10.233160043420181 -13.776568804218497
10.744 10.232287696092783 -13.776568804218497
10.744999999999999 10.231415450006045 -13.776568804218497
10.746 10.230543305139431 -13.776568804218497
10.747 10.229671261472419 -13.776568804218497
10.747999999999999 10.228799318984482 -13.776568804218497
10.749000000000001 10.227927477655108 -13.776568804218497
10.75 10.227055737463788 -13.776568804218497
10.750999999999999 10.226184098390023 -13.776568804218497
10.752000000000001 10.225312560413307 -13.776568804218497
10.753 10.224441123513158 -13.776568804218497
10.754 10.223569787669092 -13.776568804218497
10.755000000000001 10.222698552860626 -13.776568804218497
10.756 10.22182741906729 -13.776568804218497
10.757 10.220956386268622 -13.776568804218497
10.757999999999999 10.220085454444158 -13.776568804218497
10.759 10.219214623573446 -13.776568804218497
10.76 10.218343893636039 -13.776568804218497
10.760999999999999 10.217473264611495 -13.776568804218497
10.762 10.216602736479382 -13.776568804218497
10.763 10.215732309219272 -13.776568804218497
10.763999999999999 10.214861982810737 -13.776568804218497
10.765000000000001 10.213991757233364 -13.776568804218497
10.766 10.213121632466745 -13.776568804218497
10.766999999999999 10.212251608490472 -13.776568804218497
10.768000000000001 10.211381685284149 -13.776568804218497
10.769 10.210511862827383 -13.776568804218497
10.77 10.209642141099792 -13.776568804218497
10.771000000000001 10.208772520080991 -13.776568804218497
10.772 10.20790299975061 -13.776568804218497
10.773 10.207033580088281 -13.776568804218497
10.774000000000001 10.206164261073642 -13.776568804218497
10.775 10.205295042686339 -13.776568804218497
10.776 10.204425924906024 -13.776568804218497
10.776999999999999 10.203556907712354 -13.776568804218497
10.778 10.202687991084989 -13.776568804218497
10.779 10.201819175003601 -13.776568804218497
10.779999999999999 10.200950459447867 -13.776568804218497
10.781000000000001 10.200081844397465 -13.776568804218497
10.782 10.199213329832086 -13.776568804218497
10.782999999999999 10.198344915731422 -13.776568804218497
10.784000000000001 10.197476602075172 -13.776568804218497
10.785 10.196608388843044 -13.776568804218497
10.786 10.195740276014751 -13.776568804218497
10.787000000000001 10.194872263570009 -13.776568804218497
10.788 10.194004351488543 -13.776568804218497
10.789 10.193136539750085 -13.776568804218497
10.789999999999999 10.192268828334372 -13.776568804218497
10.791 10.19140121722114 -13.776568804218497
10.792 10.190533706390145 -13.776568804218497
10.792999999999999 10.189666295821139 -13.776568804218497
10.794 10.188798985493882 -13.776568804218497
10.795 10.18793177538814 -13.776568804218497
10.795999999999999 10.187064665483691 -13.776568804218497
10.797000000000001 10.18619765576031 -13.776568804218497
10.798 10.185330746197785 -13.776568804218497
10.798999999999999 10.184463936775902 -13.776568804218497
10.800000000000001 10.18359722747446 -13.776568804218497
10.801 10.182730618273267 -13.776568804218497
10.802 10.181864109152128 -13.776568804218497
10.803000000000001 10.18099770009086 -13.776568804218497
10.804 10.180131391069281 -13.776568804218497
10.805 10.179265182067224 -13.776568804218497
10.806000000000001 10.178399073064517 -13.776568804218497
10.807 10.177533064041006 -13.776568804218497
10.808 10.176667154976531 -13.776568804218497
10.808999999999999 10.175801345850946 -13.776568804218497
10.81 10.174935636644108 -13.776568804218497
10.811 10.174070027335883 -13.776568804218497
10.811999999999999 10.173204517906136 -13.776568804218497
10.813000000000001 10.172339108334747 -13.776568804218497
10.814 10.171473798601594 -13.776568804218497
10.815 10.170608588686571 -13.776568804218497
10.816000000000001 10.169743478569565 -13.776568804218497
10.817 10.168878468230481 -13.776568804218497
10.818 10.168013557649225 -13.776568804218497
10.819000000000001 10.167148746805703 -13.776568804218497
10.82 10.166284035679839 -13.776568804218497
10.821 10.165419424251557 -13.776568804218497
10.821999999999999 10.164554912500781 -13.776568804218497
10.823 10.163690500407453 -13.776568804218497
10.824 10.162826187951513 -13.776568804218497
10.824999999999999 10.161961975112908 -13.776568804218497
10.826000000000001 10.161097861871591 -13.776568804218497
10.827 10.160233848207525 -13.776568804218497
10.827999999999999 10.159369934100678 -13.776568804218497
10.829000000000001 10.158506119531014 -13.776568804218497
10.83 10.157642404478514 -13.776568804218497
10.831 10.15677878892317 -13.776568804218497
10.832000000000001 10.155915272844959 -13.776568804218497
10.833 10.155051856223887 -13.776568804218497
10.834 10.154188539039952 -13.776568804218497
10.835000000000001 10.153325321273162 -13.776568804218497
10.836 10.15246220290353 -13.776568804218497
10.837 10.151599183911078 -13.776568804218497
10.837999999999999 10.15073626427583 -13.776568804218497
10.839 10.149873443977816 -13.776568804218497
10.84 10.149010722997078 -13.776568804218497
10.840999999999999 10.148148101313661 -13.776568804218497
10.842000000000001 10.147285578907603 -13.776568804218497
10.843 10.146423155758974 -13.776568804218497
10.843999999999999 10.145560831847828 -13.776568804218497
10.845000000000001 10.144698607154233 -13.776568804218497
10.846 10.143836481658266 -13.776568804218497
10.847 10.142974455340001 -13.776568804218497
10.848000000000001 10.142112528179526 -13.776568804218497
10.849 10.141250700156936 -13.776568804218497
10.85 10.140388971252321 -13.776568804218497
10.850999999999999 10.13952734144579 -13.776568804218497
10.852 10.138665810717448 -13.776568804218497
10.853 10.137804379047417 -13.776568804218497
10.853999999999999 10.136943046415809 -13.776568804218497
10.855 10.136081812802752 -13.776568804218497
10.856 10.135220678188386 -13.776568804218497
10.856999999999999 10.134359642552846 -13.776568804218497
10.858000000000001 10.133498705876272 -13.776568804218497
10.859 10.132637868138824 -13.776568804218497
10.859999999999999 10.13177712932065 -13.776568804218497
10.861000000000001 10.130916489401917 -13.776568804218497
10.862 10.130055948362791 -13.776568804218497
10.863 10.12919550618345 -13.776568804218497
10.864000000000001 10.128335162844069 -13.776568804218497
10.865 10.127474918324841 -13.776568804218497
10.866 10.126614772605951 -13.776568804218497
10.867000000000001 10.125754725667599 -13.776568804218497
10.868 10.124894777489988 -13.776568804218497
10.869 10.124034928053334 -13.776568804218497
10.869999999999999 10.123175177337846 -13.776568804218497
10.871 10.122315525323746 -13.776568804218497
10.872 10.121455971991264 -13.776568804218497
10.872999999999999 10.120596517320632 -13.776568804218497
10.874000000000001 10.119737161292088 -13.776568804218497
10.875 10.118877903885876 -13.776568804218497
10.875999999999999 10.118018745082253 -13.776568804218497
10.877000000000001 10.11715968486147 -13.776568804218497
10.878 10.116300723203791 -13.776568804218497
10.879 10.115441860089488 -13.776568804218497
10.880000000000001 10.114583095498828 -13.776568804218497
10.881 10.113724429412102 -13.776568804218497
10.882 10.112865861809585 -13.776568804218497
10.882999999999999 10.112007392671577 -13.776568804218497
10.884 10.111149021978369 -13.776568804218497
10.885 10.110290749710273 -13.776568804218497
10.885999999999999 10.10943257584759 -13.776568804218497
10.887 10.108574500370642 -13.776568804218497
10.888 10.107716523259748 -13.776568804218497
10.888999999999999 10.106858644495237 -13.776568804218497
10.890000000000001 10.106000864057437 -13.776568804218497
10.891 10.105143181926692 -13.776568804218497
10.891999999999999 10.104285598083344 -13.776568804218497
10.893000000000001 10.103428112507746 -13.776568804218497
10.894 10.10257072518025 -13.776568804218497
10.895 10.101713436081223 -13.776568804218497
10.896000000000001 10.10085624519103 -13.776568804218497
10.897 10.099999152490048 -13.776568804218497
10.898 10.099142157958655 -13.776568804218497
10.899000000000001 10.09828526157723 -13.776568804218497
10.9 10.097428463326178 -13.776568804218497
10.901 10.096571763185887 -13.776568804218497
10.901999999999999 10.095715161136763 -13.776568804218497
10.903 10.094858657159209 -13.776568804218497
10.904 10.094002251233647 -13.776568804218497
10.904999999999999 10.093145943340495 -13.776568804218497
10.906000000000001 10.092289733460179 -13.776568804218497
10.907 10.091433621573131 -13.776568804218497
10.907999999999999 10.090577607659792 -13.776568804218497
10.909000000000001 10.0897216917006 -13.776568804218497
10.91 10.088865873676008 -13.776568804218497
10.911 10.08801015356647 -13.776568804218497
10.912000000000001 10.08715453135245 -13.776568804218497
10.913 10.086299007014413 -13.776568804218497
10.914 10.085443580532829 -13.776568804218497
10.914999999999999 10.084588251888182 -13.776568804218497
10.916 10.083733021060949 -13.776568804218497
10.917 10.082877888031627 -13.776568804218497
10.917999999999999 10.082022852780712 -13.776568804218497
10.919 10.081167915288699 -13.776568804218497
10.92 10.0803130755361 -13.776568804218497
10.920999999999999 10.07945833350343 -13.776568804218497
10.922000000000001 10.078603689171201 -13.776568804218497
10.923 10.077749142519945 -13.776568804218497
10.923999999999999 10.076894693530193 -13.776568804218497
10.925000000000001 10.076040342182473 -13.776568804218497
10.926 10.075186088457336 -13.776568804218497
10.927 10.074331932335321 -13.776568804218497
10.928000000000001 10.073477873796989 -13.776568804218497
10.929 10.0726239128229 -13.776568804218497
10.93 10.071770049393614 -13.776568804218497
10.931000000000001 10.070916283489701 -13.776568804218497
10.932 10.070062615091745 -13.776568804218497
10.933 10.069209044180324 -13.776568804218497
10.933999999999999 10.068355570736024 -13.776568804218497
10.935 10.067502194739442 -13.776568804218497
10.936 10.066648916171173 -13.776568804218497
10.936999999999999 10.065795735011831 -13.776568804218497
10.938000000000001 10.064942651242019 -13.776568804218497
10.939 10.06408966484236 -13.776568804218497
10.94 10.06323677579347 -13.776568804218497
10.941000000000001 10.062383984075979 -13.776568804218497
10.942 10.061531289670526 -13.776568804218497
10.943 10.060678692557747 -13.776568804218497
10.944000000000001 10.059826192718287 -13.776568804218497
10.945 10.0589737901328 -13.776568804218497
10.946 10.058121484781942 -13.776568804218497
10.946999999999999 10.057269276646371 -13.776568804218497
10.948 10.05641716570676 -13.776568804218497
10.949 10.055565151943785 -13.776568804218497
10.949999999999999 10.054713235338122 -13.776568804218497
10.951000000000001 10.053861415870454 -13.776568804218497
10.952 10.05300969352148 -13.776568804218497
10.952999999999999 10.052158068271892 -13.776568804218497
10.954000000000001 10.05130654010239 -13.776568804218497
10.955 10.05045510899369 -13.776568804218497
10.956 10.049603774926501 -13.776568804218497
10.957000000000001 10.048752537881539 -13.776568804218497
10.958 10.047901397839539 -13.776568804218497
10.959 10.047050354781224 -13.776568804218497
10.960000000000001 10.046199408687333 -13.776568804218497
10.961 10.04534855953861 -13.776568804218497
10.962 10.044497807315805 -13.776568804218497
10.962999999999999 10.043647151999668 -13.776568804218497
10.964 10.042796593570957 -13.776568804218497
10.965 10.041946132010441 -13.776568804218497
10.965999999999999 10.04109576729889 -13.776568804218497
10.967000000000001 10.040245499417081 -13.776568804218497
10.968 10.039395328345796 -13.776568804218497
10.968999999999999 10.038545254065822 -13.776568804218497
10.970000000000001 10.037695276557955 -13.776568804218497
10.971 10.036845395802988 -13.776568804218497
10.972 10.035995611781733 -13.776568804218497
10.973000000000001 10.035145924474998 -13.776568804218497
10.974 10.034296333863599 -13.776568804218497
10.975 10.033446839928358 -13.776568804218497
10.975999999999999 10.032597442650104 -13.776568804218497
10.977 10.031748142009667 -13.776568804218497
10.978 10.030898937987887 -13.776568804218497
10.978999999999999 10.030049830565613 -13.776568804218497
10.98 10.029200819723687 -13.776568804218497
10.981 10.028351905442971 -13.776568804218497
10.981999999999999 10.027503087704325 -13.776568804218497
10.983000000000001 10.026654366488613 -13.776568804218497
10.984 10.025805741776711 -13.776568804218497
10.984999999999999 10.024957213549499 -13.776568804218497
10.986000000000001 10.024108781787856 -13.776568804218497
10.987 10.023260446472676 -13.776568804218497
10.988 10.022412207584855 -13.776568804218497
10.989000000000001 10.021564065105286 -13.776568804218497
10.99 10.020716019014884 -13.776568804218497
10.991 10.019868069294557 -13.776568804218497
10.992000000000001 10.019020215925224 -13.776568804218497
10.993 10.018172458887808 -13.776568804218497
10.994 10.017324798163235 -13.776568804218497
10.994999999999999 10.016477233732447 -13.776568804218497
10.996 10.015629765576378 -13.776568804218497
10.997 10.014782393675974 -13.776568804218497
10.997999999999999 10.01393511801219 -13.776568804218497
10.999000000000001 10.013087938565981 -13.776568804218497
11 10.012240855318307 -13.776568804218497
11.000999999999999 10.011393868250142 -13.776568804218497
11.002000000000001 10.010546977342452 -13.776568804218497
11.003 10.009700182576225 -13.776568804218497
11.004 10.008853483932443 -13.776568804218497
11.005000000000001 10.00800688139209 -13.776568804218497
11.006 10.007160374936172 -13.776568804218497
11.007 10.006313964545685 -13.776568804218497
11.007999999999999 10.00546765020164 -13.776568804218497
11.009 10.004621431885043 -13.776568804218497
11.01 10.003775309576923 -13.776568804218497
11.010999999999999 10.002929283258293 -13.776568804218497
11.012 10.002083352910191 -13.776568804218497
11.013 10.00123751851365 -13.776568804218497
11.013999999999999 10.000391780049711 -13.776568804218497
11.015000000000001 9.9995461374994132 -13.776568804218497
11.016 9.9987005908438213 -13.776568804218497
11.016999999999999 9.9978551400639848 -13.776568804218497
11.018000000000001 9.9970097851409658 -13.776568804218497
11.019 9.9961645260558392 -13.776568804218497
11.02 9.9953193627896724 -13.776568804218497
11.021000000000001 9.9944742953235473 -13.776568804218497
11.022 9.9936293236385527 -13.776568804218497
11.023 9.9927844477157777 -13.776568804218497
11.024000000000001 9.9919396675363146 -13.776568804218497
11.025 9.9910949830812719 -13.776568804218497
11.026 9.9902503943317509 -13.776568804218497
11.026999999999999 9.9894059012688707 -13.776568804218497
11.028 9.9885615038737434 -13.776568804218497
11.029 9.9877172021274987 -13.776568804218497
11.029999999999999 9.9868729960112645 -13.776568804218497
11.031000000000001 9.9860288855061743 -13.776568804218497
11.032 9.9851848705933701 -13.776568804218497
11.032999999999999 9.9843409512539978 -13.776568804218497
11.034000000000001 9.9834971274692084 -13.776568804218497
11.035 9.9826533992201618 -13.776568804218497
11.036 9.9818097664880217 -13.776568804218497
11.036999999999999 9.9809662292539532 -13.776568804218497
11.038 9.9801227874991287 -13.776568804218497
11.039 9.9792794412047314 -13.776568804218497
11.039999999999999 9.9784361903519461 -13.776568804218497
11.041 9.9775930349219575 -13.776568804218497
11.042 9.9767499748959718 -13.776568804218497
11.042999999999999 9.975907010255181 -13.776568804218497
11.044 9.9750641409807947 -13.776568804218497
11.045 9.9742213670540316 -13.776568804218497
11.045999999999999 9.9733786884561013 -13.776568804218497
11.047000000000001 9.9725361051682295 -13.776568804218497
11.048 9.971693617171649 -13.776568804218497
11.048999999999999 9.9708512244475909 -13.776568804218497
11.050000000000001 9.9700089269772949 -13.776568804218497
11.051 9.9691667247420064 -13.776568804218497
11.052 9.9683246177229794 -13.776568804218497
11.053000000000001 9.9674826059014663 -13.776568804218497
11.054 9.96664068925873 -13.776568804218497
11.055 9.9657988677760407 -13.776568804218497
11.056000000000001 9.9649571414346685 -13.776568804218497
11.057 9.964115510215894 -13.776568804218497
11.058 9.9632739741009981 -13.776568804218497
11.058999999999999 9.9624325330712722 -13.776568804218497
11.06 9.9615911871080094 -13.776568804218497
11.061 9.9607499361925136 -13.776568804218497
11.061999999999999 9.9599087803060868 -13.776568804218497
11.063000000000001 9.9590677194300383 -13.776568804218497
11.064 9.9582267535456932 -13.776568804218497
11.065 9.9573858826343642 -13.776568804218497
11.066000000000001 9.9565451066773836 -13.776568804218497
11.067 9.9557044256560854 -13.776568804218497
11.068 9.9548638395518054 -13.776568804218497
11.068999999999999 9.9540233483458884 -13.776568804218497
11.07 9.9531829520196862 -13.776568804218497
11.071 9.9523426505545505 -13.776568804218497
11.071999999999999 9.9515024439318402 -13.776568804218497
11.073 9.9506623321329251 -13.776568804218497
11.074 9.9498223151391763 -13.776568804218497
11.074999999999999 9.9489823929319652 -13.776568804218497
11.076000000000001 9.9481425654926809 -13.776568804218497
11.077 9.9473028328027056 -13.776568804218497
11.077999999999999 9.946463194843437 -13.776568804218497
11.079000000000001 9.9456236515962662 -13.776568804218497
11.08 9.9447842030426052 -13.776568804218497
11.081 9.9439448491638576 -13.776568804218497
11.082000000000001 9.9431055899414407 -13.776568804218497
11.083 9.9422664253567756 -13.776568804218497
11.084 9.9414273553912818 -13.776568804218497
11.085000000000001 9.9405883800263961 -13.776568804218497
11.086 9.939749499243554 -13.776568804218497
11.087 9.9389107130241978 -13.776568804218497
11.088000000000001 9.93807202134977 -13.776568804218497
11.089 9.9372334242017288 -13.776568804218497
11.09 9.936394921561531 -13.776568804218497
11.090999999999999 9.9355565134106367 -13.776568804218497
11.092000000000001 9.9347181997305167 -13.776568804218497
11.093 9.9338799805026472 -13.776568804218497
11.093999999999999 9.9330418557085061 -13.776568804218497
11.095000000000001 9.9322038253295766 -13.776568804218497
11.096 9.9313658893473526 -13.776568804218497
11.097 9.9305280477433282 -13.776568804218497
11.098000000000001 9.9296903004990025 -13.776568804218497
11.099 9.9288526475958854 -13.776568804218497
11.1 9.9280150890154886 -13.776568804218497
11.100999999999999 9.9271776247393291 -13.776568804218497
11.102 9.9263402547489257 -13.776568804218497
11.103 9.9255029790258149 -13.776568804218497
11.103999999999999 9.9246657975515209 -13.776568804218497
11.105 9.9238287103075873 -13.776568804218497
11.106 9.9229917172755613 -13.776568804218497
11.106999999999999 9.9221548184369883 -13.776568804218497
11.108000000000001 9.9213180137734209 -13.776568804218497
11.109 9.9204813032664259 -13.776568804218497
11.109999999999999 9.9196446868975663 -13.776568804218497
11.111000000000001 9.9188081646484108 -13.776568804218497
11.112 9.9179717365005402 -13.776568804218497
11.113 9.917135402435532 -13.776568804218497
11.114000000000001 9.9162991624349761 -13.776568804218497
11.115 9.9154630164804676 -13.776568804218497
11.116 9.9146269645535998 -13.776568804218497
11.117000000000001 9.9137910066359751 -13.776568804218497
11.118 9.9129551427092064 -13.776568804218497
11.119 9.9121193727549084 -13.776568804218497
11.120000000000001 9.911283696754694 -13.776568804218497
11.121 9.9104481146901939 -13.776568804218497
11.122 9.9096126265430353 -13.776568804218497
11.122999999999999 9.9087772322948542 -13.776568804218497
11.124000000000001 9.9079419319272919 -13.776568804218497
11.125 9.9071067254219933 -13.776568804218497
11.125999999999999 9.9062716127606123 -13.776568804218497
11.127000000000001 9.9054365939248026 -13.776568804218497
11.128 9.9046016688962251 -13.776568804218497
11.129 9.9037668376565531 -13.776568804218497
11.130000000000001 9.9029321001874511 -13.776568804218497
11.131 9.9020974564706048 -13.776568804218497
11.132 9.9012629064876929 -13.776568804218497
11.132999999999999 9.9004284502204065 -13.776568804218497
11.134 9.8995940876504385 -13.776568804218497
11.135 9.8987598187594887 -13.776568804218497
11.135999999999999 9.8979256435292609 -13.776568804218497
11.137 9.8970915619414637 -13.776568804218497
11.138 9.8962575739778131 -13.776568804218497
11.138999999999999 9.8954236796200341 -13.776568804218497
11.140000000000001 9.8945898788498461 -13.776568804218497
11.141 9.8937561716489846 -13.776568804218497
11.141999999999999 9.8929225579991851 -13.776568804218497
11.143000000000001 9.8920890378821866 -13.776568804218497
11.144 9.8912556112797407 -13.776568804218497
11.145 9.8904222781735989 -13.776568804218497
11.146000000000001 9.8895890385455107 -13.776568804218497
11.147 9.8887558923772545 -13.776568804218497
11.148 9.8879228396505852 -13.776568804218497
11.149000000000001 9.8870898803472773 -13.776568804218497
11.15 9.886257014449118 -13.776568804218497
11.151 9.8854242419378853 -13.776568804218497
11.152000000000001 9.884591562795368 -13.776568804218497
11.153 9.8837589770033656 -13.776568804218497
11.154 9.8829264845436757 -13.776568804218497
11.154999999999999 9.8820940853981014 -13.776568804218497
11.156000000000001 9.881261779548451 -13.776568804218497
11.157 9.8804295669765487 -13.776568804218497
11.157999999999999 9.8795974476642083 -13.776568804218497
11.159000000000001 9.8787654215932577 -13.776568804218497
11.16 9.8779334887455299 -13.776568804218497
11.161 9.8771016491028618 -13.776568804218497
11.161999999999999 9.8762699026470937 -13.776568804218497
11.163 9.8754382493600747 -13.776568804218497
11.164 9.8746066892236541 -13.776568804218497
11.164999999999999 9.8737752222196953 -13.776568804218497
11.166 9.8729438483300562 -13.776568804218497
11.167 9.8721125675366093 -13.776568804218497
11.167999999999999 9.8712813798212249 -13.776568804218497
11.169 9.8704502851657825 -13.776568804218497
11.17 9.8696192835521686 -13.776568804218497
11.170999999999999 9.8687883749622696 -13.776568804218497
11.172000000000001 9.8679575593779809 -13.776568804218497
11.173 9.8671268367812015 -13.776568804218497
11.173999999999999 9.8662962071538409 -13.776568804218497
11.175000000000001 9.8654656704778034 -13.776568804218497
11.176 9.8646352267350075 -13.776568804218497
11.177 9.8638048759073751 -13.776568804218497
11.178000000000001 9.8629746179768301 -13.776568804218497
11.179 9.8621444529253033 -13.776568804218497
11.18 9.8613143807347345 -13.776568804218497
11.181000000000001 9.8604844013870601 -13.776568804218497
11.182 9.8596545148642338 -13.776568804218497
11.183 9.8588247211482027 -13.776568804218497
11.183999999999999 9.8579950202209243 -13.776568804218497
11.185 9.8571654120643615 -13.776568804218497
11.186 9.8563358966604842 -13.776568804218497
11.186999999999999 9.8555064739912641 -13.776568804218497
11.188000000000001 9.8546771440386767 -13.776568804218497
11.189 9.8538479067847113 -13.776568804218497
11.19 9.8530187622113505 -13.776568804218497
11.191000000000001 9.8521897103005909 -13.776568804218497
11.192 9.8513607510344343 -13.776568804218497
11.193 9.8505318843948793 -13.776568804218497
11.193999999999999 9.8497031103639401 -13.776568804218497
11.195 9.8488744289236259 -13.776568804218497
11.196 9.8480458400559581 -13.776568804218497
11.196999999999999 9.8472173437429671 -13.776568804218497
11.198 9.846388939966678 -13.776568804218497
11.199 9.8455606287091264 -13.776568804218497
11.199999999999999 9.844732409952357 -13.776568804218497
11.201000000000001 9.8439042836784072 -13.776568804218497
11.202 9.843076249869334 -13.776568804218497
11.202999999999999 9.8422483085071963 -13.776568804218497
11.204000000000001 9.8414204595740475 -13.776568804218497
11.205 9.8405927030519607 -13.776568804218497
11.206 9.8397650389230034 -13.776568804218497
11.207000000000001 9.838937467169254 -13.776568804218497
11.208 9.8381099877727944 -13.776568804218497
11.209 9.8372826007157137 -13.776568804218497
11.210000000000001 9.8364553059800972 -13.776568804218497
11.211 9.8356281035480517 -13.776568804218497
11.212 9.8348009934016751 -13.776568804218497
11.213000000000001 9.8339739755230706 -13.776568804218497
11.214 9.8331470498943627 -13.776568804218497
11.215 9.83232021649766 -13.776568804218497
11.215999999999999 9.8314934753150869 -13.776568804218497
11.217000000000001 9.8306668263287733 -13.776568804218497
11.218 9.8298402695208544 -13.776568804218497
11.218999999999999 9.8290138048734672 -13.776568804218497
11.220000000000001 9.8281874323687539 -13.776568804218497
11.221 9.8273611519888675 -13.776568804218497
11.222 9.8265349637159609 -13.776568804218497
11.223000000000001 9.8257088675321906 -13.776568804218497
11.224 9.8248828634197221 -13.776568804218497
11.225 9.8240569513607277 -13.776568804218497
11.225999999999999 9.8232311313373781 -13.776568804218497
11.227 9.8224054033318531 -13.776568804218497
11.228 9.8215797673263427 -13.776568804218497
11.228999999999999 9.820754223303032 -13.776568804218497
11.23 9.8199287712441183 -13.776568804218497
11.231 9.8191034111318025 -13.776568804218497
11.231999999999999 9.8182781429482873 -13.776568804218497
11.233000000000001 9.8174529666757842 -13.776568804218497
11.234 9.8166278822965136 -13.776568804218497
11.234999999999999 9.8158028897926908 -13.776568804218497
11.236000000000001 9.8149779891465414 -13.776568804218497
11.237 9.8141531803403002 -13.776568804218497
11.238 9.8133284633562017 -13.776568804218497
11.239000000000001 9.812503838176486 -13.776568804218497
11.24 9.8116793047833983 -13.776568804218497
11.241 9.8108548631591983 -13.776568804218497
11.242000000000001 9.8100305132861294 -13.776568804218497
11.243 9.8092062551464636 -13.776568804218497
11.244 9.8083820887224658 -13.776568804218497
11.245000000000001 9.807558013996406 -13.776568804218497
11.246 9.80673403095056 -13.776568804218497
11.247 9.8059101395672101 -13.776568804218497
11.247999999999999 9.8050863398286463 -13.776568804218497
11.249000000000001 9.8042626317171582 -13.776568804218497
11.25 9.8034390152150461 -13.776568804218497
11.250999999999999 9.8026154903046088 -13.776568804218497
11.252000000000001 9.8017920569681571 -13.776568804218497
11.253 9.8009687151879987 -13.776568804218497
11.254 9.8001454649464588 -13.776568804218497
11.255000000000001 9.7993223062258519 -13.776568804218497
11.256 9.7984992390085122 -13.776568804218497
11.257 9.7976762632767702 -13.776568804218497
11.257999999999999 9.7968533790129637 -13.776568804218497
11.259 9.7960305861994321 -13.776568804218497
11.26 9.7952078848185327 -13.776568804218497
11.260999999999999 9.7943852748526083 -13.776568804218497
11.262 9.7935627562840253 -13.776568804218497
11.263 9.7927403290951425 -13.776568804218497
11.263999999999999 9.7919179932683296 -13.776568804218497
11.265000000000001 9.791095748785958 -13.776568804218497
11.266 9.7902735956304081 -13.776568804218497
11.266999999999999 9.7894515337840655 -13.776568804218497
11.268000000000001 9.7886295632293123 -13.776568804218497
11.269 9.7878076839485466 -13.776568804218497
11.27 9.78698589592417 -13.776568804218497
11.271000000000001 9.7861641991385806 -13.776568804218497
11.272 9.7853425935741942 -13.776568804218497
11.273 9.7845210792134143 -13.776568804218497
11.274000000000001 9.7836996560386655 -13.776568804218497
11.275 9.7828783240323745 -13.776568804218497
11.276 9.7820570831769675 -13.776568804218497
11.277000000000001 9.7812359334548731 -13.776568804218497
11.278 9.7804148748485407 -13.776568804218497
11.279 9.7795939073404057 -13.776568804218497
11.279999999999999 9.778773030912923 -13.776568804218497
11.281000000000001 9.7779522455485424 -13.776568804218497
11.282 9.7771315512297239 -13.776568804218497
11.282999999999999 9.776310947938935 -13.776568804218497
11.284000000000001 9.7754904356586412 -13.776568804218497
11.285 9.774670014371317 -13.776568804218497
11.286 9.773849684059444 -13.776568804218497
11.286999999999999 9.7730294447055037 -13.776568804218497
11.288 9.7722092962919849 -13.776568804218497
11.289 9.7713892388013868 -13.776568804218497
11.289999999999999 9.7705692722162034 -13.776568804218497
11.291 9.7697493965189395 -13.776568804218497
11.292 9.7689296116921049 -13.776568804218497
11.292999999999999 9.7681099177182169 -13.776568804218497
11.294 9.7672903145797907 -13.776568804218497
11.295 9.7664708022593523 -13.776568804218497
11.295999999999999 9.7656513807394347 -13.776568804218497
11.297000000000001 9.7648320500025623 -13.776568804218497
11.298 9.7640128100312822 -13.776568804218497
11.298999999999999 9.76319366080814 -13.776568804218497
11.300000000000001 9.7623746023156794 -13.776568804218497
11.301 9.7615556345364585 -13.776568804218497
11.302 9.760736757453035 -13.776568804218497
11.303000000000001 9.7599179710479707 -13.776568804218497
11.304 9.759099275303841 -13.776568804218497
11.305 9.7582806702032148 -13.776568804218497
11.306000000000001 9.7574621557286711 -13.776568804218497
11.307 9.7566437318628001 -13.776568804218497
11.308 9.7558253985881827 -13.776568804218497
11.308999999999999 9.7550071558874194 -13.776568804218497
11.31 9.7541890037431056 -13.776568804218497
11.311 9.7533709421378454 -13.776568804218497
11.311999999999999 9.75255297105425 -13.776568804218497
11.313000000000001 9.7517350904749325 -13.776568804218497
11.314 9.7509173003825111 -13.776568804218497
11.315 9.7500996007596115 -13.776568804218497
11.316000000000001 9.7492819915888607 -13.776568804218497
11.317 9.7484644728528931 -13.776568804218497
11.318 9.7476470445343466 -13.776568804218497
11.318999999999999 9.7468297066158698 -13.776568804218497
11.32 9.7460124590801023 -13.776568804218497
11.321 9.7451953019097068 -13.776568804218497
11.321999999999999 9.7443782350873356 -13.776568804218497
11.323 9.743561258595653 -13.776568804218497
11.324 9.7427443724173326 -13.776568804218497
11.324999999999999 9.7419275765350424 -13.776568804218497
11.326000000000001 9.7411108709314647 -13.776568804218497
11.327 9.7402942555892782 -13.776568804218497
11.327999999999999 9.7394777304911759 -13.776568804218497
11.329000000000001 9.7386612956198473 -13.776568804218497
11.33 9.7378449509579941 -13.776568804218497
11.331 9.7370286964883164 -13.776568804218497
11.332000000000001 9.7362125321935231 -13.776568804218497
11.333 9.7353964580563286 -13.776568804218497
11.334 9.7345804740594488 -13.776568804218497
11.335000000000001 9.733764580185607 -13.776568804218497
11.336 9.7329487764175315 -13.776568804218497
11.337 9.7321330627379528 -13.776568804218497
11.338000000000001 9.7313174391296098 -13.776568804218497
11.339 9.7305019055752471 -13.776568804218497
11.34 9.7296864620576109 -13.776568804218497
11.340999999999999 9.728871108559451 -13.776568804218497
11.342000000000001 9.7280558450635262 -13.776568804218497
11.343 9.7272406715526003 -13.776568804218497
11.343999999999999 9.7264255880094375 -13.776568804218497
11.345000000000001 9.7256105944168123 -13.776568804218497
11.346 9.7247956907575013 -13.776568804218497
11.347 9.7239808770142862 -13.776568804218497
11.348000000000001 9.7231661531699487 -13.776568804218497
11.349 9.7223515192072867 -13.776568804218497
11.35 9.7215369751090943 -13.776568804218497
11.350999999999999 9.7207225208581729 -13.776568804218497
11.352 9.7199081564373273 -13.776568804218497
11.353 9.7190938818293748 -13.776568804218497
11.353999999999999 9.7182796970171221 -13.776568804218497
11.355 9.7174656019833954 -13.776568804218497
11.356 9.7166515967110225 -13.776568804218497
11.356999999999999 9.7158376811828298 -13.776568804218497
11.358000000000001 9.7150238553816539 -13.776568804218497
11.359 9.7142101192903372 -13.776568804218497
11.359999999999999 9.7133964728917235 -13.776568804218497
11.361000000000001 9.7125829161686603 -13.776568804218497
11.362 9.7117694491040094 -13.776568804218497
11.363 9.7109560716806271 -13.776568804218497
11.364000000000001 9.7101427838813787 -13.776568804218497
11.365 9.7093295856891313 -13.776568804218497
11.366 9.7085164770867625 -13.776568804218497
11.367000000000001 9.7077034580571482 -13.776568804218497
11.368 9.7068905285831786 -13.776568804218497
11.369 9.7060776886477385 -13.776568804218497
11.370000000000001 9.705264938233725 -13.776568804218497
11.371 9.704452277324032 -13.776568804218497
11.372 9.7036397059015673 -13.776568804218497
11.372999999999999 9.7028272239492406 -13.776568804218497
11.374000000000001 9.7020148314499597 -13.776568804218497
11.375 9.7012025283866485 -13.776568804218497
11.375999999999999 9.7003903147422275 -13.776568804218497
11.377000000000001 9.6995781904996239 -13.776568804218497
11.378 9.6987661556417759 -13.776568804218497
11.379 9.6979542101516163 -13.776568804218497
11.380000000000001 9.6971423540120849 -13.776568804218497
11.381 9.6963305872061376 -13.776568804218497
11.382 9.6955189097167196 -13.776568804218497
11.382999999999999 9.694707321526792 -13.776568804218497
11.384 9.6938958226193126 -13.776568804218497
11.385 9.6930844129772513 -13.776568804218497
11.385999999999999 9.6922730925835801 -13.776568804218497
11.387 9.6914618614212706 -13.776568804218497
11.388 9.6906507194733145 -13.776568804218497
11.388999999999999 9.6898396667226852 -13.776568804218497
11.390000000000001 9.6890287031523794 -13.776568804218497
11.391 9.6882178287453957 -13.776568804218497
11.391999999999999 9.6874070434847308 -13.776568804218497
11.393000000000001 9.6865963473533885 -13.776568804218497
11.394 9.685785740334385 -13.776568804218497
11.395 9.6849752224107313 -13.776568804218497
11.396000000000001 9.6841647935654454 -13.776568804218497
11.397 9.6833544537815577 -13.776568804218497
11.398 9.6825442030420916 -13.776568804218497
11.399000000000001 9.6817340413300812 -13.776568804218497
11.4 9.6809239686285729 -13.776568804218497
11.401 9.6801139849206042 -13.776568804218497
11.402000000000001 9.6793040901892251 -13.776568804218497
11.403 9.6784942844174875 -13.776568804218497
11.404 9.6776845675884555 -13.776568804218497
11.404999999999999 9.6768749396851863 -13.776568804218497
11.406000000000001 9.6760654006907476 -13.776568804218497
11.407 9.6752559505882161 -13.776568804218497
11.407999999999999 9.6744465893606666 -13.776568804218497
11.409000000000001 9.6736373169911793 -13.776568804218497
11.41 9.672828133462847 -13.776568804218497
11.411 9.6720190387587568 -13.776568804218497
11.411999999999999 9.6712100328620103 -13.776568804218497
11.413 9.6704011157557002 -13.776568804218497
11.414 9.6695922874229403 -13.776568804218497
11.414999999999999 9.6687835478468376 -13.776568804218497
11.416 9.6679748970105095 -13.776568804218497
11.417 9.6671663348970789 -13.776568804218497
11.417999999999999 9.6663578614896633 -13.776568804218497
11.419 9.6655494767713996 -13.776568804218497
11.42 9.6647411807254215 -13.776568804218497
11.420999999999999 9.6639329733348696 -13.776568804218497
11.422000000000001 9.6631248545828825 -13.776568804218497
11.423 9.6623168244526152 -13.776568804218497
11.423999999999999 9.6615088829272224 -13.776568804218497
11.425000000000001 9.6607010299898555 -13.776568804218497
11.426 9.6598932656236851 -13.776568804218497
11.427 9.6590855898118768 -13.776568804218497
11.428000000000001 9.6582780025375996 -13.776568804218497
11.429 9.6574705037840385 -13.776568804218497
11.43 9.6566630935343714 -13.776568804218497
11.431000000000001 9.655855771771785 -13.776568804218497
11.432 9.6550485384794733 -13.776568804218497
11.433 9.6542413936406355 -13.776568804218497
11.433999999999999 9.6534343372384654 -13.776568804218497
11.435 9.6526273692561748 -13.776568804218497
11.436 9.6518204896769735 -13.776568804218497
11.436999999999999 9.6510136984840766 -13.776568804218497
11.438000000000001 9.6502069956607031 -13.776568804218497
11.439 9.6494003811900857 -13.776568804218497
11.44 9.6485938550554415 -13.776568804218497
11.441000000000001 9.647787417240016 -13.776568804218497
11.442 9.6469810677270438 -13.776568804218497
11.443 9.6461748064997686 -13.776568804218497
11.443999999999999 9.645368633541441 -13.776568804218497
11.445 9.6445625488353137 -13.776568804218497
11.446 9.6437565523646462 -13.776568804218497
11.446999999999999 9.6429506441127 -13.776568804218497
11.448 9.6421448240627399 -13.776568804218497
11.449 9.6413390921980433 -13.776568804218497
11.449999999999999 9.6405334485018859 -13.776568804218497
11.451000000000001 9.6397278929575467 -13.776568804218497
11.452 9.6389224255483175 -13.776568804218497
11.452999999999999 9.6381170462574861 -13.776568804218497
11.454000000000001 9.6373117550683478 -13.776568804218497
11.455 9.6365065519642048 -13.776568804218497
11.456 9.6357014369283593 -13.776568804218497
11.457000000000001 9.6348964099441279 -13.776568804218497
11.458 9.6340914709948198 -13.776568804218497
11.459 9.6332866200637586 -13.776568804218497
11.460000000000001 9.6324818571342643 -13.776568804218497
11.461 9.6316771821896676 -13.776568804218497
11.462 9.6308725952133063 -13.776568804218497
11.463000000000001 9.6300680961885092 -13.776568804218497
11.464 9.6292636850986266 -13.776568804218497
11.465 9.6284593619270051 -13.776568804218497
11.465999999999999 9.627655126656995 -13.776568804218497
11.467000000000001 9.626850979271957 -13.776568804218497
11.468 9.6260469197552485 -13.776568804218497
11.468999999999999 9.6252429480902393 -13.776568804218497
11.470000000000001 9.6244390642602955 -13.776568804218497
11.471 9.6236352682488011 -13.776568804218497
11.472 9.6228315600391277 -13.776568804218497
11.473000000000001 9.6220279396146644 -13.776568804218497
11.474 9.6212244069588042 -13.776568804218497
11.475 9.6204209620549364 -13.776568804218497
11.475999999999999 9.6196176048864643 -13.776568804218497
11.477 9.6188143354367881 -13.776568804218497
11.478 9.6180111536893182 -13.776568804218497
11.478999999999999 9.6172080596274689 -13.776568804218497
11.48 9.6164050532346543 -13.776568804218497
11.481 9.6156021344943028 -13.776568804218497
11.481999999999999 9.6147993033898373 -13.776568804218497
11.483000000000001 9.6139965599046864 -13.776568804218497
11.484 9.6131939040222942 -13.776568804218497
11.484999999999999 9.6123913357260964 -13.776568804218497
11.486000000000001 9.6115888549995407 -13.776568804218497
11.487 9.6107864618260788 -13.776568804218497
11.488 9.6099841561891637 -13.776568804218497
11.489000000000001 9.6091819380722523 -13.776568804218497
11.49 9.6083798074588191 -13.776568804218497
11.491 9.607577764332321 -13.776568804218497
11.492000000000001 9.6067758086762414 -13.776568804218497
11.493 9.605973940474053 -13.776568804218497
11.494 9.605172159709241 -13.776568804218497
11.495000000000001 9.6043704663652889 -13.776568804218497
11.496 9.6035688604256944 -13.776568804218497
11.497 9.6027673418739532 -13.776568804218497
11.497999999999999 9.6019659106935649 -13.776568804218497
11.499000000000001 9.6011645668680341 -13.776568804218497
11.5 9.6003633103808763 -13.776568804218497
11.500999999999999 9.5995621412156051 -13.776568804218497
11.502000000000001 9.5987610593557395 -13.776568804218497
11.503 9.5979600647848056 -13.776568804218497
11.504 9.5971591574863311 -13.776568804218497
11.505000000000001 9.5963583374438493 -13.776568804218497
11.506 9.5955576046409004 -13.776568804218497
11.507 9.59475695906103 -13.776568804218497
11.507999999999999 9.5939564006877784 -13.776568804218497
11.509 9.5931559295047055 -13.776568804218497
11.51 9.5923555454953657 -13.776568804218497
11.510999999999999 9.5915552486433189 -13.776568804218497
11.512 9.5907550389321319 -13.776568804218497
11.513 9.5899549163453788 -13.776568804218497
11.513999999999999 9.5891548808666336 -13.776568804218497
11.515000000000001 9.5883549324794721 -13.776568804218497
11.516 9.5875550711674826 -13.776568804218497
11.516999999999999 9.5867552969142551 -13.776568804218497
11.518000000000001 9.5859556097033796 -13.776568804218497
11.519 9.5851560095184585 -13.776568804218497
11.52 9.5843564963430961 -13.776568804218497
11.521000000000001 9.583557070160893 -13.776568804218497
11.522 9.5827577309554695 -13.776568804218497
11.523 9.581958478710435 -13.776568804218497
11.524000000000001 9.5811593134094171 -13.776568804218497
11.525 9.5803602350360375 -13.776568804218497
11.526 9.5795612435739308 -13.776568804218497
11.527000000000001 9.5787623390067278 -13.776568804218497
11.528 9.5779635213180701 -13.776568804218497
11.529 9.5771647904916062 -13.776568804218497
11.529999999999999 9.5763661465109777 -13.776568804218497
11.531000000000001 9.5755675893598404 -13.776568804218497
11.532 9.5747691190218536 -13.776568804218497
11.532999999999999 9.5739707354806818 -13.776568804218497
11.534000000000001 9.5731724387199861 -13.776568804218497
11.535 9.5723742287234472 -13.776568804218497
11.536 9.5715761054747333 -13.776568804218497
11.536999999999999 9.5707780689575319 -13.776568804218497
11.538 9.5699801191555185 -13.776568804218497
11.539 9.5691822560523949 -13.776568804218497
11.539999999999999 9.5683844796318507 -13.776568804218497
11.541 9.5675867898775806 -13.776568804218497
11.542 9.5667891867732973 -13.776568804218497
11.542999999999999 9.5659916703027044 -13.776568804218497
11.544 9.5651942404495092 -13.776568804218497
11.545 9.5643968971974402 -13.776568804218497
11.545999999999999 9.5635996405302102 -13.776568804218497
11.547000000000001 9.5628024704315493 -13.776568804218497
11.548 9.5620053868851898 -13.776568804218497
11.548999999999999 9.5612083898748654 -13.776568804218497
11.550000000000001 9.5604114793843173 -13.776568804218497
11.551 9.5596146553972883 -13.776568804218497
11.552 9.5588179178975299 -13.776568804218497
11.553000000000001 9.5580212668687938 -13.776568804218497
11.554 9.5572247022948407 -13.776568804218497
11.555 9.5564282241594309 -13.776568804218497
11.556000000000001 9.5556318324463341 -13.776568804218497
11.557 9.5548355271393195 -13.776568804218497
11.558 9.5540393082221655 -13.776568804218497
11.558999999999999 9.553243175678654 -13.776568804218497
11.56 9.5524471294925704 -13.776568804218497
11.561 9.5516511696477 -13.776568804218497
11.561999999999999 9.5508552961278426 -13.776568804218497
11.563000000000001 9.5500595089167923 -13.776568804218497
11.564 9.5492638079983578 -13.776568804218497
11.565 9.5484681933563493 -13.776568804218497
11.566000000000001 9.54767266497457 -13.776568804218497
11.567 9.5468772228368426 -13.776568804218497
11.568 9.5460818669269933 -13.776568804218497
11.568999999999999 9.5452865972288414 -13.776568804218497
11.57 9.5444914137262167 -13.776568804218497
11.571 9.5436963164029596 -13.776568804218497
11.571999999999999 9.5429013052429088 -13.776568804218497
11.573 9.5421063802299066 -13.776568804218497
11.574 9.5413115413478007 -13.776568804218497
11.574999999999999 9.5405167885804509 -13.776568804218497
11.576000000000001 9.5397221219117068 -13.776568804218497
11.577 9.5389275413254335 -13.776568804218497
11.577999999999999 9.5381330468055001 -13.776568804218497
11.579000000000001 9.5373386383357737 -13.776568804218497
11.58 9.536544315900132 -13.776568804218497
11.581 9.5357500794824581 -13.776568804218497
11.582000000000001 9.5349559290666335 -13.776568804218497
11.583 9.5341618646365465 -13.776568804218497
11.584 9.5333678861760927 -13.776568804218497
11.585000000000001 9.5325739936691694 -13.776568804218497
11.586 9.5317801870996792 -13.776568804218497
11.587 9.530986466451532 -13.776568804218497
11.588000000000001 9.530192831708634 -13.776568804218497
11.589 9.5293992828549072 -13.776568804218497
11.59 9.5286058198742687 -13.776568804218497
11.590999999999999 9.5278124427506423 -13.776568804218497
11.592000000000001 9.527019151467961 -13.776568804218497
11.593 9.5262259460101593 -13.776568804218497
11.593999999999999 9.5254328263611701 -13.776568804218497
11.595000000000001 9.5246397925049404 -13.776568804218497
11.596 9.523846844425421 -13.776568804218497
11.597 9.5230539821065552 -13.776568804218497
11.598000000000001 9.5222612055323061 -13.776568804218497
11.599 9.5214685146866316 -13.776568804218497
11.6 9.5206759095534998 -13.776568804218497
11.600999999999999 9.5198833901168776 -13.776568804218497
11.602 9.5190909563607384 -13.776568804218497
11.603 9.518298608269065 -13.776568804218497
11.603999999999999 9.5175063458258364 -13.776568804218497
11.605 9.5167141690150405 -13.776568804218497
11.606 9.5159220778206723 -13.776568804218497
11.606999999999999 9.5151300722267287 -13.776568804218497
11.608000000000001 9.5143381522172064 -13.776568804218497
11.609 9.5135463177761128 -13.776568804218497
11.609999999999999 9.5127545688874573 -13.776568804218497
11.611000000000001 9.5119629055352544 -13.776568804218497
11.612 9.5111713277035239 -13.776568804218497
11.613 9.5103798353762876 -13.776568804218497
11.614000000000001 9.5095884285375725 -13.776568804218497
11.615 9.5087971071714144 -13.776568804218497
11.616 9.5080058712618474 -13.776568804218497
11.617000000000001 9.5072147207929056 -13.776568804218497
11.618 9.5064236557486481 -13.776568804218497
11.619 9.5056326761131142 -13.776568804218497
11.620000000000001 9.5048417818703594 -13.776568804218497
11.621 9.504050973004448 -13.776568804218497
11.622 9.5032602494994354 -13.776568804218497
11.622999999999999 9.5024696113393947 -13.776568804218497
11.624000000000001 9.5016790585083939 -13.776568804218497
11.625 9.5008885909905167 -13.776568804218497
11.625999999999999 9.5000982087698329 -13.776568804218497
11.627000000000001 9.4993079118304316 -13.776568804218497
11.628 9.4985177001564089 -13.776568804218497
11.629 9.4977275737318525 -13.776568804218497
11.630000000000001 9.4969375325408585 -13.776568804218497
11.631 9.4961475765675374 -13.776568804218497
11.632 9.4953577057959873 -13.776568804218497
11.632999999999999 9.494567920210331 -13.776568804218497
11.634 9.4937782197946721 -13.776568804218497
11.635 9.4929886045331404 -13.776568804218497
11.635999999999999 9.4921990744098572 -13.776568804218497
11.637 9.4914096294089525 -13.776568804218497
11.638 9.4906202695145598 -13.776568804218497
11.638999999999999 9.4898309947108146 -13.776568804218497
11.640000000000001 9.4890418049818628 -13.776568804218497
11.641 9.4882527003118504 -13.776568804218497
11.641999999999999 9.4874636806849253 -13.776568804218497
11.643000000000001 9.4866747460852459 -13.776568804218497
11.644 9.4858858964969777 -13.776568804218497
11.645 9.4850971319042774 -13.776568804218497
11.646000000000001 9.4843084522913124 -13.776568804218497
11.647 9.4835198576422624 -13.776568804218497
11.648 9.4827313479413018 -13.776568804218497
11.649000000000001 9.4819429231726122 -13.776568804218497
11.65 9.4811545833203787 -13.776568804218497
11.651 9.4803663283687971 -13.776568804218497
11.652000000000001 9.4795781583020577 -13.776568804218497
11.653 9.4787900731043617 -13.776568804218497
11.654 9.4780020727599119 -13.776568804218497
11.654999999999999 9.4772141572529183 -13.776568804218497
11.656000000000001 9.4764263265675925 -13.776568804218497
11.657 9.47563858068815 -13.776568804218497
11.657999999999999 9.4748509195988149 -13.776568804218497
11.659000000000001 9.4740633432838113 -13.776568804218497
11.66 9.4732758517273652 -13.776568804218497
11.661 9.4724884449137186 -13.776568804218497
11.662000000000001 9.4717011228271062 -13.776568804218497
11.663 9.4709138854517718 -13.776568804218497
11.664 9.4701267327719627 -13.776568804218497
11.664999999999999 9.4693396647719297 -13.776568804218497
11.666 9.4685526814359307 -13.776568804218497
11.667 9.4677657827482271 -13.776568804218497
11.667999999999999 9.4669789686930805 -13.776568804218497
11.669 9.4661922392547613 -13.776568804218497
11.67 9.4654055944175468 -13.776568804218497
11.670999999999999 9.4646190341657093 -13.776568804218497
11.672000000000001 9.4638325584835332 -13.776568804218497
11.673 9.4630461673553068 -13.776568804218497
11.673999999999999 9.4622598607653199 -13.776568804218497
11.675000000000001 9.461473638697866 -13.776568804218497
11.676 9.4606875011372491 -13.776568804218497
11.677 9.4599014480677699 -13.776568804218497
11.678000000000001 9.4591154794737342 -13.776568804218497
11.679 9.4583295953394604 -13.776568804218497
11.68 9.457543795649265 -13.776568804218497
11.681000000000001 9.4567580803874627 -13.776568804218497
11.682 9.4559724495383897 -13.776568804218497
11.683 9.455186903086366 -13.776568804218497
11.683999999999999 9.4544014410157295 -13.776568804218497
11.685 9.4536160633108217 -13.776568804218497
11.686 9.4528307699559821 -13.776568804218497
11.686999999999999 9.4520455609355594 -13.776568804218497
11.688000000000001 9.4512604362339019 -13.776568804218497
11.689 9.4504753958353724 -13.776568804218497
11.69 9.4496904397243267 -13.776568804218497
11.691000000000001 9.4489055678851273 -13.776568804218497
11.692 9.4481207803021494 -13.776568804218497
11.693 9.4473360769597576 -13.776568804218497
11.693999999999999 9.4465514578423395 -13.776568804218497
11.695 9.4457669229342667 -13.776568804218497
11.696 9.444982472219932 -13.776568804218497
11.696999999999999 9.4441981056837268 -13.776568804218497
11.698 9.4434138233100402 -13.776568804218497
11.699 9.4426296250832742 -13.776568804218497
11.699999999999999 9.4418455109878323 -13.776568804218497
11.701000000000001 9.4410614810081199 -13.776568804218497
11.702 9.4402775351285548 -13.776568804218497
11.702999999999999 9.4394936733335459 -13.776568804218497
11.704000000000001 9.4387098956075199 -13.776568804218497
11.705 9.4379262019348964 -13.776568804218497
11.706 9.4371425923001091 -13.776568804218497
11.707000000000001 9.4363590666875865 -13.776568804218497
11.708 9.4355756250817731 -13.776568804218497
11.709 9.4347922674671025 -13.776568804218497
11.710000000000001 9.4340089938280247 -13.776568804218497
11.711 9.4332258041489947 -13.776568804218497
11.712 9.4324426984144605 -13.776568804218497
11.713000000000001 9.4316596766088843 -13.776568804218497
11.714 9.43087673871673 -13.776568804218497
11.715 9.4300938847224653 -13.776568804218497
11.715999999999999 9.4293111146105577 -13.776568804218497
11.717000000000001 9.4285284283654907 -13.776568804218497
11.718 9.4277458259717424 -13.776568804218497
11.718999999999999 9.4269633074137928 -13.776568804218497
11.720000000000001 9.4261808726761362 -13.776568804218497
11.721 9.4253985217432614 -13.776568804218497
11.722 9.4246162545996714 -13.776568804218497
11.723000000000001 9.4238340712298641 -13.776568804218497
11.724 9.4230519716183476 -13.776568804218497
11.725 9.4222699557496323 -13.776568804218497
11.725999999999999 9.4214880236082319 -13.776568804218497
11.727 9.42070617517866 -13.776568804218497
11.728 9.4199244104454518 -13.776568804218497
11.728999999999999 9.4191427293931245 -13.776568804218497
11.73 9.4183611320062148 -13.776568804218497
11.731 9.4175796182692544 -13.776568804218497
11.731999999999999 9.416798188166787 -13.776568804218497
11.733000000000001 9.4160168416833567 -13.776568804218497
11.734 9.4152355788035109 -13.776568804218497
11.734999999999999 9.414454399511806 -13.776568804218497
11.736000000000001 9.4136733037927929 -13.776568804218497
11.737 9.4128922916310369 -13.776568804218497
11.738 9.4121113630111033 -13.776568804218497
11.739000000000001 9.411330517917559 -13.776568804218497
11.74 9.4105497563349854 -13.776568804218497
11.741 9.4097690782479546 -13.776568804218497
11.742000000000001 9.4089884836410498 -13.776568804218497
11.743 9.4082079724988592 -13.776568804218497
11.744 9.4074275448059748 -13.776568804218497
11.745000000000001 9.4066472005469883 -13.776568804218497
11.746 9.4058669397065007 -13.776568804218497
11.747 9.4050867622691179 -13.776568804218497
11.747999999999999 9.4043066682194496 -13.776568804218497
11.749000000000001 9.4035266575421002 -13.776568804218497
11.75 9.4027467302216916 -13.776568804218497
11.750999999999999 9.401966886242846 -13.776568804218497
11.752000000000001 9.401187125590182 -13.776568804218497
11.753 9.400407448248334 -13.776568804218497
11.754 9.3996278542019365 -13.776568804218497
11.755000000000001 9.3988483434356205 -13.776568804218497
11.756 9.3980689159340347 -13.776568804218497
11.757 9.397289571681819 -13.776568804218497
11.757999999999999 9.3965103106636274 -13.776568804218497
11.759 9.395731132864114 -13.776568804218497
11.76 9.3949520382679346 -13.776568804218497
11.760999999999999 9.3941730268597539 -13.776568804218497
11.762 9.3933940986242401 -13.776568804218497
11.763 9.3926152535460652 -13.776568804218497
11.763999999999999 9.3918364916099009 -13.776568804218497
11.765000000000001 9.3910578128004278 -13.776568804218497
11.766 9.3902792171023322 -13.776568804218497
11.766999999999999 9.3895007045002963 -13.776568804218497
11.768000000000001 9.3887222749790205 -13.776568804218497
11.769 9.387943928523196 -13.776568804218497
11.77 9.3871656651175215 -13.776568804218497
11.771000000000001 9.3863874847467041 -13.776568804218497
11.772 9.3856093873954602 -13.776568804218497
11.773 9.3848313730484882 -13.776568804218497
11.774000000000001 9.3840534416905186 -13.776568804218497
11.775 9.3832755933062639 -13.776568804218497
11.776 9.3824978278804565 -13.776568804218497
11.777000000000001 9.3817201453978178 -13.776568804218497
11.778 9.3809425458430908 -13.776568804218497
11.779 9.3801650292010113 -13.776568804218497
11.779999999999999 9.3793875954563184 -13.776568804218497
11.781000000000001 9.3786102445937605 -13.776568804218497
11.782 9.3778329765980875 -13.776568804218497
11.782999999999999 9.37705579145406 -13.776568804218497
11.784000000000001 9.376278689146428 -13.776568804218497
11.785 9.3755016696599629 -13.776568804218497
11.786 9.374724732979427 -13.776568804218497
11.787000000000001 9.3739478790895916 -13.776568804218497
11.788 9.3731711079752369 -13.776568804218497
11.789 9.3723944196211395 -13.776568804218497
11.789999999999999 9.3716178140120849 -13.776568804218497
11.791 9.3708412911328622 -13.776568804218497
11.792 9.3700648509682605 -13.776568804218497
11.792999999999999 9.3692884935030794 -13.776568804218497
11.794 9.3685122187221168 -13.776568804218497
11.795 9.3677360266101815 -13.776568804218497
11.795999999999999 9.3669599171520801 -13.776568804218497
11.797000000000001 9.3661838903326249 -13.776568804218497
11.798 9.3654079461366333 -13.776568804218497
11.798999999999999 9.3646320845489299 -13.776568804218497
11.800000000000001 9.3638563055543393 -13.776568804218497
11.801 9.3630806091376897 -13.776568804218497
11.802 9.3623049952838162 -13.776568804218497
11.803000000000001 9.3615294639775541 -13.776568804218497
11.804 9.3607540152037512 -13.776568804218497
11.805 9.3599786489472514 -13.776568804218497
11.806000000000001 9.3592033651929007 -13.776568804218497
11.807 9.3584281639255593 -13.776568804218497
11.808 9.3576530451300854 -13.776568804218497
11.808999999999999 9.356878008791341 -13.776568804218497
11.81 9.3561030548941897 -13.776568804218497
11.811 9.3553281834235129 -13.776568804218497
11.811999999999999 9.3545533943641725 -13.776568804218497
11.813000000000001 9.3537786877010554 -13.776568804218497
11.814 9.3530040634190463 -13.776568804218497
11.815 9.3522295215030322 -13.776568804218497
11.816000000000001 9.351455061937898 -13.776568804218497
11.817 9.3506806847085482 -13.776568804218497
11.818 9.3499063897998784 -13.776568804218497
11.818999999999999 9.3491321771967968 -13.776568804218497
11.82 9.348358046884206 -13.776568804218497
11.821 9.3475839988470248 -13.776568804218497
11.821999999999999 9.3468100330701631 -13.776568804218497
11.823 9.3460361495385467 -13.776568804218497
11.824 9.3452623482370978 -13.776568804218497
11.824999999999999 9.3444886291507476 -13.776568804218497
11.826000000000001 9.3437149922644238 -13.776568804218497
11.827 9.3429414375630682 -13.776568804218497
11.827999999999999 9.3421679650316225 -13.776568804218497
11.829000000000001 9.3413945746550304 -13.776568804218497
11.83 9.3406212664182391 -13.776568804218497
11.831 9.3398480403062099 -13.776568804218497
11.832000000000001 9.3390748963038881 -13.776568804218497
11.833 9.3383018343962476 -13.776568804218497
11.834 9.3375288545682444 -13.776568804218497
11.835000000000001 9.3367559568048524 -13.776568804218497
11.836 9.3359831410910488 -13.776568804218497
11.837 9.3352104074118074 -13.776568804218497
11.838000000000001 9.3344377557521092 -13.776568804218497
11.839 9.3336651860969457 -13.776568804218497
11.84 9.332892698431305 -13.776568804218497
11.840999999999999 9.3321202927401803 -13.776568804218497
11.842000000000001 9.3313479690085703 -13.776568804218497
11.843 9.3305757272214809 -13.776568804218497
11.843999999999999 9.3298035673639106 -13.776568804218497
11.845000000000001 9.3290314894208795 -13.776568804218497
11.846 9.328259493377395 -13.776568804218497
11.847 9.3274875792184844 -13.776568804218497
11.848000000000001 9.3267157469291622 -13.776568804218497
11.849 9.325943996494459 -13.776568804218497
11.85 9.325172327899411 -13.776568804218497
11.850999999999999 9.3244007411290433 -13.776568804218497
11.852 9.3236292361684026 -13.776568804218497
11.853 9.3228578130025301 -13.776568804218497
11.853999999999999 9.3220864716164726 -13.776568804218497
11.855 9.321315211995282 -13.776568804218497
11.856 9.3205440341240138 -13.776568804218497
11.856999999999999 9.3197729379877288 -13.776568804218497
11.858000000000001 9.319001923571486 -13.776568804218497
11.859 9.3182309908603607 -13.776568804218497
11.859999999999999 9.3174601398394206 -13.776568804218497
11.861000000000001 9.316689370493739 -13.776568804218497
11.862 9.3159186828084017 -13.776568804218497
11.863 9.3151480767684873 -13.776568804218497
11.864000000000001 9.3143775523590886 -13.776568804218497
11.865 9.3136071095652913 -13.776568804218497
11.866 9.3128367483721988 -13.776568804218497
11.867000000000001 9.3120664687649075 -13.776568804218497
11.868 9.311296270728521 -13.776568804218497
11.869 9.3105261542481479 -13.776568804218497
11.870000000000001 9.3097561193089025 -13.776568804218497
11.871 9.3089861658959006 -13.776568804218497
11.872 9.3082162939942599 -13.776568804218497
11.872999999999999 9.307446503589107 -13.776568804218497
11.874000000000001 9.3066767946655684 -13.776568804218497
11.875 9.3059071672087814 -13.776568804218497
11.875999999999999 9.3051376212038797 -13.776568804218497
11.877000000000001 9.3043681566360004 -13.776568804218497
11.878 9.3035987734902914 -13.776568804218497
11.879 9.3028294717519042 -13.776568804218497
11.880000000000001 9.3020602514059885 -13.776568804218497
11.881 9.3012911124376991 -13.776568804218497
11.882 9.3005220548322001 -13.776568804218497
11.882999999999999 9.2997530785746552 -13.776568804218497
11.884 9.2989841836502318 -13.776568804218497
11.885 9.2982153700441046 -13.776568804218497
11.885999999999999 9.297446637741448 -13.776568804218497
11.887 9.2966779867274454 -13.776568804218497
11.888 9.2959094169872802 -13.776568804218497
11.888999999999999 9.2951409285061413 -13.776568804218497
11.890000000000001 9.2943725212692225 -13.776568804218497
11.891 9.2936041952617199 -13.776568804218497
11.891999999999999 9.2928359504688363 -13.776568804218497
11.893000000000001 9.2920677868757746 -13.776568804218497
11.894 9.2912997044677432 -13.776568804218497
11.895 9.2905317032299557 -13.776568804218497
11.896000000000001 9.2897637831476292 -13.776568804218497
11.897 9.2889959442059862 -13.776568804218497
11.898 9.2882281863902509 -13.776568804218497
11.899000000000001 9.2874605096856495 -13.776568804218497
11.9 9.2866929140774186 -13.776568804218497
11.901 9.2859253995507931 -13.776568804218497
11.902000000000001 9.2851579660910151 -13.776568804218497
11.903 9.2843906136833283 -13.776568804218497
11.904 9.2836233423129819 -13.776568804218497
11.904999999999999 9.2828561519652339 -13.776568804218497
11.906000000000001 9.28208904262533 -13.776568804218497
11.907 9.2813220142785404 -13.776568804218497
11.907999999999999 9.2805550669101287 -13.776568804218497
11.909000000000001 9.2797882005053598 -13.776568804218497
11.91 9.2790214150495114 -13.776568804218497
11.911 9.2782547105278592 -13.776568804218497
11.912000000000001 9.2774880869256826 -13.776568804218497
11.913 9.2767215442282662 -13.776568804218497
11.914 9.2759550824209001 -13.776568804218497
11.914999999999999 9.2751887014888776 -13.776568804218497
11.916 9.2744224014174925 -13.776568804218497
11.917 9.2736561821920489 -13.776568804218497
11.917999999999999 9.2728900437978492 -13.776568804218497
11.919 9.272123986220203 -13.776568804218497
11.92 9.271358009444425 -13.776568804218497
11.920999999999999 9.2705921134558285 -13.776568804218497
11.922000000000001 9.2698262982397353 -13.776568804218497
11.923 9.2690605637814709 -13.776568804218497
11.923999999999999 9.2682949100663645 -13.776568804218497
11.925000000000001 9.2675293370797434 -13.776568804218497
11.926 9.2667638448069525 -13.776568804218497
11.927 9.2659984332333263 -13.776568804218497
11.928000000000001 9.2652331023442116 -13.776568804218497
11.929 9.2644678521249553 -13.776568804218497
11.93 9.2637026825609077 -13.776568804218497
11.931000000000001 9.2629375936374299 -13.776568804218497
11.932 9.2621725853398811 -13.776568804218497
11.933 9.2614076576536242 -13.776568804218497
11.933999999999999 9.2606428105640255 -13.776568804218497
11.935 9.2598780440564603 -13.776568804218497
11.936 9.2591133581163039 -13.776568804218497
11.936999999999999 9.258348752728935 -13.776568804218497
11.938000000000001 9.2575842278797378 -13.776568804218497
11.939 9.2568197835541035 -13.776568804218497
11.94 9.2560554197374181 -13.776568804218497
11.941000000000001 9.2552911364150798 -13.776568804218497
11.942 9.2545269335724907 -13.776568804218497
11.943 9.2537628111950525 -13.776568804218497
11.943999999999999 9.2529987692681761 -13.776568804218497
11.945 9.2522348077772669 -13.776568804218497
11.946 9.2514709267077411 -13.776568804218497
11.946999999999999 9.2507071260450235 -13.776568804218497
11.948 9.2499434057745322 -13.776568804218497
11.949 9.2491797658816992 -13.776568804218497
11.949999999999999 9.2484162063519513 -13.776568804218497
11.951000000000001 9.2476527271707258 -13.776568804218497
11.952 9.2468893283234621 -13.776568804218497
11.952999999999999 9.2461260097956028 -13.776568804218497
11.954000000000001 9.2453627715725943 -13.776568804218497
11.955 9.2445996136398865 -13.776568804218497
11.956 9.243836535982938 -13.776568804218497
11.957000000000001 9.2430735385872023 -13.776568804218497
11.958 9.2423106214381434 -13.776568804218497
11.959 9.2415477845212308 -13.776568804218497
11.960000000000001 9.2407850278219321 -13.776568804218497
11.961 9.2400223513257238 -13.776568804218497
11.962 9.2392597550180806 -13.776568804218497
11.963000000000001 9.2384972388844897 -13.776568804218497
11.964 9.2377348029104311 -13.776568804218497
11.965 9.2369724470813992 -13.776568804218497
11.965999999999999 9.2362101713828864 -13.776568804218497
11.967000000000001 9.2354479758003922 -13.776568804218497
11.968 9.2346858603194146 -13.776568804218497
11.968999999999999 9.2339238249254638 -13.776568804218497
11.970000000000001 9.2331618696040429 -13.776568804218497
11.971 9.2323999943406747 -13.776568804218497
11.972 9.2316381991208694 -13.776568804218497
11.973000000000001 9.2308764839301478 -13.776568804218497
11.974 9.2301148487540381 -13.776568804218497
11.975 9.22935329357807 -13.776568804218497
11.975999999999999 9.2285918183877751 -13.776568804218497
11.977 9.2278304231686885 -13.776568804218497
11.978 9.2270691079063507 -13.776568804218497
11.978999999999999 9.2263078725863075 -13.776568804218497
11.98 9.2255467171941081 -13.776568804218497
11.981 9.2247856417153038 -13.776568804218497
11.981999999999999 9.2240246461354545 -13.776568804218497
11.983000000000001 9.2232637304401148 -13.776568804218497
11.984 9.222502894614852 -13.776568804218497
11.984999999999999 9.2217421386452312 -13.776568804218497
11.986000000000001 9.2209814625168267 -13.776568804218497
11.987 9.2202208662152145 -13.776568804218497
11.988 9.2194603497259706 -13.776568804218497
11.989000000000001 9.2186999130346834 -13.776568804218497
11.99 9.2179395561269342 -13.776568804218497
11.991 9.2171792789883167 -13.776568804218497
11.992000000000001 9.21641908160443 -13.776568804218497
11.993 9.2156589639608697 -13.776568804218497
11.994 9.2148989260432348 -13.776568804218497
11.995000000000001 9.2141389678371368 -13.776568804218497
11.996 9.2133790893281855 -13.776568804218497
11.997 9.2126192905019941 -13.776568804218497
11.997999999999999 9.2118595713441813 -13.776568804218497
11.999000000000001 9.2110999318403675 -13.776568804218497
12 9.2103403719761836 -13.776568804218497
12.032797409887829 9.1853606161255161 -13.757047827000902
12.065684458950267 9.1603973018344078 -13.737543291342861
12.098661392181709 9.1354504306352631 -13.718055198776788
12.13172845524616 9.1105200039467142 -13.698583550721311
12.164885894479037 9.0856060231133497 -13.679128348521017
12.198133956889027 9.0607084894465366 -13.659689593487277
12.231472890159912 9.0358274042664029 -13.640267286940217
12.264902942652448 9.0109627689448875 -13.620861430251782
12.298424363406163 8.986114584950041 -13.601472024890008
12.332037402141252 8.961282853891392 -13.582099072464441
12.365742309260416 8.9364675775666402 -13.562742574772765
12.399539335850752 8.91166875800943 -13.543402533848635
12.433428733685597 8.886886397141712 -13.524078951613996
12.467410755226412 8.8621204940576135 -13.504771827162982
12.501485653624661 8.8373710515662953 -13.485481163304749
12.535653682723719 8.812638073244706 -13.466206963616242
12.569915097060731 8.7879215623517499 -13.446949231356376
12.604270151868521 8.7632215218616629 -13.427707969499373
12.638719103077493 8.7385379544982769 -13.408483180769077
12.673262207317554 8.71387086277036 -13.389274867674251
12.707899721919995 8.6892202490079207 -13.370083032544906
12.742631904919429 8.6645861153995813 -13.350907677569664
12.777459015055703 8.6399684640309715 -13.331748804834149
12.812381311775843 8.6153672969241892 -13.312606416360467
12.847399055235963 8.5907826160784033 -13.293480514147779
12.882512506303218 8.5662144235114894 -13.274371100213967
12.917721926557741 8.5416627213028491 -13.255278176638432
12.953027578294591 8.5171275116373639 -13.236201745606056
12.98842972452573 8.4926087968504973 -13.217141809452295
13.023928628981938 8.4681065794745969 -13.198098370709509
13.059524556114814 8.4436208622864477 -13.179071432154471
13.095217771098728 8.4191516483559603 -13.160060996857101
13.131008539832818 8.394698941096209 -13.141067068230468
13.166897128942939 8.3702627443146955 -13.12208965008208
13.202883805783671 8.3458430622659137 -13.103128746666419
13.238968838440302 8.3214398997052239 -13.08418436273886
13.275152495730842 8.2970532619441002 -13.065256503610863
13.311435047208001 8.2726831496211979 -13.046345169921096
13.347816763161205 8.2483295629918771 -13.027450361924911
13.384297914618616 8.2239925071601654 -13.008572084726339
13.420878773349161 8.1996719869030805 -12.9897103431024
13.457559611864523 8.1753680067027013 -12.970865141535167
13.494340703421207 8.151080570779289 -12.952036484244909
13.53122232202254 8.1268096831254706 -12.933224375224244
13.568204742420765 8.1025553475413012 -12.914428818273233
13.605288240119025 8.078317567670446 -12.895649817035542
13.642473091373459 8.0540963470372944 -12.876887375035556
13.679759573195245 8.0298916890851544 -12.858141495716589
13.717147963352655 8.0057035972155202 -12.839412182480132
13.754638540373158 7.9815320748283574 -12.82069943872615
13.792231583545451 7.9573771253635668 -12.802003267894547
13.829927372921565 7.9332387523435104 -12.783323673507683
13.86772618931894 7.909116959416683 -12.764660659214051
13.905628314322545 7.8850117504025397 -12.746014228833111
13.943634030286928 7.8609231293375297 -12.72738438640131
13.98174362033836 7.8368511005222841 -12.708771136219278
14.019957368376915 7.8127956685700495 -12.690174482900263
14.058275559078623 7.7887568384563339 -12.671594431419775
14.096698477897551 7.7647346155698704 -12.653030987166545
14.135226411067944 7.7407290057647975 -12.634484155994715
14.173859645606356 7.7167400154141825 -12.615953944277345
14.212598469313813 7.6927676492398396 -12.597440356736259
14.251443170777911 7.66881190682387 -12.578943392953551
14.290394039375 7.6448727940401353 -12.560463058803087
14.329451365272321 7.6209503170156792 -12.541999360411909
14.368615439430197 7.5970444815740903 -12.523552303603607
14.407886553604159 7.5731552932676616 -12.505121893930475
14.447265000347148 7.5492827574104693 -12.486708136706588
14.486751073011686 7.525426879112417 -12.46831103704185
14.526345065752052 7.5015876633142815 -12.449930599877039
14.566047273526507 7.4777651148236997 -12.431566830019792
14.60585799209945 7.4539592383522502 -12.413219732181686
14.645777518043641 7.4301700385534959 -12.394889311016289
14.685806148742399 7.4063975200621313 -12.376575571158289
14.725944182391855 7.3826416875341367 -12.358278517263674
14.76619191800312 7.358902545688097 -12.339998154051026
14.806549655404542 7.3351800993475775 -12.321734486343908
14.847017695243931 7.3114743534846314 -12.303487519114379
14.887596338990825 7.2877853132644708 -12.285257257527647
14.92828588893869 7.2641129840913043 -12.267043706987923
14.969086648207206 7.2404573716553431 -12.248846873185419
15.009998920744502 7.2168184819810444 -12.230666762144592
15.051023011329461 7.1931963214765444 -12.212503380273581
15.092159225573935 7.1695908969844018 -12.19435673441494
15.133407869925058 7.1460022158335379 -12.176226831897598
15.174769251667518 7.1224302851972281 -12.158113679894823
15.216243678925862 7.0988751059374744 -12.140017279268625
15.257831460666761 7.07533668379648 -12.121937635761203
15.299532906701334 7.0518150260836157 -12.103874756681931
15.34134832768744 7.0283101397978518 -12.085828649029775
15.383278035132031 7.004822031658974 -12.067799319524529
15.425322341393416 6.9813507081397743 -12.049786774638982
15.467481559683627 6.9578961754991129 -12.031791020631994
15.509756004070733 6.9344584398159848 -12.013812063582561
15.552145989481206 6.9110375070245249 -11.99584990942482
15.594651831702235 6.8876333829500345 -11.977904563984072
15.637273847384092 6.8642460733460053 -11.959976033013811
15.680012354042496 6.8408755839321627 -11.942064322233762
15.722867670060964 6.8175219204335589 -11.924169437368976
15.765840114693219 6.7941850886207193 -11.906291384189984
15.808930008065513 6.7708650943509125 -11.888430168554054
15.852137671179054 6.747561943610461 -11.870585796447505
15.895463425912373 6.7242756425582142 -11.852758274029194
15.938907595023757 6.7010061975701509 -11.834947607675097
15.982470502153607 6.6777536152851455 -11.817153804024089
16.026152471826876 6.6545179026518975 -11.799376870024874
16.069953829455478 6.631299066977097 -11.78161681298414
16.113874901340736 6.6080971159747692 -11.763873640615914
16.157916014675774 6.5849120578168963 -11.746147361092181
16.202077497547972 6.5617439010892928 -11.728437982998756
16.246359678941424 6.5385926488772084 -11.710745509420889
16.290762888739359 6.5154583063541063 -11.693069945532045
16.33528745772664 6.4923408818442061 -11.675411299656446
16.379933717592184 6.4692403833556957 -11.657769579802281
16.42470200093145 6.4461568186111604 -11.640144793692134
16.469592641248948 6.4230901950788715 -11.622536948794282
16.514605972960663 6.4000405200050734 -11.60494605235497
16.559742331396592 6.3770078004471342 -11.587372111431566
16.605002052803226 6.3539920433076889 -11.569815132926708
16.650385474346049 6.3309932553697363 -11.552275123623396
16.695892934112088 6.3080114433327159 -11.534752090221071
16.741524771112367 6.2850466138496257 -11.517246039372733
16.787281325284482 6.2620987735651168 -11.499756977723036
16.833162937495107 6.2391679291546636 -11.482284911947454
16.879169949542575 6.2162540873647485 -11.464829848792476
16.92530270415936 6.1933572550542051 -11.447391795116934
16.97156154501468 6.1704774392365627 -11.42997075793436
17.017946816717032 6.1476146471235777 -11.412566744456512
17.064458864816793 6.1247688861698597 -11.395179762138005
17.111098035808737 6.1019401641186901 -11.377809818722119
17.157864677134672 6.0791284890489701 -11.36045692228776
17.204759137185984 6.0563338694234128 -11.343121081297642
17.251781765306287 6.0335563141379067 -11.325802304647658
17.298932911793962 6.0107958325721613 -11.308500601717521
17.346212927904805 5.9880524302535347 -11.291215978034588
17.39362216585463 5.9653261116956804 -11.273948438112518
17.441160978821923 5.9426168860615425 -11.256697991114256
17.488829720950424 5.9199247622023323 -11.239464645891022
17.536628747351791 5.8972497486784343 -11.222248411003198
17.584558414108255 5.8745918537899753 -11.205049294750916
17.632619078275241 5.851951085608337 -11.187867305205561
17.680811097884082 5.8293274520085374 -11.170702450242153
17.729134831944627 5.8067209607025907 -11.153554737572712
17.777590640447936 5.7841316192737962 -11.13642417478054
17.826178884369003 5.7615594352119741 -11.119310769355462
17.874899925669368 5.739004415949748 -11.102214528730105
17.923754127299873 5.7164665688997536 -11.08513546031711
17.972741853203345 5.6939459014929268 -11.068073571547414
18.021863468317303 5.6714424212178018 -11.051028869909555
18.071119338576707 5.648956135660856 -11.03400136299002
18.120509830916635 5.6264870525479767 -11.016991058514698
18.170035313275051 5.6040351797869787 -10.999997964391406
18.219696154595521 5.5816005255112371 -10.983022088753529
18.269492724830016 5.5591830981244739 -10.966063440004792
18.319425394941593 5.5367829063467005 -10.94912202686521
18.369494536907204 5.5143999592613033 -10.932197858418176
18.419700523720458 5.4920342663633486 -10.915290944158761
18.470043729394416 5.46968583760908 -10.898401294043216
18.520524528964334 5.4473546803502826 -10.881528915423331
18.571143298490501 5.4250407989315503 -10.864673812643707
18.621900415061013 5.4027442030536426 -10.847835995405108
18.672796256794591 5.3804649022446052 -10.831015473235587
18.723831202843424 5.3582029057374756 -10.814212255368188
18.775005633395935 5.3359582225002482 -10.797426350770913
18.826319929679652 5.3137308612666727 -10.780657768177516
18.877774473964077 5.2915208305679764 -10.763906516119237
18.929369649563455 5.2693281387655313 -10.74717260295745
18.9811058408397 5.2471527940843918 -10.730456036917221
19.032983433205221 5.2249948046478449 -10.713756826121843
19.085002813125797 5.2028541785128857 -10.697074978628319
19.137164368123496 5.180730923706693 -10.680410502463836
19.189468486779504 5.1586250482641054 -10.663763405663245
19.241915558737041 5.1365365602661344 -10.647133696307561
19.294505974704268 5.1144654678794756 -10.63052138256349
19.347240126457226 5.0924117793971027 -10.613926472724019
19.400118406842694 5.0703755032799469 -10.597348975250089
19.453141209781162 5.0483566481996442 -10.580788898813342
19.506308930269732 5.0263552230824162 -10.564246252340011
19.559621964385119 5.0043712371540474 -10.547721045055892
19.613080709286525 4.9824046999860778 -10.531213286532539
19.66668556321865 4.960455621543109 -10.51472298673456
19.72043692551464 4.9385240122313201 -10.498250156068149
19.774335196599058 4.9166098805805118 -10.481794803063117
19.828380777990905 4.8947132311241424 -10.465356932252936
19.882574072306543 4.8728340738838307 -10.448936553659237
19.936915483262744 4.8509724188984018 -10.432533677320858
19.991405415679704 4.8291282759084373 -10.416148312978397
20.046044275484018 4.8073016543856424 -10.399780470103568
20.100832469711733 4.7854925635630741 -10.383430157929446
20.155770406511373 4.7637010124662558 -10.36709738548157
20.210858495146969 4.7419270099452158 -10.350782161609981
20.266097146001151 4.7201705647073977 -10.33448449502214
20.321486770578144 4.6984316853515606 -10.318204394316822
20.377027781506872 4.676710380402592 -10.301941868018931
20.432720592544001 4.6550066583473066 -10.285696924615296
20.488565618577095 4.6333205276711924 -10.269469572591429
20.544563275627603 4.6116519968962502 -10.253259820469344
20.600713980854032 4.5900010746197415 -10.237067676846323
20.657018152555018 4.5683677695540661 -10.220893150434783
20.713476210172487 4.5467520905676233 -10.204736250103148
20.770088574294718 4.5251540467268265 -10.188596984917847
20.826855666659519 4.5035736473391372 -10.172475364186365
20.883777910157345 4.4820109019972731 -10.156371397501438
20.940855728834496 4.4604658206244876 -10.140285094786346
20.998089547896196 4.4389384135210781 -10.124216466341409
21.055479793709836 4.4174286914119962 -10.108165522891598
21.113026893808087 4.3959366635248314 -10.092132273664529
21.170731276892162 4.3744623346826588 -10.076116723483304
21.228593372834936 4.3530057151132917 -10.060118882575759
21.286613612684175 4.3315668152006674 -10.044138761325861
21.344792428665759 4.3101456450280251 -10.028176369816874
21.403130254186877 4.2887422144067573 -10.012231717860216
21.461627523839301 4.2673565329061036 -9.9963048150251606
21.520284673402571 4.2459886098837787 -9.9803956706694485
21.579102139847251 4.2246384545174207 -9.964504293970748
21.63808036133824 4.2033060758369674 -9.9486306939590303
21.697219777237951 4.1819914827579732 -9.932774879549882
21.756520828109647 4.1606946841158381 -9.9169368595787333
21.815983955720693 4.1394156887009919 -9.9011166428360511
21.875609603045849 4.1181545052950694 -9.8853142381035042
21.935398214270613 4.0969111427080369 -9.8695296541910942
21.995350234794458 4.0756856098163725 -9.8537628999753348
22.055466111234196 4.0544779156022228 -9.8380139844384136
22.1157462914273 4.0332880691936337 -9.8222829167084154
22.176191224435215 4.0121160799058293 -9.8065697061006016
22.236801360546767 3.9909619572835515 -9.7908743621597587
22.297577151281438 3.9698257111445345 -9.7751968947036616
22.358519049392761 3.94870735162407 -9.7595373138676429
22.419627508871738 3.9276068892206863 -9.7438956301502824
22.480902984950145 3.9065243348430512 -9.7282718544602886
22.542345934103967 3.8854596980344214 -9.7126659963409683
22.603956814056801 3.8644129838717598 -9.6970780608693321
22.665736083783234 3.8433842027188474 -9.681508058409209
22.727684203512329 3.8223733651396588 -9.6659559995246305
22.789801634730971 3.8013804813956833 -9.6504218944771338
22.852088840187335 3.7804055614743204 -9.6349057532541735
22.914546283894392 3.7594486151181181 -9.6194075855983563
22.977174431133264 3.7385096518549359 -9.6039274010375983
23.039973748456759 3.7175886810289116 -9.5884652089160927
23.102944703692838 3.6966857118323437 -9.5730210184262035
23.16608776594806 3.6758007533385166 -9.5575948386412719
23.229403405611155 3.6549338145353749 -9.5421866785493101
23.29289209435645 3.6340849043602175 -9.5267965470876845
23.356554305147398 3.6132540317353188 -9.5114244531787318
23.420390512240179 3.5924412056044686 -9.4960704057663161
23.484401191187075 3.5716464349706287 -9.480734413853467
23.548586818840203 3.550869728934456 -9.4654164865409172
23.612947873354916 3.5301110967339655 -9.4501166330667559
23.677484834193429 3.5093705477851787 -9.4348348628470795
23.742198182128419 3.4886480917238396 -9.4195711855177144
23.807088399246524 3.4679437384482474 -9.4043256109770379
23.872155968952008 3.4472574981631405 -9.3890981494298771
23.937401375970332 3.4265893814247486 -9.3738888114325434
24.002825106351747 3.4059393991869529 -9.3586976079390052
24.068427647474984 3.3853075609761385 -9.3435245484757417
24.134209488050793 3.3646938720372654 -9.3283696382878034
24.200171118125638 3.3440983428025755 -9.3132328878075281
24.266313029085364 3.3235209838517727 -9.2981143076147177
24.332635713658799 3.3029618054608134 -9.2830139079854312
24.399139665921471 3.2824208176299292 -9.26793169892
24.465825381299268 3.2618980301124703 -9.2528676901718825
24.532693356572125 3.2413934524446359 -9.2378218912773846
24.599744089877781 3.2209070939760123 -9.2227943115862079
24.666978080715396 3.200438963901072 -9.2077849602929351
24.734395829949321 3.1799890712914882 -9.1927938464693586
24.801997839812874 3.1595574251294023 -9.1778209790977421
24.869784613911982 3.1391440343416277 -9.1628663671050212
24.93775665722902 3.1187489078347737 -9.1479300193979327
25.005914476126524 3.0983720545313522 -9.1330119448991187
25.074258578350964 3.0780134834068429 -9.1181121525841924
25.142789473036594 3.0576732035277674 -9.103230651519814
25.211507670709135 3.0373512240907976 -9.0883674509027941
25.280413683289662 3.0170475544628443 -9.0735225601001908
25.349508024098387 2.9967622042222528 -9.0586959886904967
25.418791207858465 2.9764951832010267 -9.0438877465058649
25.4882637506999 2.9562465015281445 -9.0290978436754337
25.557926170163299 2.9360161696740112 -9.0143262906697661
25.627778985203754 2.9158041984960041 -8.9995730983464028
25.697822716194786 2.8956105971878818 -8.9848382758992731
25.768057884932098 2.8754353710842659 -8.970121828663169
25.838485014637545 2.8552785305929822 -8.9554237670460957
25.909104629963007 2.8351400861458056 -8.9407441014800089
25.979917256994284 2.8150200478699321 -8.9260828420922884
26.050923423255075 2.7949184256156334 -8.9114399987334014
26.122123657710816 2.7748352289848013 -8.8968155810054323
26.193518490772671 2.7547704673602711 -8.882209598291416
26.265108454301526 2.7347241499360075 -8.8676220597855284
26.336894081611852 2.7146962857482118 -8.8530529745241768
26.408875907475764 2.6946868837072411 -8.8385023514179366
26.481054468126949 2.6746959526304854 -8.8239701992844211
26.553430301264687 2.6547235012761439 -8.8094565268820535
26.626003946057889 2.6347695383779106 -8.7949613429447648
26.698775943149034 2.6148340726806731 -8.7804846562176806
26.771746834658263 2.59491711297711 -8.7660264754937227
26.844917164187379 2.5750186681453213 -8.7515868096512435
26.918287476823917 2.5551387471874381 -8.7371656676926293
26.99185831914523 2.5352773592692435 -8.7227630587839311
27.065630239222493 2.5154345137608791 -8.7083789922955592
27.139603786624825 2.4956102202785546 -8.6940134778439973
27.213779512423418 2.4758044887273352 -8.6796665253345964
27.288157969195577 2.456017329345074 -8.6653381450055011
27.362739711028865 2.4362487527473897 -8.6510283474726286
27.437525293525244 2.4164987674765177 -8.6367371412785179
27.512515273805178 2.3967673789192423 -8.6224645318102642
27.587710210511851 2.3770545973240997 -8.6082105293167288
27.663110663815246 2.3573604328113964 -8.5939751439185432
27.738717195416353 2.3376848951962925 -8.5797583854312034
27.814530368551402 2.3180279940161652 -8.5655602633924328
27.890550747995967 2.2983897385588277 -8.5513807870903964
27.96677890006924 2.2787701378915339 -8.5372199655927101
28.043215392638224 2.2591692008908444 -8.5230778077763034
28.119860795121955 2.23958693627337 -8.5089543223581643
28.19671567849581 2.220023352627341 -8.4948495179269159
28.273780615295657 2.2004784584451498 -8.4807634029753451
28.351056179622184 2.180952262156731 -8.4666959859337929
28.428542947145175 2.1614447721638816 -8.452647275204475
28.506241495107759 2.1419559968755602 -8.4386172791967713
28.584152402330794 2.1224859447440716 -8.4246060063634314
28.662276249217076 2.1030346243023113 -8.4106134652377929
28.740613617755702 2.0836020442019452 -8.3966396644719783
28.819165091526468 2.0641882132525824 -8.3826846128760693
28.897931255704112 2.0447931404620485 -8.3687483194583709
28.976912697062744 2.025416835077638 -8.3548307934666646
29.056110003980187 2.0060593066284413 -8.3409320444305468
29.135523766442368 1.9867205649687822 -8.3270520822048528
29.215154576047745 1.967400620322711 -8.3131909170141629
29.295003026011649 1.9480994802497369 -8.2993485564185239
29.375069711170738 1.9288171502041083 -8.2855250058727314
29.455355227987468 1.9095536400911 -8.2717202752826307
29.535860174554454 1.8903089595548892 -8.2579343742929723
29.616585150598986 1.8710831179340268 -8.2441673122428991
29.697530757487481 1.8518761242885404 -8.2304190981930425
29.778697598229936 1.8326879874278541 -8.216689740953445
29.860086277484502 1.8135187159394957 -8.2029792491122677
29.941697401561882 1.7943683182186918 -8.1892876310653833
30.023531578429893 1.7752368024987755 -8.1756148950467864
30.105589417718047 1.7561241768824525 -8.1619610491598618
30.187871530722006 1.7370304493740065 -8.1483261014095838
30.270378530408188 1.7179556279123436 -8.1347100597355677
30.353111031418308 1.6988997204049801 -8.1211129320460564
30.436069650073971 1.6798627347629749 -8.1075347262528457
30.5192550043813 1.6608446789367539 -8.0939754503071235
30.602667714035451 1.6418455609529847 -8.0804351122363283
30.686308400425297 1.6228653889523461 -8.066913720181935
30.77017768663805 1.6039041712283568 -8.0534112824382724
30.854276197463861 1.5849619162672033 -8.0399278074923508
30.938604559400567 1.5660386327885683 -8.0264633040647055
31.023163400658234 1.5471343297875793 -8.0130177811513281
31.107953351163921 1.5282490165777685 -7.9995912480666336
31.192975042566381 1.5093827028351321 -7.9861837144875256
31.278229108240698 1.4905353947929103 -7.9727951866481694
31.363716183293057 1.4717070980339342 -7.959425670132342
31.44943690456547 1.4528978218878799 -7.9460751742706854
31.535391910640485 1.4341075753547365 -7.9327437080641756
31.62158184184603 1.4153363671282362 -7.9194312802075553
31.708007340260071 1.3965842056227222 -7.9061378991161995
31.794669049715448 1.3778510990007833 -7.8928635729537504
31.881567615804723 1.3591370552017044 -7.8796083096605711
31.968703685884893 1.3404420819707719 -7.8663721169830492
32.056077909082262 1.3217661868893975 -7.8531550025037227
32.14369093629729 1.30310937740611 -7.8399569736722663
32.231543420209384 1.2844716608684292 -7.826778037837375
32.319636015281873 1.2658530445556029 -7.8136182022794971
32.407969377766754 1.247253535712292 -7.80047747424452
32.496544165709651 1.2286731415831484 -7.7873558609783462
32.585361038954709 1.2101118694483342 -7.774253369762417
32.674420659149476 1.1915697266600107 -7.7611700079501986
32.763723689749924 1.1730467206797686 -7.7481057830046183
32.853270796025278 1.1545428591170961 -7.7350607025365239
32.943062645063009 1.1360581497688116 -7.7220347743441264
33.033099905773888 1.1175926006595231 -7.7090280064534555
33.123383248896822 1.0991462200831661 -7.6960404071598969
33.21391334700396 1.0807190166455607 -7.6830719850707512
33.30469087450566 1.0623109992744064 -7.6701227491152295
33.395716507655521 1.0439221726294212 -7.6571927039545971
33.486990924555457 1.025552542404097 -7.6442818552839213
33.578514805160673 1.00720211711237 -7.6313902116187489
33.670288831284765 0.9888709049350366 -7.6185177811415192
33.762313686604863 0.97055891374556769 -7.605664571727381
33.854590056666609 0.95226615113672519 -7.5928305909708067
33.947118628889349 0.93399262444794495 -7.580015846212981
34.039900092571209 0.91573834079354122 -7.5672203445700035
34.132935138894254 0.89750330709173287 -7.5544440929619086
34.226224460929664 0.87928753009448279 -7.541687098142523
34.319768753642819 0.86109101641823127 -7.5289493667301812
34.413568713898542 0.84291377257545996 -7.5162309052392988
34.507625040466259 0.82475580500714596 -7.5035317201128278
34.601938434025207 0.8066171201161253 -7.4908518177556163
34.696509597169715 0.78849772430134291 -7.4781912045686694
34.791339234414323 0.77039762399308109 -7.4655498869843635
34.886428052199101 0.75231682568908287 -7.4529278715025793
34.981776758894945 0.73425533599165416 -7.4403251647278088
35.077386064808771 0.7162131616457732 -7.4277417734072548
35.173256682188864 0.69819030957815809 -7.4151777044699037
35.269389325230158 0.68018678693736867 -7.4026329650666343
35.365784710079545 0.662202601134946 -7.3901075626113455
35.462443554841308 0.64423775988757093 -7.3776015048231285
35.55936657958231 0.62629227107839402 -7.365114799587591
35.656554506337464 0.60836613779892545 -7.3526474499987478
35.754008059115129 0.59045936557543865 -7.3401994615854278
35.85172796390242 0.57257196191739268 -7.3277708418596967
35.949714948670668 0.55470393399947071 -7.3153615979988889
36.04796974338084 0.53685528868715782 -7.3029717368711973
36.146493079988957 0.51902603256310342 -7.2906012650620333
36.245285692451617 0.50121617195425738 -7.2782501889011622
36.344348316731342 0.48342571295982956 -7.2659185144906591
36.443681690802137 0.4656546614800261 -7.2536062477336571
36.543286554655054 0.44790302324563575 -7.2413133943639236
36.643163650303478 0.4301708038484755 -7.2290399599763138
36.743313721788951 0.41245800877264133 -7.2167859500580223
36.843737515186497 0.39476464342669992 -7.2045513700207673
36.944435778610234 0.37709071317671944 -7.1923362252338352
37.045409262219032 0.35943622338021552 -7.1801405210580196
37.146658718221971 0.34180117942104465 -7.1679642628805142
37.248184900884034 0.32418558674520281 -7.1558074561507183
37.349988566531692 0.30658945089758927 -7.1436701064169954
37.452070473558521 0.28901277755974858 -7.1315522193644227
37.554431382430941 0.271455572588578 -7.1194538008534964
37.657072055693767 0.2539178420560787 -7.1073748569598791
37.759993257975914 0.2363995922900923 -7.0953153940151452
37.863195755996202 0.2189008299160761 -7.0832754186485571
37.966680318568898 0.20142156145612511 -7.0712549373860778
38.070447716609586 0.18396178846520711 -7.0592539517866246
38.174498723140815 0.16652151595934858 -7.0472724668702398
38.27883411329789 0.14910075023972788 -7.0353104889421934
38.383454664334721 0.13169949726990726 -7.0233680239702112
38.48836115562947 0.11431776270119014 -7.0114450776098396
38.593554368690441 0.096955551898713813 -6.9995416552305354
38.699035087161967 0.079612869968323285 -6.9876577619425424
38.804804096830033 0.062289721784275838 -6.9757934026245909
38.91086218562841 0.044986112017675717 -6.9639485819523452
39.017210143644313 0.02770204516579881 -6.9521233044277251
39.123848763124343 0.01043752558223417 -6.940317574409038
39.230778838480468 -0.0068074424921647156 -6.9285313961419499
39.338001166295832 -0.024032854897396334 -6.9167647737913533
39.445516545330712 -0.041238707521604703 -6.9050177114740894
39.553325776528588 -0.058424996267451894 -6.8932902132925635
39.661429663021863 -0.07559171701755657 -6.8815822833693128
39.769829010138139 -0.092738865599071296 -6.8698939258824403
39.878524625406001 -0.10986643774723329 -6.8582251451020468
39.987517318561082 -0.12697442906800932 -6.8465759454276016
40.096807901552197 -0.14406283499975361 -6.8349463314262815
40.206397188547257 -0.16113165077384725 -6.8233363078723279
40.316285995939381 -0.17818087137435784 -6.8117458797874004
40.426475142353027 -0.19521049149663558 -6.8001750524819657
40.536965448649987 -0.21222050629640501 -6.7886238308062232
40.647757737935656 -0.22921091575476893 -6.7770922147850996
40.758852835565001 -0.24618171575138073 -6.7655802085450683
40.870251569148785 -0.26313290142145435 -6.7540878169571474
40.981954768559802 -0.28006446824221343 -6.7426150445504529
41.093963265938854 -0.29697641200778607 -6.7311618955372952
41.206277895701213 -0.31386872880341776 -6.7197283738389872
41.318899494542627 -0.33074141497883947 -6.7083144831124661
41.431828901445641 -0.34759446712087883 -6.6969202267776753
41.545066957685897 -0.36442788202530801 -6.6855456080457358
41.658614506838262 -0.38124165666782245 -6.6741906299479616
41.772472394783222 -0.39803578817422369 -6.6628552953656666
41.886641469713211 -0.41481027378978208 -6.6515396070608288
42.001122582138741 -0.43156511084767213 -6.6402435677076248
42.115916584895018 -0.44830029673664284 -6.6289671799247971
42.231024333148042 -0.46501582886768222 -6.617710446308954
42.346446684401108 -0.481711704639875 -6.6064733694687412
42.462184498501216 -0.4983879214052987 -6.5952559520599356
42.578238637645377 -0.51504447643297346 -6.5840581968214975
42.694609966387063 -0.53168136687189449 -6.5728801066125415
42.811299351642795 -0.54829858971308187 -6.5617216844502906
42.928307662698295 -0.5648961417506112 -6.5505829335490349
43.045635771215316 -0.58147401954172562 -6.5394638573600412
43.163284551237872 -0.59803221936583106 -6.5283644596125416
43.281254879198841 -0.61457073835612952 -6.5172847431821097
43.399547633926574 -0.63108957810778399 -6.5062247064825165
43.518163696651236 -0.64758873580897092 -6.4951843523346389
43.637103951011618 -0.66406820828940827 -6.4841636839179593
43.756369283061538 -0.68052799272705833 -6.47316270406386
43.875960581276487 -0.69696808662333876 -6.4621814152804147
43.995878736560343 -0.71338848777760067 -6.4512198197779131
44.116124642251854 -0.72978919426081135 -6.4402779194951734
44.236699194131361 -0.74617020438849213 -6.4293557161266151
44.357603290427583 -0.76253151669287156 -6.4184532111501049
44.478837831824045 -0.77887312989418589 -6.4075704058556502
44.600403721466087 -0.7951950428712431 -6.3967073013748541
44.722301864967378 -0.81149725463106648 -6.3858638987112544
44.844533170416724 -0.8277797642777579 -6.3750401987714724
44.967098548384925 -0.84404257098047264 -6.3642362023972394
45.089998911931403 -0.86028567394050515 -6.3534519103983103
45.213235176611065 -0.87650907235750075 -6.3426873235862518
45.336808260481256 -0.8927127653947754 -6.3319424428091367
45.460719084108305 -0.90889675214363763 -6.3212172689872013
45.584968570574709 -0.92506103158686837 -6.310511803149387
45.709557645485781 -0.94120560256116637 -6.299826046470888
45.834487236976607 -0.9573304637186526 -6.2891600003116483
45.959758275719089 -0.97343561348739716 -6.2785136662558472
46.085371694928583 -0.98952105003087443 -6.2678870461524214
46.211328430371204 -1.0055867727286882 -6.2572801406343759
46.337629420370526 -1.0216327849789097 -6.2466929463164362
46.464275605814677 -1.0376590857050931 -6.2361254642880173
46.591267930163418 -1.0536656737228993 -6.2255776957466145
46.718607339455012 -1.0696525482043178 -6.2150496415335761
46.846294782313365 -1.0856197086532129 -6.2045413021585727
46.974331209955182 -1.1015671548801054 -6.1940526778248097
47.102717576196774 -1.1174948869761723 -6.183583768455029
47.231454837461534 -1.1334029052865455 -6.1731345737182144
47.360543952786749 -1.1492912103827644 -6.1627050930571396
47.48998588383089 -1.1651598030344781 -6.1522953257166719
47.619781594880813 -1.1810086841803242 -6.1419052707728889
47.749932052858824 -1.1968378548979759 -6.1315349271630373
47.880438227329925 -1.2126473163733662 -6.1211842937163103
48.011301090509157 -1.2284370698690601 -6.1108533691854765
48.142521617268571 -1.2442071166917303 -6.1005421522794041
48.274100785144832 -1.2599574581588022 -6.0902506416964215
48.406039574346224 -1.2756880955641465 -6.0799788361586238
48.538338967760048 -1.2913990301428848 -6.0697267344470687
48.670999950960066 -1.3070902630352819 -6.0594943354378881
48.80402351221354 -1.3227617952496284 -6.0492816381394041
48.937410642488977 -1.3384136276242495 -6.0390886417301255
49.071162335463193 -1.3540457607884491 -6.0289153455978006
49.205279587528857 -1.3696581951225104 -6.018761749379423
49.339763397801967 -1.3852509324931319 -6.008627851225806
49.474614768129143 -1.4008239783389882 -5.9985136457160309
49.609834703095174 -1.4163773337609369 -5.98841913176721
49.745424210030592 -1.4319109999104827 -5.9783443082460357
49.881384299018919 -1.4474249783017032 -5.9682891736568546
50.017715982904512 -1.4629192707870304 -5.9582537261659123
50.154420277299863 -1.4783938795322176 -5.9482379636263643
50.291498200593253 -1.4938488069906084 -5.9382418836040145
50.428950773956394 -1.5092840558766474 -5.9282654834038153
50.566779021351941 -1.524699629138591 -5.9183087600971476
50.704983969541118 -1.5400955299304515 -5.9083717105498827
50.843566648091539 -1.5554717615831501 -5.898454331451239
50.982528089384552 -1.5708283275748078 -5.8885566193434755
51.121869328623319 -1.5861652315002752 -5.8786785706523812
51.261591403840214 -1.6014824770397531 -5.8688201817186441
51.401695355904693 -1.6167800679265882 -5.858981448830062
51.542182228531097 -1.6320580079141935 -5.849162368254623
51.683053068286277 -1.6473163007420668 -5.8393629362744948
51.824308924597517 -1.6625549501008947 -5.8295831492209045
51.965950849760304 -1.6777739595967711 -5.819823003509943
52.107979898946127 -1.6929733327144276 -5.8100824956793202
52.250397130210494 -1.7081530727795602 -5.8003616224260472
52.393203604500599 -1.7233131829201414 -5.7906603806451242
52.536400385663335 -1.7384536660267651 -5.7809787674691924
52.67998854045333 -1.7535745280432706 -5.7713167769779536
52.823969138540576 -1.7686757754215054 -5.7616744027433686
52.968343252518792 -1.7837574117984965 -5.7520516411524794
53.113111957913119 -1.7988194411830642 -5.742448488220802
53.258276333188235 -1.8138618679319771 -5.7328649396161921
53.403837459756467 -1.8288846967252459 -5.7233009906835433
53.549796421985675 -1.8438879325406823 -5.7137566364702286
53.696154307207443 -1.8588715806277214 -5.7042318717522855
53.842912205725263 -1.8738356464804857 -5.6947266910613576
53.99007121082235 -1.8887801358100063 -5.6852410887124529
54.13763241877021 -1.9037050545157708 -5.6757750588324285
54.285596928836455 -1.9186104086563356 -5.6663285953893521
54.433965843293123 -1.9334962044192059 -5.6569016922226396
54.582740267424995 -1.9483624480898569 -5.6474943430740314
54.731921309537626 -1.9632091460198771 -5.6381065416194485
54.881510080965697 -1.9780363045942773 -5.6287382815016809
55.03150769608142 -1.9928439301979255 -5.6193895563639664
55.181915272302511 -2.0076320291810275 -5.6100603598844891
55.332733930100936 -2.0224006078237968 -5.6007506858117413
55.483964793010898 -2.0371496723000826 -5.5914605280008649
55.635608987637383 -2.0518792286401295 -5.5821898804509047
55.787667643664612 -2.0665892826923811 -5.5729387373430237
55.940141893864173 -2.0812798415619875 -5.5637070916019766
56.093032874103862 -2.0959509148751971 -5.5544949336317799
56.246341723355805 -2.110602509226692 -5.5453022568682764
56.400069583705083 -2.1252346313970714 -5.5361290545616981
56.554217600358314 -2.1398472885146598 -5.5269753196148708
56.708786921652006 -2.1544404880307804 -5.5178410446079349
56.863778699061214 -2.1690142376943102 -5.5087262218237933
57.019194087208227 -2.1835685455254934 -5.4996308432743071
57.17503424387084 -2.1981034197889366 -5.4905549007272754
57.3313003299914 -2.2126188689659303 -5.4814983857341497
57.48799350968514 -2.2271149017258773 -5.4724612896585842
57.645114950248932 -2.2415915268969746 -5.4634436037057554
57.802665822170113 -2.2560487534360698 -5.4544453189525157
57.960647299135012 -2.2704865903976694 -5.4454664263783785
58.119060558037773 -2.2849050469021046 -5.4365069168973514
58.277906778989255 -2.2993041321028587 -5.4275667813906212
58.437187145325481 -2.3136838551529548 -5.4186460107401411
58.596902843616888 -2.3280442251705411 -5.409744595863077
58.75705506367683 -2.3423852512034822 -5.4008625277471936
58.917644998570552 -2.3567069421930649 -5.3919997974871512
59.078673844624213 -2.3710093069367852 -5.3831563963217341
59.240142801433464 -2.3852923553323118 -5.37433231438989
59.4020530718728 -2.3995560993176577 -5.365527539790599
59.564405862104188 -2.4138005483831799 -5.3567420630707687
59.727202381586181 -2.4280257122472912 -5.34797587454959
59.89044384308302 -2.4422316009689284 -5.3392289642060566
60.054131462673475 -2.4564182249226088 -5.3305013217039239
60.218266459760009 -2.4705855947727473 -5.321792936417383
60.382850057077967 -2.4847337214472267 -5.3131037974574911
60.547883480704364 -2.4988626161101903 -5.3044338936993825
60.713367960067451 -2.5129722901340843 -5.2957832138102265
60.879304727955514 -2.5270627550708764 -5.2871517462780009
61.04569502052621 -2.541134022622491 -5.2785394794410694
61.212540077315829 -2.5551861046104216 -5.2699464015185571
61.379841141248392 -2.5692190129444912 -5.2613725006415946
61.547599458644967 -2.5832327595907829 -5.252817764885382
61.715816279233074 -2.5972273565387125 -5.2442821823021273
61.884492856155696 -2.6112028157671796 -5.2357657409548768
62.053630445981 -2.6251591492098898 -5.227268428952212
62.223230308711379 -2.639096368719696 -5.2187902344838841
62.393293707792971 -2.6530144860320641 -5.2103311458573645
62.563821910125142 -2.6669135142998468 -5.201891149963112
62.734816186069757 -2.6807934676407408 -5.1934702327270985
62.906277809460754 -2.6946543584282123 -5.185068381819808
63.078208057613622 -2.7084961993716274 -5.1766855845761643
63.250608211334857 -2.7223190035090434 -5.1683218280027381
63.423479554931646 -2.7361227841819256 -5.15997709880304
63.596823376221252 -2.7499075550090781 -5.1516513834035695
63.770640966540689 -2.7636733298598708 -5.1433446679806041
63.94493362075648 -2.7774201228266842 -5.1350569384877494
64.119702637273932 -2.791147948196536 -5.1267881806843043
64.294949318047287 -2.8048568204219757 -5.1185383801643729
64.470674968589037 -2.8185467540911153 -5.1103075223868295
64.646880897979813 -2.8322177638968613 -5.1020955927060836
64.823568418878196 -2.8458698646053167 -5.0939025764036838
65.000738847530329 -2.8595030710232878 -5.0857284587207916
65.178393503779787 -2.8731173979649762 -5.0775732248915046
65.356533711077617 -2.8867128602177603 -5.0694368601770661
65.535160796491738 -2.9002894725070592 -5.0613193499009945
65.714276090717334 -2.913847249469403 -5.0532206794760155
65.893880928086418 -2.9273862074829617 -5.0451408325736065
66.073976646577904 -2.9409063628127905 -5.037079792978675
66.254564587827616 -2.9544077307678718 -5.029037545432482
66.435646097138147 -2.9678903269965469 -5.0210140743372591
66.617222523488991 -2.9813541674615651 -5.0130093637811584
66.799295219546636 -2.9947992684143907 -5.0050233975639458
66.981865541674395 -3.0082256463687509 -4.9970561592234484
67.164934849942853 -3.021633318073456 -4.9891076320627343
67.348504508139754 -3.0350223004844148 -4.9811777991780932
67.532575883780183 -3.0483926107358803 -4.9732666434877881
67.717150348116974 -3.0617442661109111 -4.9653741477615991
67.902229276150507 -3.0750772840109599 -4.9575002946512123
68.087814046639437 -3.0883916819247235 -4.9496450667213923
68.273906042110582 -3.101687477396061 -4.9418084464820398
68.460506648869384 -3.114964687991109 -4.9339904164210839
68.647617257010324 -3.128223331264512 -4.9261909590382444
68.835239260427059 -3.141463424724745 -4.9184100568797033
69.023374056822931 -3.1546849858371901 -4.9106476925350302
69.212023047721502 -3.1678880337415256 -4.902903846919882
69.401187638476614 -3.1810725871211085 -4.8951785014065052
69.590869238283375 -3.194238664095546 -4.8874716379311565
69.781069260188218 -3.2073862831096251 -4.8797832381052189
69.971789121099619 -3.2205154629080086 -4.8721132832405027
70.163030241798737 -3.2336262225091721 -4.8644617543753021
70.354794046949749 -3.2467185811786043 -4.8568286323011982
70.547081965110664 -3.2597925584012382 -4.8492138975906176
70.739895428744035 -3.2728481738531263 -4.8416175306251645
70.933235874227208 -3.2858854473722738 -4.8340395116247663
71.127104741863619 -3.2989043989287432 -4.8264798206775819
71.321503475893053 -3.3119050485938777 -4.8189384377707674
71.516433524502588 -3.324887416508715 -4.8114153428220527
71.711896339837523 -3.337851522851575 -4.8039105157121602
71.907893378011735 -3.3507973878047292 -4.7964239363181163
72.104426099119138 -3.3637250315202687 -4.7889555845473906
72.30149596724408 -3.3766344740958987 -4.7815054403620882
72.49910445047243 -3.3895257369586185 -4.774073482395365
72.69725302090265 -3.402398841415514 -4.7666596894005462
72.89594315465645 -3.4152538081800126 -4.7592640407248084
73.095176331889988 -3.4280906582784718 -4.7518865154026759
73.294954036805024 -3.4409094130246034 -4.744527092181583
73.495277757659537 -3.4537100939931489 -4.7371857495481882
73.696148986779335 -3.4664927229928493 -4.7298624657554091
73.897569220568812 -3.4792573220386105 -4.7225572188502545
74.099539959522204 -3.4920039133228995 -4.7152699867024124
74.302062708234857 -3.5047325191863701 -4.7080007470336289
74.505138975414269 -3.5174431620876527 -4.7007494774479079
74.708770273891417 -3.5301358645723484 -4.6935161554625155
74.91295812063214 -3.5428106492411819 -4.6863007585398151
75.117704036748108 -3.5554675387172958 -4.6791032641199726
75.323009547508576 -3.5681065556127001 -4.6719236496544951
75.528876182351439 -3.5807277224938323 -4.6647618926406702
75.735305474894687 -3.5933310624899564 -4.6576179700132077
75.942298962948058 -3.6059165996372409 -4.6504918578002066
76.149858188523993 -3.618484357016361 -4.6433835329853581
76.35798469784973 -3.6310343579663522 -4.6362929722942274
76.566680041378376 -3.6435666261053159 -4.6292201521735219
76.775945773800601 -3.6560811853040507 -4.6221650488174673
76.985783454056346 -3.668578059658917 -4.6151276381949309
77.196194645346196 -3.6810572734639413 -4.6081078960773176
77.407180915143144 -3.6935188511821488 -4.6011057980672296
77.618743835204441 -3.705962817416105 -4.5941213196279183
77.830884981582855 -3.7183891968776388 -4.5871544361135488
78.043605934638961 -3.7307980143567869 -4.58020512280026
78.256908279052496 -3.7431892946898637 -4.5732733549180802
78.470793603834309 -3.7555630627267034 -4.5663591076836703
78.685263502338302 -3.7679193432970601 -4.5594623563339356
78.900319572273119 -3.780258161201135 -4.5525830761354689
79.11596341571412 -3.7925795423337787 -4.5457212412604884
79.332196639115452 -3.8048835123385882 -4.538876826132582
79.549020853321636 -3.8171700965595727 -4.5320498054750242
79.766437673580114 -3.8294393206178681 -4.5252401537341402
79.984448719552788 -3.8416912103854703 -4.5184478451055439
80.203055615328338 -3.8539257919582868 -4.5116728535610964
80.422259989434352 -3.8661430916284081 -4.5049151528766238
80.642063474849252 -3.8783431358555971 -4.4981747166604169
80.862467709014652 -3.8905259512380299 -4.4914515183824886
81.083474333847462 -3.9026915644822031 -4.4847455314046538
81.305084995752111 -3.9148400023720638 -4.4780567290113957
81.527301345632964 -3.9269712917372965 -4.4713850844415726
81.75012503890639 -3.939085459420764 -4.464730570920957
81.973557735513182 -3.9511825322451175 -4.4580931616956292
82.197601099931148 -3.9632625370067283 -4.4514728300380311
82.42225680118699 -3.9753255014793227 -4.4448695482434628
82.647526512869348 -3.9873714531785671 -4.4382832888653372
82.873411913140814 -3.9994004193999304 -4.4317140246773103
83.099914684750601 -4.0114124276961975 -4.4251617281958264
83.327036515047197 -4.0234075058509555 -4.4186263717066305
83.554779095990696 -4.0353856818513103 -4.4121079272920376
83.783144124165489 -4.0473469838598737 -4.4056063668589482
84.012133300793124 -4.0592914401859597 -4.3991216621676337
84.241748331744489 -4.0712190792559975 -4.3926537848613183
84.471990927553094 -4.0831299295831736 -4.3862027064965359
84.702862803427408 -4.0950240197362193 -4.3797683985743214
84.934365679263735 -4.1069013783074011 -4.3733508325722132
85.166501279659187 -4.1187620338796789 -4.3669499799770941
85.399271333924275 -4.1306060149929715 -4.3605658123189013
85.632677576095929 -4.142433350568985 -4.354198300745872
85.866721744950596 -4.1542440701272563 -4.3478474158085323
86.101405584016646 -4.1660382025848532 -4.3415131286597877
86.336730841588064 -4.177815777078977 -4.3351954102324619
86.572699270736933 -4.1895768229677648 -4.3288942312384808
86.809312629326726 -4.2013213698030798 -4.3226095621960825
87.046572680025477 -4.2130494473025246 -4.3163413734577913
87.284481190318544 -4.2247610853206838 -4.3100896352391631
87.523039932522309 -4.2364563138196241 -4.3038543176482857
87.762250683796935 -4.2481351628385555 -4.2976353907161
88.002115226159788 -4.2597976624627121 -4.2914328244275071
88.242635346498787 -4.2714438427914159 -4.2852465887533038
88.483812836585557 -4.2830737339052876 -4.2790766536829503
88.725649493088781 -4.2946873658326146 -4.2729229892581904
88.968147117587861 -4.3062847691043897 -4.2667855650181279
89.211307516585819 -4.3178659745111263 -4.2606643502423447
89.455132501523366 -4.3294310124325905 -4.2545593146210487
89.699623888791891 -4.3409799134701084 -4.2484704276228724
89.944783499747231 -4.3525127084210515 -4.2423976585203862
90.190613160723316 -4.3640294282512793 -4.2363409764176483
90.437114703045538 -4.3755301040668284 -4.230300350278501
90.684289963044506 -4.3870147670848327 -4.224275748955642
90.932140782069922 -4.3984834486036872 -4.2182671412204575
91.180669006503805 -4.4099361799723669 -4.212274495793678
91.429876487774862 -4.4213729925590011 -4.206297781376807
91.679765082371773 -4.4327939177185725 -4.2003369666843984
91.930336651857232 -4.4441989867598091 -4.194392020477161
92.18159306288203 -4.455588231123131 -4.1884629113840406
92.433536187198328 -4.4669616828979306 -4.1825496073850568
92.686167901674395 -4.4783193736761762 -4.1766520769574358
92.939490088307991 -4.4896613351797123 -4.1707702884484439
93.193504634240597 -4.5009875993149171 -4.1649042100207421
93.44821343177162 -4.5122981981452428 -4.1590538096798424
93.703618378372198 -4.523593163862988 -4.1532190553023121
93.959721376699477 -4.5348725287603271 -4.1473999146647405
94.216524334610995 -4.5461363251995772 -4.14159635547347
94.474029165178337 -4.5573845855826329 -4.1358083453951293
94.732237786702072 -4.5686173423196559 -4.1300358520879508
94.991152122725538 -4.5798346277969104 -4.124278843233915
95.25077410204932 -4.5910364743437713 -4.11853728657172
95.511105658745791 -4.602222914479067 -4.1128111496505086
95.77214873217325 -4.6133939811945011 -4.1071003995465212
96.033905266990445 -4.6245497070448467 -4.1014050037726477
96.296377213171354 -4.6356901247393951 -4.0957249296871403
96.559566526019069 -4.6468152671480203 -4.0900601444875377
96.823475166181126 -4.6579251672735191 -4.0844106152383199
97.088105099663551 -4.6690198582231845 -4.0787763088993296
97.353458297845677 -4.6800993731796128 -4.0731571923549437
97.619536737494997 -4.6911637453707593 -4.0675532324440109
97.886342400781615 -4.7022130080391831 -4.0619643959905902
98.153877275293155 -4.7132471944105143 -4.0563906498354774
98.422143354049595 -4.7242663376610894 -4.0508319608685479
98.691142635517977 -4.7352704709260758 -4.045288296020626
98.960877123627569 -4.7462596278877909 -4.0397596216753575
99.231348827784444 -4.7572338419689002 -4.034245904475747
99.502559762886619 -4.7681931465591978 -4.0287471110974469
99.774511949339285 -4.7791375752010294 -4.0232632080633985
100.04720741306927 -4.7900671615618338 -4.0177941617712589
100.32064818554089 -4.8009819394060154 -4.0123399385215333
100.59483630377031 -4.811881942566024 -4.0069005045464836
100.8697738103414 -4.8227672049126733 -4.001475826039786
101.14546275342063 -4.8336377603247032 -3.9960658691869644
101.42190518677207 -4.8444936426575191 -3.990670600196629
101.69910316977325 -4.8553348857111667 -3.9852899853324923
101.97705876743025 -4.8661615232282385 -3.9799239909154598
102.25577405039273 -4.8769735894234634 -3.9745725827942038
102.53525109496999 -4.8877711182936538 -3.9692357270350009
102.81549198314613 -4.8985541437894051 -3.9639133897500671
103.09649880259524 -4.9093226999954611 -3.9586055369172559
103.37827364669755 -4.920076821103323 -3.9533121344074522
103.66081861455483 -4.9308165413830727 -3.9480331480127178
103.94413581100555 -4.9415418951544803 -3.94276854347518
104.22822734664139 -4.9522529167573657 -3.9375182865166605
104.51309533782212 -4.9629496405211482 -3.9322823428690996
104.79874190669219 -4.9736321007336572 -3.9270606783057405
105.08516918119565 -4.984300331609103 -3.9218532586731349
105.37237929509288 -4.9949543674042092 -3.9166600497750514
105.66037438797599 -5.0055942427540367 -3.9114810170367935
105.94915660528459 -5.0162199919591872 -3.9063161262176971
106.23872809832228 -5.0268316494048539 -3.9011653429922459
106.5290910242725 -5.0374292495825719 -3.8960286329283425
106.82024754621418 -5.0480128270625473 -3.8909059615149411
107.11219983313848 -5.0585824164653159 -3.8857972941903989
107.40495005996472 -5.0691380524326126 -3.8807025963715804
107.69850040755618 -5.0796797695974876 -3.8756218334837258
107.99285306273715 -5.0902076025536855 -3.8705549709910634
108.2880102183083 -5.1007215858241812 -3.8655019744282413
108.58397407306394 -5.1112217538684019 -3.8604628093931255
108.88074683180751 -5.1217081415155254 -3.8554374411136676
109.17833070536874 -5.1321807833643591 -3.8504258350477816
109.47672791061986 -5.142639713998034 -3.8454279566687264
109.77594067049169 -5.1530849680966364 -3.840443771352525
110.07597121399095 -5.163516580409877 -3.8354732444052875
110.3768217762165 -5.1739345857290102 -3.830516341091279
110.67849459837564 -5.1843390188580019 -3.8255730266617198
110.98099192780145 -5.1947299145840118 -3.8206432663843115
111.28431601796932 -5.2051073076470553 -3.8157270255735432
111.58846912851324 -5.2154712327089081 -3.8108242696217656
111.89345352524354 -5.2258217243685499 -3.8059349639837632
112.19927148016282 -5.236158817549204 -3.8010590737898906
112.50592527148375 -5.2464825469365417 -3.7961965644076057
112.8134171836452 -5.2567929472147386 -3.7913474012055111
113.12174950733001 -5.2670900531475402 -3.7865115494723378
113.43092453948172 -5.2773738995509918 -3.7816889744442008
113.74094458332138 -5.2876445212654426 -3.7768796413325667
114.05181194836531 -5.2979019531268721 -3.7720835153529362
114.36352895044202 -5.30814622993742 -3.7673005617542752
114.67609791170914 -5.3183773864351851 -3.7625307458492028
114.98952116067132 -5.3285954572632734 -3.7577740330449259
115.30380103219733 -5.3388004771040736 -3.7530303887090408
115.61893986753705 -5.3489924808317584 -3.7482997780170897
115.93494001433963 -5.3591715030671159 -3.7435821663975233
116.2518038266706 -5.3693375784974018 -3.7388775192119872
116.56953366502908 -5.3794907418646316 -3.734185801767036
116.8881318963662 -5.3896310279382513 -3.7295069793414575
117.20760089410177 -5.3997584714870266 -3.7248410172143425
117.52794303814289 -5.4098731072502959 -3.720187880693846
117.84916071490076 -5.4199749699083997 -3.7155475351467091
118.17125631730927 -5.430064094052427 -3.7109199460285081
118.49423224484252 -5.4401405142001744 -3.7063050788676994
118.81809090353225 -5.4502042651107816 -3.7017028989511696
119.14283470598654 -5.4602553813225763 -3.697113371786112
119.46846607140742 -5.4702938973714668 -3.6925364628817769
119.79498742560853 -5.4803198478432913 -3.6879721376971268
120.12240120103385 -5.4903332673469381 -3.683420361667729
120.4507098367756 -5.5003341904867016 -3.6788811002333648
120.77991577859204 -5.5103226518339534 -3.6743543188663463
121.11002147892583 -5.5202986858980809 -3.6698399831005499
121.44102939692321 -5.5302623270967279 -3.6653380585611743
121.77294199845082 -5.5402136097589247 -3.6608485109615843
122.1057617561149 -5.5501525684191408 -3.6563713058094645
122.43949114927989 -5.5600792374157058 -3.6519064088081352
122.77413266408661 -5.5699936510670076 -3.6474537856804727
123.10968879347041 -5.5798958437300366 -3.6430134021103848
123.44616203718054 -5.5897858497737642 -3.6385852237694394
123.78355490179831 -5.5996637035517809 -3.6341692163441941
124.12186990075547 -5.6095294393742483 -3.6297653455642247
124.46110955435361 -5.6193830914791567 -3.625373577230854
124.80127638978267 -5.6292246940028337 -3.6209938772466148
125.14237294113924 -5.6390542810274527 -3.6166262115677705
125.48440174944633 -5.6488718867934145 -3.6122705459920912
125.82736536267184 -5.6586775453233065 -3.6079268465346317
126.17126633574732 -5.6684712906550709 -3.6035950791947124
126.51610723058722 -5.6782531568479984 -3.5992752099499405
126.86189061610831 -5.6880231779561976 -3.5949672047827281
127.20861906824847 -5.6977813880013626 -3.5906710297075
127.55629516998555 -5.7075278209448443 -3.5863866507985915
127.90492151135737 -5.71726251065905 -3.5821140342188413
128.25450068948064 -5.7269854908992359 -3.5778531462477714
128.60503530856985 -5.736696795508462 -3.5736039530767774
128.9565279799576 -5.7463964582665783 -3.5693664209600455
129.30898132211345 -5.7560845128425635 -3.5651405162621645
129.6623979606633 -5.7657609929298568 -3.5609262053229038
130.01678052840941 -5.775425932220462 -3.5567234544830875
130.37213166534997 -5.7850793643783787 -3.5525322301111459
130.72845401869822 -5.7947213230123511 -3.5483524986303467
131.08575024290246 -5.8043518416479296 -3.5441842265467018
131.44402299966666 -5.8139709536988518 -3.5400273804775755
131.80327495796882 -5.8235786925528457 -3.535881927065935
132.16350879408162 -5.8331750916611229 -3.5317478328909435
132.52472719159263 -5.8427601842923353 -3.5276250647137983
132.88693284142397 -5.8523340037299372 -3.5235135892805358
133.25012844185193 -5.8618965832539951 -3.5194133733401949
133.61431669852794 -5.8714479561151487 -3.5153243836708539
133.9795003244983 -5.8809881555078656 -3.511246587106343
134.34568204022395 -5.8905172145430216 -3.5071799505636325
134.71286457360162 -5.9000351662198325 -3.5031244410708933
135.08105065998367 -5.9095420434880301 -3.4990800257053638
135.45024304219822 -5.919037879360018 -3.4950466714812976
135.82044447056975 -5.9285227066682955 -3.4910243455923178
136.19165770294049 -5.9379965582494032 -3.4870130152276562
136.56388550468938 -5.9474594669294474 -3.4830126475865937
136.93713064875362 -5.9569114654984192 -3.4790232099041303
137.31139591564937 -5.9663525866838478 -3.4750446694773149
137.6866840934924 -5.9757828631237677 -3.4710769936922423
138.06299797801816 -5.9852023273390147 -3.4671201500517315
138.44034037260369 -5.994611011832359 -3.4631741060762899
138.81871408828798 -6.0040089491054891 -3.4592388292871514
139.19812194379244 -6.0133961715130431 -3.4553142873520928
139.57856676554289 -6.0227727114110357 -3.4514004479371669
139.96005138769004 -6.0321386011333837 -3.447497278730149
140.34257865213027 -6.0414938729664298 -3.443604747465983
140.72615140852756 -6.0508385591228526 -3.4397228219528553
141.11077251433446 -6.0601726917148993 -3.4358514700989375
141.49644483481291 -6.0694963027370123 -3.431990659929729
141.88317124305581 -6.0788094242362805 -3.4281403594177884
142.27095462000949 -6.08811208812764 -3.4243005366673542
142.65979785449332 -6.097404326266548 -3.420471159841727
143.04970384322226 -6.1066861704951068 -3.4166521971172075
143.44067549082874 -6.1159576526173547 -3.4128436167077827
143.83271570988376 -6.1252188043739144 -3.4090453868904502
144.22582742091836 -6.1344696574160027 -3.4052574760311742
144.62001355244621 -6.1437102432788153 -3.4014798526114824
145.01527704098484 -6.1529405934479984 -3.3977124851620633
145.41162083107724 -6.1621607394063718 -3.3939553422160893
145.80904787531469 -6.1713707124919468 -3.390208392451052
146.20756113435814 -6.1805705440305418 -3.3864716045563004
146.60716357696012 -6.1897602653146011 -3.3827449472541815
147.00785817998701 -6.1989399075785014 -3.3790283893247199
147.40964792844213 -6.2081095019732375 -3.3753218996309164
147.81253581548631 -6.217269079540416 -3.3716254471446976
148.21652484246121 -6.2264186712284859 -3.3679390009307215
148.62161801891176 -6.2355583080118491 -3.3642625300274083
149.02781836260834 -6.2446880207098543 -3.3605960036277329
149.43512889956887 -6.2538078401150274 -3.3569393909511369
149.84355266408207 -6.2629177969870087 -3.3532926612496081
150.25309269872983 -6.272017922028339 -3.3496557838318499
150.66375205440923 -6.2811082458596514 -3.3460287280880627
151.07553379035636 -6.2901887989942642 -3.3424114635153268
151.48844097416847 -6.2992596118440334 -3.3388039597117585
151.90247668182653 -6.3083207148386409 -3.3352061862573561
152.31764399771896 -6.3173721382593344 -3.3316181128800788
152.73394601466413 -6.3264139123529217 -3.3280397093419758
153.15138583393323 -6.3354460673299409 -3.3244709454410244
153.56996656527352 -6.3444686333408749 -3.320911791034888
153.98969132693185 -6.3534816404517658 -3.3173622160652689
154.41056324567771 -6.3624851186192268 -3.3138221905828744
154.83258545682585 -6.371479097708538 -3.3102916847293264
155.25576110426073 -6.3804636075842085 -3.3067706686467351
155.68009334045939 -6.3894386779682319 -3.3032591126192576
156.1055853265145 -6.3984043385513596 -3.2997569869619632
156.53224023215881 -6.4073606189812393 -3.2962642620326923
156.9600612357884 -6.4163075488389305 -3.2927809082555122
157.38905152448569 -6.4252451576148077 -3.2893068961447627
157.81921429404434 -6.4341734746839334 -3.2858421963296807
158.25055274899248 -6.4430925293664467 -3.2823867794940771
158.6830701026162 -6.4520023509299422 -3.2789406163739594
159.11676957698381 -6.4609029685297541 -3.2755036778171709
159.55165440297083 -6.469794411290466 -3.2720759347020154
159.98772782028217 -6.4786767082834809 -3.2686573579596248
160.42499307747741 -6.4875498885037883 -3.2652479185971837
160.86345343199517 -6.4964139808461114 -3.261847587721745
161.30311215017696 -6.5052690140924687 -3.2584563365526455
161.74397250729115 -6.5141150170136877 -3.2550741363201445
162.18603778755832 -6.522952018253636 -3.2517009583810284
162.62931128417517 -6.531780046402754 -3.2483367741451863
163.0737962993386 -6.540599130007867 -3.2449815550658068
163.51949614427127 -6.5494092975496381 -3.2416352726619069
163.96641413924593 -6.5582105774194153 -3.2382978985414441
164.41455361360951 -6.5670029978955151 -3.2349694044249975
164.86391790580839 -6.5757865871978565 -3.231649762091215
165.31451036341429 -6.5845613734797128 -3.2283389433850669
165.76633434314724 -6.5933273847929472 -3.2250369202525375
166.2193932109017 -6.6020846491518723 -3.2217436646768736
166.67369034177193 -6.6108331945113443 -3.2184591487004712
167.12922912007667 -6.6195730487442157 -3.215183344447373
167.58601293938389 -6.6283042396182461 -3.2119162241463273
168.04404520253712 -6.6370267948099775 -3.2086577601169375
168.50332932168021 -6.6457407419607319 -3.2054079247137572
168.96386871828236 -6.6544461085894442 -3.2021666904133115
169.42566682316448 -6.6631429221748055 -3.1989340297320989
169.88872707652436 -6.6718312101395805 -3.1957099152422446
170.35305292796176 -6.6805109998285941 -3.1924943195934778
170.81864783650511 -6.6891823184861829 -3.1892872155356486
171.28551527063669 -6.6978451932567671 -3.1860885759181632
171.75365870831834 -6.706499651250895 -3.1828983736240319
172.22308163701732 -6.7151457194566122 -3.1797165816583703
172.69378755373356 -6.7237834248169248 -3.1765431730710749
173.16577996502372 -6.7324127942195995 -3.1733781209669814
173.63906238702847 -6.741033854475627 -3.1702213985273948
174.11363834549883 -6.7496466322970869 -3.1670729790321683
174.5895113758221 -6.7582511542977022 -3.1639328358591645
175.06668502304771 -6.766847447051112 -3.1608009424260719
175.54516284191462 -6.7754355370119077 -3.1576772722692397
176.02494839687733 -6.7840154505889645 -3.1545617989704868
176.50604526213192 -6.7925872141340706 -3.1514544961684345
176.9884570216436 -6.8011508539207357 -3.1483553375796767
177.47218726917311 -6.8097063961224373 -3.1452642970204949
177.95723960830287 -6.8182538668240449 -3.1421813483954542
178.44361765246424 -6.8267932920567462 -3.139106465662524
178.93132502496556 -6.8353246977415596 -3.1360396228895073
179.42036535901696 -6.8438481097552755 -3.1329807941881809
179.91074229775882 -6.8523635539134178 -3.1299299537313097
180.40245949428893 -6.8608710559493504 -3.1268870757735399
180.89552061168956 -6.8693706414928295 -3.1238521346727626
181.38992932305393 -6.8778623361080671 -3.1208251048521438
181.88568931151485 -6.8863461652723332 -3.1178059608214839
182.38280427027158 -6.8948221543793631 -3.1147946771738213
182.88127790261677 -6.9032903287754914 -3.1117912285493494
183.38111392196515 -6.9117507137394911 -3.108795589655573
183.88231605188065 -6.920203334461843 -3.1058077352879749
184.38488802610379 -6.9286482160322764 -3.1028276403424591
184.88883358857959 -6.9370853834895927 -3.0998552797656269
185.39415649348692 -6.9455148617595883 -3.0968906286167504
185.90086050526409 -6.9539366757144352 -3.0939336620084648
186.40894939863824 -6.9623508501705027 -3.0909843551089975
186.91842695865367 -6.9707574098682885 -3.0880426831621688
187.42929698069966 -6.9791563794518945 -3.0851086215078904
187.94156327053815 -6.9875477834893305 -3.082182145561879
188.45522964433331 -6.9959316464681338 -3.0792632308200645
188.9702999286792 -7.0043079927862459 -3.0763518528676719
189.48677796062799 -7.0126768467948297 -3.0734479873365004
190.00466758771941 -7.0210382327790173 -3.0705516099241339
190.52397266800907 -7.0293921749379935 -3.067662696413838
191.04469707009645 -7.0377386973776526 -3.0647812226818552
191.566844673155 -7.0460778241430271 -3.0619071646650742
192.09041936696036 -7.0544095791694348 -3.0590404984097672
192.61542505191903 -7.0627339863437379 -3.0561812000104647
193.14186563909755 -7.0710510694943425 -3.053329245619941
193.66974505025306 -7.0793608523718072 -3.0504846114685624
194.19906721786018 -7.0876633586322706 -3.0476472738808247
194.72983608514156 -7.0959586118699862 -3.0448172092428916
195.26205560609759 -7.1042466355688783 -3.0419943940509313
195.79572974553543 -7.1125274531550433 -3.0391788048587411
196.33086247909787 -7.1208010880016923 -3.0363704182727975
196.86745779329422 -7.1290675634102643 -3.0335692109711285
197.40551968552941 -7.1373269025916573 -3.030775159722038
197.94505216413313 -7.145579128689719 -3.0279882413606356
198.48605924839089 -7.1538242647420711 -3.025208432827974
199.02854496857341 -7.1620623337193239 -3.0224357111318887
199.57251336596619 -7.1702933585430957 -3.0196700533290386
200.11796849289982 -7.1785173620675105 -3.016911436543356
200.66491441278168 -7.1867343670604571 -3.0141598379847743
201.21335520012357 -7.1949443962201096 -3.011415234932699
201.76329494057376 -7.2031474721383448 -3.0086776047725521
202.31473773094737 -7.2113436173366923 -3.0059469249598756
202.86768767925665 -7.2195328542901196 -3.0032231729966243
203.42214890474088 -7.2277152054089067 -3.0005063264492389
203.97812553789839 -7.2358906930204983 -2.9977963629667634
204.53562172051659 -7.2440593393830151 -2.995093260267355
205.09464160570226 -7.2522211666413776 -2.992396996182054
205.65518935791374 -7.2603761968750655 -2.9897075486071558
206.21726915299135 -7.2685244521182364 -2.9870248954841347
206.78088517818784 -7.2766659543419445 -2.9843490148173788
207.34604163220078 -7.2848007254377238 -2.9816798846905805
207.91274272520337 -7.2929287872261073 -2.9790174832582239
208.4809926788752 -7.3010501614056205 -2.9763617887964777
209.05079572643405 -7.3091648696210259 -2.9737127796351066
209.62215611266885 -7.3172729334721547 -2.9710704341486998
210.19507809396873 -7.3253743744963886 -2.9684347307740926
210.76956593835627 -7.3334692141563425 -2.9658056480227071
211.34562392551945 -7.3415574738309042 -2.9631831644894508
211.9232563468432 -7.3496391747777432 -2.9605672588901402
212.50246750544065 -7.3577143382145289 -2.9579579099804598
213.0832617161864 -7.3657829853138326 -2.9553550965610946
213.66564330574826 -7.3738451371859322 -2.9527587974948459
214.24961661261855 -7.3819008148721155 -2.9501689917133254
214.83518598714792 -7.3899500392986939 -2.9475856582628199
215.42235579157702 -7.3979928312948831 -2.9450087762864601
216.01113040006859 -7.4060292116593915 -2.9424383249577959
216.60151419874026 -7.4140592011455775 -2.9398742834956204
217.1935115856987 -7.4220828204455431 -2.9373166311798506
217.78712697106988 -7.4301000901770324 -2.9347653473645443
218.3823647770333 -7.4381110308065006 -2.9322204115546615
218.97922943785528 -7.4461156627519012 -2.9296818033035423
219.57772539992155 -7.4541140064023432 -2.9271495021933198
220.17785712176959 -7.4621060821018945 -2.9246234878510577
220.77962907412333 -7.470091910138227 -2.9221037399600918
221.38304573992565 -7.4780715106677009 -2.9195902383347265
221.98811161437118 -7.4860449037255785 -2.917082962910039
222.59483120494116 -7.4940121093308365 -2.9145818936373833
223.20320903143627 -7.5019731474750708 -2.9120870104954535
223.81324962600993 -7.5099280381080336 -2.9095982935046947
224.42495753320213 -7.5178768010949044 -2.9071157227699369
225.03833730997513 -7.5258194561098124 -2.9046392785865236
225.65339352574443 -7.5337560227957967 -2.9021689412808462
226.27013076241457 -7.5416865207878603 -2.899704691187345
226.88855361441338 -7.5496109696979135 -2.8972465086635468
227.50866668872584 -7.5575293890919761 -2.8947943741127884
228.13047460492766 -7.5654417983232642 -2.8923482681506019
228.75398199522104 -7.5733482166517989 -2.8899081714854917
229.37919350446865 -7.5812486633521177 -2.88747406481155
230.00611379022732 -7.5891431576995183 -2.8850459288221693
230.63474752278421 -7.597031718955038 -2.8826237442250164
231.26509938519101 -7.6049143661824141 -2.8802074919245277
231.89717407329798 -7.6127911182560419 -2.8777971530139324
232.53097629579042 -7.6206619940849381 -2.8753927085520239
233.16651077422301 -7.6285270126097631 -2.8729941395661194
233.80378224305451 -7.6363861927914636 -2.8706014270633853
234.44279544968327 -7.6442395534240974 -2.8682145522174274
235.08355515448434 -7.6520871129941996 -2.8658334965084671
235.7260661308419 -7.6599288900372757 -2.8634582413679706
236.37033316518662 -7.6677649031641097 -2.8610887681524515
237.01636105703156 -7.6755951710514916 -2.8587250581527255
237.66415461900741 -7.6834197122416628 -2.8563670927938127
238.31371867689757 -7.6912385448196874 -2.8540148539564743
238.96505806967565 -7.6990516869340455 -2.8516683234583526
239.61817764954074 -7.7068591568757236 -2.8493274829751396
240.27308228195278 -7.7146609730717843 -2.8469923140470028
240.9297768456704 -7.7224571538359799 -2.8446627983271533
241.58826623278637 -7.7302477168079706 -2.8423389181407064
242.24855534876366 -7.7380326797259906 -2.8400206557146204
242.91064911247224 -7.7458120605840088 -2.837707993021076
243.57455245622734 -7.7535858776320596 -2.8354009117771843
244.24027032582336 -7.7613541489882083 -2.8330993938316933
244.90780768057238 -7.7691168917326161 -2.8308034220677745
245.57716949334133 -7.7768741231540668 -2.8285129791607648
246.24836075058857 -7.7846258610075774 -2.8262280473215071
246.92138645240033 -7.7923721235348724 -2.8239486082759515
247.59625161252936 -7.8001129286817674 -2.8216746440450842
248.27296125843162 -7.807848292687205 -2.8194061383508315
248.95152043130292 -7.8155782323279803 -2.8171430743792243
249.63193418611806 -7.8233027652896476 -2.8148854344108853
250.31420759166761 -7.8310219102631011 -2.8126331997248628
250.99834573059505 -7.8387356848972809 -2.8103863526386017
251.68435369943597 -7.846444103846463 -2.8081448784534713
252.37223660865553 -7.8541471833036818 -2.8059087609376676
253.06199958268581 -7.8618449414771243 -2.8036779818517057
253.75364775996454 -7.8695373990965196 -2.8014525204440601
254.44718629297398 -7.8772245723065781 -2.7992323605316249
255.14262034827868 -7.8849064717876347 -2.7970174913754242
255.83995510656328 -7.8925831133491728 -2.7948078971262249
256.53919576267259 -7.9002545184645721 -2.7926035562922302
257.24034752564955 -7.9079207117076331 -2.7904044442933658
257.9434156187732 -7.9155816995676149 -2.7882105545662839
258.64840527959933 -7.9232374922061384 -2.7860218768887086
259.35532175999845 -7.930888116949764 -2.7838383839387162
260.0641703261943 -7.9385335948708589 -2.7816600546254375
260.77495625880465 -7.9461739241428342 -2.7794868906691916
261.4876848528798 -7.9538091406878211 -2.7773188561865898
262.20236141794152 -7.9614392451757157 -2.7751559504109222
262.91899127802276 -7.9690642632964002 -2.7729981476522654
263.63757977170951 -7.9766842077606066 -2.7708454351497616
264.35813225217692 -7.9842990959966977 -2.7686977954434067
265.08065408723138 -7.9919089463526847 -2.766555210157438
265.8051506593506 -7.9995137637443543 -2.7644176742952862
266.53162736572324 -8.0071135814175758 -2.762285154642695
267.26008961828836 -8.0147083932394132 -2.7601576572078317
267.99054284377729 -8.0222982362843034 -2.7580351449639418
268.7229924837531 -8.0298831189349507 -2.7559176094617217
269.45744399465076 -8.0374630455654632 -2.7538050462438743
270.19390284781883 -8.0450380411919955 -2.7516974302945219
270.93237452955992 -8.0526081310689221 -2.7495947363613431
271.67286454117078 -8.060173319983587 -2.7474969595758245
272.41537839898342 -8.0677336178480239 -2.7454040899653185
273.15992163440848 -8.0752890418304233 -2.7433161103308863
273.90649979397278 -8.0828396161155709 -2.7412329964864428
274.65511843936292 -8.0903853582418801 -2.7391547308653115
275.40578314746654 -8.0979262768283569 -2.7370813047831453
276.15849951041378 -8.1054623832455199 -2.7350127068154029
276.91327313561783 -8.1129936917264676 -2.7329489226869526
277.6701096458184 -8.1205202194348125 -2.7308899352047282
278.42901467912287 -8.1280419865157718 -2.7288357242070873
279.18999388904729 -8.1355590107195486 -2.7267862719176814
279.9530529445604 -8.1430713029144393 -2.7247415674128725
280.71819753012483 -8.1505788749933892 -2.7227015987487011
281.48543334573861 -8.158081740084441 -2.7206663527514241
282.25476610697956 -8.165579912573893 -2.7186358149945899
283.02620154504666 -8.1730734081297562 -2.7166099697758024
283.7997454068024 -8.1805622437255305 -2.7145888000931513
284.57540345481596 -8.1880464373671309 -2.7125722879172027
285.35318146740786 -8.1955260032133559 -2.7105604190490822
286.13308523868989 -8.2030009532021779 -2.7085531815010304
286.91512057860984 -8.2104713000065637 -2.706550562553578
287.69929331299574 -8.217937056883553 -2.7045525489058733
288.48560928359791 -8.225398237679439 -2.7025591266705717
289.27407434813222 -8.2328548568349653 -2.7005702813687167
290.06469438032519 -8.2403069293905453 -2.6985859979246087
290.85747526995692 -8.2477544709914774 -2.6966062606606749
291.65242292290401 -8.2551974978541818 -2.6946310533311166
292.44954326118557 -8.2626360243763095 -2.692660361500931
293.24884222300614 -8.2700700628374673 -2.6906941728436462
294.0503257627995 -8.2774996259152047 -2.6887324746367414
294.85399985127333 -8.2849247265839825 -2.6867752538622867
295.65987047545576 -8.2923453781126355 -2.6848224972094776
296.46794363873636 -8.2997615940617333 -2.6828741910773073
297.27822536091293 -8.3071733882807841 -2.6809303215773577
298.09072167823678 -8.3145807749053606 -2.6789908745367281
298.90543864345682 -8.3219837683540057 -2.6770558355010996
299.7223823258642 -8.3293823833250826 -2.6751251897379418
300.5415588113388 -8.3367766346531837 -2.6731989223794259
301.36297420239413 -8.3441665354564734 -2.671277020266253
302.18663461822155 -8.3515520980576419 -2.6693594710309481
303.01254619473775 -8.3589333350090627 -2.6674462620775978
303.84071508462984 -8.3663102590262071 -2.6655373806481286
304.67114745739974 -8.3736828829816883 -2.6636328138282472
305.50384949941252 -8.3810512198991489 -2.6617325485535557
306.33882741394109 -8.3884152829469318 -2.6598365716158665
307.17608742121217 -8.3957750854315414 -2.6579448696697083
308.01563575845307 -8.4031306407909483 -2.6560574292390253
308.85747867993871 -8.4104819625876708 -2.6541742367240797
309.70162245703779 -8.4178290645016354 -2.6522952784085567
310.54807337825832 -8.4251719603188953 -2.6504205404708081
311.39683774929659 -8.4325106631890385 -2.648550009722757
312.24792189308317 -8.4398451851844527 -2.6466836740483468
313.10133214982881 -8.4471755384439913 -2.6448215212655453
313.95707487707386 -8.4545017352081189 -2.6429635390914017
314.81515644973456 -8.4618237878116105 -2.6411097151493226
315.67558326014961 -8.4691417086760232 -2.6392600369765544
316.53836171812958 -8.4764555103020029 -2.6374144920318714
317.40349825100401 -8.4837652052613457 -2.6355730677034854
318.27099930366819 -8.4910708061888194 -2.6337357513171753
319.14087133863194 -8.49837232577379 -2.6319025301446319
320.01312083606967 -8.5056697767516347 -2.6300733914120311
320.8877542938651 -8.5129631718948708 -2.6282483223088491
321.76477822766162 -8.5202525240040679 -2.6264273099968971
322.64419917091135 -8.5275378458899596 -2.6246103416281561
323.52602367492301 -8.5348191498204429 -2.6227974048948486
324.41025830890993 -8.5420964474424039 -2.6209884881071392
325.29690966004085 -8.5493697504678359 -2.6191835795106364
326.18598433348802 -8.5566390706721691 -2.6173826672880383
327.07748895247533 -8.5639044198862955 -2.6155857395670776
327.97143015832978 -8.5711658099883898 -2.6137927844286795
328.86781461052988 -8.5784232528954814 -2.6120037899153457
329.76664898675466 -8.5856767605547937 -2.6102187440397624
330.66793998293366 -8.5929263449348916 -2.6084376347936353
331.57169431329913 -8.6001720180165719 -2.6066604501567494
332.47791871043216 -8.6074137917834861 -2.6048871781062832
333.38661992531513 -8.6146516782125708 -2.6031178066263454
334.29780472738224 -8.6218856892642073 -2.601352323717764
335.2114799045695 -8.6291158368721295 -2.5995907174081259
336.12765226336393 -8.6363421328953187 -2.5978329757996037
337.0463286288566 -8.6435645887440753 -2.5960790874408248
337.96751584479244 -8.6507832156359505 -2.5943290410723003
338.89122077361998 -8.6579980248335886 -2.5925828253899259
339.81745029654462 -8.6652090276341553 -2.5908404290554836
340.74621131357918 -8.6724162353609522 -2.5891018407049944
341.67751074359359 -8.6796196593547972 -2.5873670489572977
342.61135552436929 -8.6868193109651735 -2.5856360424228431
343.54775261264916 -8.6940152015411893 -2.5839088097127219
344.48670898418925 -8.7012073424222045 -2.5821853394479288
345.42823163381064 -8.7083957449283407 -2.5804656202688583
346.37232757545422 -8.715580420350669 -2.578749640845039
347.31900384222882 -8.7227613799411579 -2.5770373898851227
348.26826748646573 -8.7299386349023873 -2.5753288561471153
349.220125579772 -8.7371121963866845 -2.5736240284392387
350.17458521308203 -8.7442820754268489 -2.5719228956888034
351.13165349670959 -8.7514482827919338 -2.5702254470855568
352.09133756040291 -8.7586108292481679 -2.5685316718222997
353.05364455339657 -8.7657697255832971 -2.5668415590706619
354.01858164446378 -8.7729249825982158 -2.5651550979894497
354.98615602197202 -8.7800766110983481 -2.5634722777332031
355.95637489393522 -8.7872246218848247 -2.56179308746098
356.92924548806718 -8.7943690257454215 -2.5601175163453695
357.90477505183537 -8.8015098334452464 -2.5584455535817279
358.8829708525177 -8.8086470557172554 -2.556777188397648
359.86384017725214 -8.8157807032524325 -2.5551124100626774
360.8473903330937 -8.8229107866898104 -2.5534512078982652
361.83362864706908 -8.8300373166061981 -2.5517935712879596
362.82256246623075 -8.8371603035736648 -2.5501394896202778
363.81419915771028 -8.8442797580409369 -2.5484889524065681
364.80854610877566 -8.8513956902870277 -2.5468419493271139
365.80561072688516 -8.8585081106072039 -2.5451984700462806
366.80540043974133 -8.8656170293065522 -2.5435585042189199
367.80792269534874 -8.8727224566916156 -2.5419220414986814
368.81318496206802 -8.8798244030618179 -2.5402890715465474
369.82119472867083 -8.8869228787006502 -2.5386595840395838
370.83195950439745 -8.8940178938666428 -2.5370335686799095
371.84548681901197 -8.9011094587841431 -2.535411015203898
372.8617842228573 -8.9081975836337648 -2.533791913391608
373.88085928691237 -8.9152822785427155 -2.5321762530764449
374.90271960284934 -8.9223635535748009 -2.5305640241550611
375.9273727830892 -8.9294414187885671 -2.5289552165296025
376.95482646085742 -8.93651588420345 -2.527349820141322
377.98508829024314 -8.9435869596531354 -2.5257478251162984
379.01816594625512 -8.9506546549790187 -2.5241492215732042
380.05406712487758 -8.9577189800277477 -2.5225539996257278
381.0927995431299 -8.9647799446430732 -2.5209621493906988
382.13437093912307 -8.9718375586574624 -2.5193736609964184
383.17878907211599 -8.9788918318834838 -2.5177885245912104
384.22606172257571 -8.9859427741050002 -2.5162067303521782
385.27619669223429 -8.9929903950681283 -2.5146282684941901
386.32920180414601 -9.0000347044719575 -2.5130531292790881
387.38508490274609 -9.0070757119590699 -2.5114813030251182
388.44385385391178 -9.0141134271086294 -2.5099127801137806
389.50551654501646 -9.0211478595572352 -2.5083475508697775
390.57008088499094 -9.0281790188002518 -2.5067856057583704
391.637554804383 -9.0352069142516154 -2.5052269353259691
392.70794625541532 -9.0422315553318562 -2.5036715301126837
393.78126321204394 -9.0492529514602431 -2.5021193806601265
394.85751367001967 -9.0562711120467565 -2.5005704775194113
395.93670564694685 -9.0632860464837925 -2.4990248112593623
397.01884718234157 -9.0702977641377132 -2.4974823724749293
398.10394633769403 -9.0773062743401631 -2.4959431517958133
399.19201119652746 -9.0843115863791546 -2.4944071398953094
400.2830498644575 -9.091313709489949 -2.492874327499369
401.37707046925306 -9.0983126528456957 -2.4913447053958855
402.47408116089957 -9.1053084256407928 -2.48981826435192
403.57409011165481 -9.112301037022732 -2.488294995181374
404.67710551611282 -9.1192904960130718 -2.4867748888234682
405.78313559126525 -9.1262768116384407 -2.4852579362126557
406.89218857656164 -9.1332599929233069 -2.4837441282857911
408.0042727339698 -9.1402400488821627 -2.4822334559898911
409.11939634803963 -9.1472169885115342 -2.4807259102900838
410.23756772596374 -9.1541908207817499 -2.4792214821777665
411.35879519763802 -9.161161554628535 -2.47772016267897
412.48308711572611 -9.1681291989443778 -2.4762219428629226
413.61045185572056 -9.1750937625696753 -2.4747268138508365
414.74089781600378 -9.1820552542850749 -2.4732347668234982
415.87443341791328 -9.1890136829179472 -2.4717457929155957
417.01106710580308 -9.1959690572028805 -2.4702598833541733
418.15080734710574 -9.2029213857991472 -2.4687770294413345
419.29366263239581 -9.2098706773679879 -2.4672972224774687
420.43964147545626 -9.2168169405652023 -2.465820453768651
421.58875241333658 -9.2237601840334627 -2.4643467146342344
422.74100400641953 -9.2307004163945017 -2.4628759964146303
423.89640483848513 -9.2376376462410654 -2.4614082904792873
425.05496351677402 -9.2445718821286977 -2.4599435882348715
426.21668867205005 -9.2515031325672439 -2.4584818811336508
427.38158895866729 -9.2584314060122459 -2.4570231606820823
428.54967305463322 -9.2653567108957802 -2.4555674184101757
429.72094966167191 -9.2722790556785526 -2.454114645819776
430.89542750529165 -9.2791984486895451 -2.4526648345437541
432.07311533484869 -9.286114898251089 -2.4512179762218431
433.25402192361116 -9.2930284126818741 -2.4497740624976503
434.43815606882538 -9.2999390002895801 -2.4483330850259644
435.62552659178397 -9.3068466693633596 -2.4468950354802472
436.81614233788679 -9.3137514281660572 -2.4454599055603263
438.01001217670949 -9.3206532849262871 -2.4440276870002684
439.20714500207026 -9.3275522478302957 -2.4425983715764539
440.40754973209505 -9.3344483250136285 -2.4411719511158529
441.6112353092829 -9.3413415245781444 -2.43974841747912
442.81821070057504 -9.3482318546630907 -2.4383277624900797
444.02848489742036 -9.3551193232885606 -2.4369099780910641
445.24206691584106 -9.3620039384615765 -2.4354950562376207
446.45896579650264 -9.3688857081850578 -2.4340829888896636
447.67919060477982 -9.3757646404506119 -2.4326737680185748
448.902750430823 -9.3826407432312138 -2.4312673856144924
450.12965438962669 -9.3895140244736819 -2.4298638336937759
451.35991162110048 -9.3963844920909647 -2.4284631043066613
452.59353129013158 -9.4032521539542238 -2.4270651895451105
453.83052258665646 -9.4101170178847262 -2.4256700815508521
455.07089472572966 -9.4169790916907488 -2.4242777724787761
456.31465694759157 -9.4238383831869257 -2.4228882544777188
457.56181851773573 -9.430694900089204 -2.421501519794695
458.812388726981 -9.4375486501103065 -2.4201175606801844
460.06637689153888 -9.4443996409562629 -2.4187363693915649
461.3237923530819 -9.4512478803193964 -2.4173579382000758
462.5846444788159 -9.4580933758711403 -2.4159822593979547
463.84894266154834 -9.4649361352546411 -2.4146093253057614
465.1166963197569 -9.4717761660771878 -2.41323912827988
466.3879148976626 -9.4786134759024936 -2.4118716607202075
467.66260786529847 -9.4854480722492234 -2.4105069150715703
468.94078471857938 -9.4922799626695209 -2.4091448837458667
470.2224549793732 -9.499109154632583 -2.4077855592375195
471.50762819557502 -9.5059356555779679 -2.406428934070624
472.79631394117251 -9.5127594729409068 -2.4050750007738286
474.08852181632079 -9.5195806141455304 -2.4037237518870462
475.38426144741419 -9.526399086597948 -2.4023751799683324
476.68354248715718 -9.5332148976791338 -2.4010292776009448
477.98637461463466 -9.5400280547376148 -2.3996860374005786
479.2927675353871 -9.5468385650820089 -2.3983454520227756
480.60273098148144 -9.5536464359744606 -2.3970075141694296
481.91627471158193 -9.5604516746967043 -2.3956722165232658
483.23340851102586 -9.5672542884762883 -2.394339551821016
484.5541421918951 -9.5740542844969028 -2.393009512843165
485.87848559308799 -9.5808516699383421 -2.3916820923743187
487.20644858039333 -9.5876464519699365 -2.3903572832097182
488.53804104656723 -9.5944386377438242 -2.3890350781619265
489.87327291140082 -9.6012282343880244 -2.3877154700676879
491.21215412179777 -9.6080152489993385 -2.3863984517949532
492.55469465184876 -9.6147996886360971 -2.3850840162500808
493.90090450290489 -9.621581560313615 -2.3837721563823595
495.25079370365046 -9.6283608710677839 -2.3824628651209143
496.60437231018108 -9.63513762787397 -2.3811561354551638
497.96165040607667 -9.6419118376760409 -2.3798519604060062
499.32263810247531 -9.6486835074127164 -2.3785503329996955
500.68734553815153 -9.655452644011163 -2.3772512462742208
502.05578287959037 -9.6622192543803536 -2.3759546932858515
503.42796032106139 -9.6689833454043317 -2.3746606671158479
504.80388808469803 -9.6757449239352482 -2.3733691608773397
506.1835764205718 -9.6825039967862665 -2.3720801677223755
507.56703560676806 -9.6892605707411512 -2.3707936808323993
508.95427594946261 -9.696014652598258 -2.369509693374646
510.34530778300262 -9.7027662490852116 -2.368228198586745
511.74014146997689 -9.7095153669197352 -2.3669491897163812
513.13878740129712 -9.7162620128116597 -2.3656726600193227
514.54125599627537 -9.7230061934565875 -2.3643986027657102
515.94755770270126 -9.7297479155293694 -2.3631270112465117
517.35770299691751 -9.7364871856774187 -2.3618578787801372
518.77170238390181 -9.7432240105139076 -2.360591198719217
520.1895663973429 -9.7499583966123531 -2.3593269644559243
521.61130559971809 -9.756690350557534 -2.3580651693715318
523.03693058237434 -9.7634198788868041 -2.3568058068945801
524.46645196560632 -9.7701469881081398 -2.3555488704829832
525.89988039873413 -9.7768716847236199 -2.3542943536007406
527.33722656018301 -9.783593975223317 -2.3530422497240262
528.77850115756701 -9.7903138660789715 -2.3517925523474319
530.22371492776188 -9.7970313637375348 -2.3505452549903749
531.67287863698925 -9.8037464746145364 -2.3493003512036608
533.12600308089714 -9.8104592050873602 -2.3480578345761636
534.58309908463934 -9.8171695615324523 -2.3468176986979397
536.04417750295443 -9.823877550298235 -2.3455799371870603
537.50924922024979 -9.8305831776944856 -2.3443445437001551
538.97832515068126 -9.8372864500256672 -2.3431115118993757
540.4514162382327 -9.8439873735849197 -2.341880835458332
541.92853345680089 -9.8506859546479699 -2.3406525080681737
543.4096878102755 -9.8573821994667696 -2.3394265234438314
544.89489033261987 -9.8640761142630939 -2.3382028753304116
546.38415208795425 -9.8707677052222138 -2.3369815575094237
547.87748417064131 -9.8774569785304536 -2.3357625637616066
549.37489770536286 -9.8841439403415396 -2.3345458879002416
550.87640384720635 -9.8908285967779506 -2.3333315237698016
552.38201378174847 -9.8975109539561608 -2.3321194652209907
553.89173872513743 -9.9041910179807218 -2.3309097061165587
555.40558992417459 -9.9108687949382563 -2.3297022403372711
556.92357865640201 -9.9175442908913034 -2.3284970617880196
558.44571623018476 -9.9242175118719604 -2.3272941644040936
559.97201398479308 -9.9308884638799206 -2.3260935421531199
561.50248329049032 -9.937557152921805 -2.3248951889961398
563.03713554861656 -9.9442235849578662 -2.3236990989403625
564.57598219167096 -9.9508877659328601 -2.3225052660085899
566.11903468340086 -9.9575497017836607 -2.3213136842316984
567.66630451888545 -9.9642093984334323 -2.3201243476543811
569.2178032246203 -9.9708668617857192 -2.3189372503410288
570.77354235860321 -9.9775220977183281 -2.3177523863817595
572.33353351042535 -9.9841751120771196 -2.3165697498985987
573.89778830134981 -9.9908259106920383 -2.3153893350295598
575.4663183844026 -9.9974744993839035 -2.3142111359219695
577.03913544445993 -10.00412088393329 -2.3130351467632377
578.61625119833434 -10.010765070114889 -2.3118613617468595
580.19767739485985 -10.017407063692566 -2.3106897750773014
581.78342581498327 -10.024046870413619 -2.3095203809756883
583.37350827185003 -10.030684496002868 -2.3083531736856395
584.96793661089066 -10.037319946156639 -2.3071881474792471
586.56672270991237 -10.043953226544108 -2.3060252966557369
588.16987847918574 -10.050584342836697 -2.3048646155123604
589.77741586153229 -10.057213300663509 -2.3037060983885076
591.38934683241416 -10.06384010564364 -2.3025497396337249
593.00568340002758 -10.070464763387047 -2.3013955336068666
594.62643760538469 -10.077087279488936 -2.3002434746816283
596.25162152240785 -10.083707659524045 -2.2990935572522169
597.88124725802015 -10.090325909040779 -2.2979457757391653
599.51532695223443 -10.096942033558795 -2.2968001245917113
601.15387277824129 -10.103556038598889 -2.2956565982581969
602.79689694250453 -10.11016792964455 -2.294515191224157
604.44441168484934 -10.116777712166192 -2.2933758979883141
606.09642927855191 -10.123385391625678 -2.2922387130580786
607.75296203043467 -10.129990973470917 -2.2911036309549559
609.41402228095603 -10.136594463130205 -2.2899706462200884
611.07962240430049 -10.143195866006497 -2.2888397534199427
612.74977480847463 -10.149795187475503 -2.2877109471482102
614.4244919353971 -10.156392432912742 -2.2865842219990067
616.10378626099123 -10.162987607658263 -2.2854595726017992
617.78767029527785 -10.169580717040432 -2.2843369935978619
619.47615658247094 -10.176171766378769 -2.2832164796374692
621.16925770106877 -10.182760760978574 -2.2820980253852077
622.86698626394673 -10.189347706125433 -2.2809816255254214
624.56935491845422 -10.19593260707957 -2.2798672747677924
626.27637634650762 -10.202515469078337 -2.2787549678448915
627.98806326468218 -10.209096297355979 -2.2776446994925839
629.70442842431135 -10.215675097112751 -2.2765364644806279
631.42548461157935 -10.222251873540937 -2.2754302575869083
633.15124464761448 -10.228826631822789 -2.2743260735994744
634.88172138858886 -10.235399377125233 -2.273223907321777
636.61692772581171 -10.241970114594462 -2.2721237535780423
638.35687658582469 -10.248538849350325 -2.2710256072187804
640.10158093049859 -10.255105586500935 -2.2699294631063553
641.8510537571342 -10.26167033113795 -2.2688353161196759
643.60530809855175 -10.26823308832935 -2.2677431611612811
645.36435702319216 -10.274793863136264 -2.2666529931407511
647.1282136352155 -10.281352660607819 -2.2655648069797718
648.89689107459674 -10.287909485775895 -2.2644785976173276
650.67040251722221 -10.294464343649754 -2.2633943600150275
652.44876117499143 -10.301017239215163 -2.2623120891579442
654.23198029591356 -10.3075681774543 -2.261231780034954
656.02007316420406 -10.31411716331943 -2.2601534276647537
657.81305310038772 -10.320664201753733 -2.2590770270752571
659.61093346139614 -10.327209297690803 -2.2580025733041125
661.41372764066523 -10.33375245604952 -2.2569300614037453
663.22144906823644 -10.340293681728841 -2.2558594864465311
665.03411121086083 -10.34683297960296 -2.2547908435295758
666.85172757209205 -10.353370354539077 -2.2537241277571276
668.67431169239057 -10.359905811381449 -2.2526593342563661
670.50187714922652 -10.366439354959287 -2.2515964581695957
672.3344375571786 -10.372970990093755 -2.2505354946473051
674.17200656803368 -10.379500721593001 -2.2494764388530872
676.01459787089254 -10.386028554247073 -2.2484192859686782
677.86222519226999 -10.392554492822679 -2.2473640311991288
679.71490229619508 -10.399078542074337 -2.2463106697617632
681.57264298431744 -10.405600706741055 -2.2452591968894935
683.43546109600834 -10.412120991542345 -2.2442096078347382
685.3033705084614 -10.418639401190486 -2.2431618978572905
687.17638513680072 -10.425155940385689 -2.2421160622291265
689.0545189341816 -10.43167061381107 -2.2410720962393462
690.93778589189401 -10.438183426127544 -2.2400299951992304
692.82620003946658 -10.444694381982435 -2.2389897544337347
694.71977544477693 -10.45120348600963 -2.2379513692813346
696.61852621414732 -10.457710742823274 -2.2369148351002437
698.52246649245524 -10.464216157030402 -2.2358801472559402
700.43161046323905 -10.470719733226193 -2.2348473011258561
702.34597234880221 -10.477221475989065 -2.2338162921042284
704.26556641031743 -10.483721389875644 -2.2327871156070573
706.19040694793728 -10.490219479431175 -2.231759767061821
708.12050830089788 -10.496715749184862 -2.2307342419120935
710.05588484762416 -10.503210203649456 -2.2297105356179308
711.99655100584141 -10.509702847330178 -2.2286886436470721
713.94252123267995 -10.516193684719982 -2.2276685614796072
715.89381002478171 -10.522682720294707 -2.2266502846127594
717.85043191840896 -10.529169958508886 -2.2256338085650467
719.81240148955783 -10.535655403809228 -2.2246191288629538
721.77973335405773 -10.542139060622086 -2.2236062410532997
723.75244216768556 -10.548620933362452 -2.222595140694366
725.73054262627602 -10.555101026436727 -2.2215858233531405
727.71404946582879 -10.561579344238075 -2.2205782846099344
729.70297746261679 -10.568055891141597 -2.2195725200631196
731.69734143330061 -10.57453067150351 -2.2185685253299732
733.697156235036 -10.581003689672778 -2.2175662960351494
735.70243676558346 -10.587474949977191 -2.2165658278244531
737.71319796342254 -10.593944456736924 -2.2155671163514365
739.72945480786177 -10.600412214262011 -2.214570157279907
741.75122231914736 -10.606878226847689 -2.2135749462885106
743.77851555858012 -10.613342498769656 -2.2125814790754172
745.81134962862507 -10.619805034292146 -2.2115897513503553
747.84973967302233 -10.626265837664519 -2.2105997588379735
749.89370087690202 -10.632724913122031 -2.2096114972770633
751.94324846689824 -10.639182264892241 -2.2086249624142535
753.99839771126142 -10.64563789719049 -2.2076401500084697
756.05916391996936 -10.652091814215263 -2.2066570558355068
758.12556244484654 -10.658544020147353 -2.2056756756888478
760.19760867967557 -10.664994519159695 -2.2046960053699842
762.27531806030959 -10.671443315406151 -2.2037180406994414
764.35870606479227 -10.677890413033236 -2.2027417775052429
766.44778821347074 -10.684335816177198 -2.20176721162577
768.54258006910823 -10.690779528959492 -2.2007943389142222
770.6430972370058 -10.697221555483011 -2.1998231552423682
772.74935536511498 -10.703661899842158 -2.1988536564905821
774.86137014415408 -10.710100566113738 -2.1978858385568256
776.97915730772456 -10.716537558365136 -2.1969196973485872
779.10273263243494 -10.722972880654892 -2.1959552287823221
781.23211193800807 -10.729406537028252 -2.1949924287878155
783.36731108740457 -10.735838531512732 -2.1940312933125825
785.50834598694235 -10.742268868124993 -2.1930718183150799
787.65523258641304 -10.748697550867295 -2.1921139997682122
789.80798687919832 -10.755124583730115 -2.1911578336567166
791.9666249023943 -10.76154997069599 -2.1902033159734029
794.13116273692822 -10.767973715735152 -2.1892504427234303
796.30161650767616 -10.774395822801129 -2.1882992099286915
798.47800238358752 -10.780816295834974 -2.1873496136235953
800.66033657780349 -10.787235138765613 -2.1864016498547425
802.84863534777628 -10.793652355508979 -2.1854553146817799
805.04291499539033 -10.800067949973476 -2.1845106041719928
807.24319186709022 -10.806481926055749 -2.1835675144045039
809.44948235399261 -10.812894287636301 -2.1826260414745882
811.66180289201327 -10.81930503858317 -2.1816861814900173
813.88016996199133 -10.825714182752652 -2.1807479305703907
816.10460008980988 -10.832121723988433 -2.1798112848479581
818.33510984651662 -10.838527666126701 -2.178876240462587
820.57171584845253 -10.844932012991944 -2.1779427935659061
822.81443475737296 -10.851334768392675 -2.1770109403255282
825.06328328056907 -10.857735936126282 -2.1760806769202499
827.3182781709977 -10.864135519977275 -2.1751519995417969
829.57943622740356 -10.870533523719269 -2.1742249043928616
831.84677429444162 -10.876929951118001 -2.1732993876841147
834.12030926280806 -10.883324805927185 -2.1723754456383095
836.4000580693629 -10.88971809188466 -2.171453074494079
838.68603769725519 -10.896109812718873 -2.1705322704995336
840.97826517605017 -10.902499972144017 -2.1696130299170435
843.2767575818616 -10.908888573865593 -2.1686953490178036
845.58153203746951 -10.915275621580447 -2.1677792240817215
847.89260571245325 -10.9216611189727 -2.166864651401482
850.20999582332013 -10.92804506971131 -2.1659516272849499
852.5337196336327 -10.934427477456726 -2.1650401480485852
854.86379445413377 -10.94080834585511 -2.1641302100231541
857.20023764288123 -10.947187678545422 -2.1632218095467417
859.54306660537475 -10.953565479156902 -2.1623149429672197
861.89229879468223 -10.959941751304989 -2.1614096066462913
864.24795171157598 -10.966316498592359 -2.1605057969584531
866.61004290465974 -10.972689724611726 -2.1596035102882447
868.97858997049775 -10.979061432943974 -2.158702743032078
871.3536105537471 -10.985431627162743 -2.1578034915937012
873.73512234729503 -10.99180031083057 -2.1569057523880502
876.12314309238002 -10.99816748749538 -2.1560095218446587
878.51769057873059 -11.004533160696095 -2.1551147964021458
880.91878264469824 -11.010897333958447 -2.1542215725123595
883.32643717738904 -11.017260010800456 -2.1533298466349469
885.74067211279362 -11.023621194731248 -2.152439615238535
888.16150543592676 -11.029980889247069 -2.1515508748046606
890.58895518095812 -11.036339097831659 -2.1506636218273867
893.02303943134439 -11.042695823959207 -2.1497778528104154
895.46377631996916 -11.049051071092684 -2.1488935642687053
897.91118402927532 -11.055404842687903 -2.1480107527244758
900.36528079139748 -11.061757142189732 -2.147129414710951
902.82608488830397 -11.06810797302926 -2.1462495467751226
905.29361465192983 -11.074457338628974 -2.1453711454726934
907.76788846431123 -11.08080524239891 -2.1444942073718325
910.24892475772504 -11.087151687742068 -2.1436187290478421
912.73674201482731 -11.093496678052059 -2.1427447070854857
915.23135876878939 -11.099840216709341 -2.1418721380827108
917.73279360343327 -11.106182307084541 -2.1410010186473261
920.24106515337553 -11.112522952536846 -2.1401313453986544
922.75619210416312 -11.118862156417263 -2.1392631149642609
925.27819319241019 -11.125199922068616 -2.1383963239799746
927.80708720594305 -11.131536252821732 -2.1375309690936617
930.34289298393719 -11.137871151996016 -2.136667046964646
932.88562941705504 -11.14420462290126 -2.1358045542619237
935.43531544759253 -11.150536668837516 -2.1349434876642785
937.99197006961651 -11.156867293097555 -2.1340838438578893
940.55561232910566 -11.163196498963082 -2.1332256195400223
943.12626132409207 -11.169524289703702 -2.1323688114200681
945.70393620481082 -11.175850668580299 -2.1315134162162299
948.28865617383133 -11.182175638843315 -2.130659430657178
950.88044048620668 -11.188499203736292 -2.1298068514785817
953.47930844961809 -11.194821366492391 -2.1289556754265395
956.08527942451724 -11.201142130332634 -2.1281058992593183
958.69837282426704 -11.207461498469526 -2.1272575197437562
961.31860811529236 -11.213779474105104 -2.1264105336572117
963.94600481722227 -11.220096060434642 -2.1255649377839001
966.58058250303213 -11.22641126064341 -2.1247207289180907
969.22236079919549 -11.232725077904739 -2.1238779038660049
971.87135938582753 -11.239037515383551 -2.1230364594423579
974.5275979968294 -11.245348576234509 -2.122196392472147
977.19109642003627 -11.251658263605576 -2.1213576997871755
979.86187449737201 -11.257966580634822 -2.1205203782291795
982.53995212498455 -11.264273530448756 -2.1196844246514921
985.22534925340153 -11.270579116165457 -2.1188498359159178
987.91808588767947 -11.276883340893251 -2.1180166088940942
990.61818208755119 -11.283186207733696 -2.117184740464487
993.32565796757228 -11.289487719778355 -2.1163542275156213
996.0405336972766 -11.295787880107763 -2.1155250669470527
998.76282950132372 -11.302086691793953 -2.1146972556669348
1001.4925656596466 -11.308384157899861 -2.1138707905925416
1004.2297625076087 -11.314680281481513 -2.1130456686481569
1006.9744404361522 -11.320975065584559 -2.1122218867684759
1009.7266198919475 -11.327268513244643 -2.1113994418982323
1012.4863213775509 -11.333560627488311 -2.1105783309913084
1015.2535654515546 -11.339851411334195 -2.1097585510095787
1018.0283727287377 -11.346140867793494 -2.1089400989224161
1020.8107638802213 -11.352428999866632 -2.1081229717099936
1023.600759633629 -11.358715810545212 -2.1073071663613723
1026.3983807732291 -11.365001302811212 -2.1064926798752599
1029.2036481400969 -11.37128547963982 -2.1056795092572469
1032.0165826322711 -11.377568343997986 -2.1048676515212219
1034.8372052049071 -11.383849898841852 -2.1040571036919045
1037.6655368704298 -11.390130147119413 -2.1032478628022209
1040.5015986986969 -11.396409091769447 -2.1024399258943465
1043.3454118171526 -11.402686735724298 -2.1016332900169972
1046.1969974109811 -11.408963081907046 -2.1008279522281827
1049.0563767232725 -11.415238133230803 -2.1000239095959148
1051.9235710551757 -11.421511892600353 -2.099221159196583
1054.7986017660564 -11.427784362912606 -2.0984196981145287
1057.6814902736571 -11.434055547057387 -2.0976195234412187
1060.5722580542638 -11.440325447914411 -2.0968206322783005
1063.4709266428529 -11.446594068354987 -2.0960230217358471
1066.3775176332601 -11.452861411241432 -2.0952266889329705
1069.2920526783414 -11.459127479429664 -2.0944316309952766
1072.2145534901324 -11.465392275767169 -2.0936378450568451
1075.1450418400077 -11.471655803091515 -2.0928453282616952
1078.0835395588481 -11.477918064232352 -2.0920540777618295
1081.0300685372013 -11.484179062011403 -2.0912640907172331
1083.9846507254406 -11.490438799243641 -2.090475364294702
1086.9473081339363 -11.496697278734356 -2.0896878956707616
1089.9180628332151 -11.502954503280634 -2.0889016820301873
1092.896936954123 -11.509210475670942 -2.0881167205664024
1095.8839526879908 -11.515465198687476 -2.0873330084791921
1098.879132286808 -11.521718675104065 -2.0865505429767595
1101.8824980633744 -11.527970907685223 -2.0857693212766413
1104.8940723914745 -11.534221899187568 -2.0849893406043294
1107.913877706045 -11.540471652360491 -2.0842105981926058
1110.9419365033405 -11.546720169946393 -2.0834330912813077
1113.9782713410962 -11.552967454678154 -2.0826568171198141
1117.0229048387046 -11.559213509280941 -2.0818817729652719
1120.075859677379 -11.565458336471941 -2.0811079560828616
1123.1371586003199 -11.571701938962097 -2.0803353637440782
1126.2068244128914 -11.577944319453458 -2.0795639932293413
1129.2848799827866 -11.584185480639956 -2.0787938418272431
1132.3713482401961 -11.590425425207389 -2.0780249068345364
1135.4662521779842 -11.5966641558354 -2.0772571855542172
1138.5696148518578 -11.602901675195653 -2.0764906752973054
1141.6814593805352 -11.609137985951111 -2.0757253733835479
1144.8018089459199 -11.615373090757036 -2.0749612771404431
1147.9306867932808 -11.621606992262052 -2.0741983839021985
1151.0681162314124 -11.627839693107667 -2.0734366910101918
1154.214120632816 -11.634071195926442 -2.0726761958147666
1157.3687234338749 -11.640301503343565 -2.0719168956737062
1160.5319481350264 -11.64653061797712 -2.071158787951942
1163.7038183009345 -11.652758542438681 -2.0704018700209854
1166.8843575606709 -11.658985279331008 -2.0696461392611805
1170.0735896078891 -11.665210831249508 -2.0688915930602931
1173.271538200996 -11.671435200782287 -2.0681382288134182
1176.4782271633371 -11.677658390511295 -2.0673860439218914
1179.6936803833694 -11.683880403009933 -2.0666350357956227
1182.9179218148377 -11.690101240844182 -2.0658852018519851
1186.1509754769538 -11.696320906572705 -2.0651365395157129
1189.3928654545848 -11.702539402748197 -2.0643890462176024
1192.6436158984163 -11.708756731915042 -2.0636427193967628
1195.9032510251423 -11.71497289661021 -2.0628975564997738
1199.1717951176465 -11.721187899363407 -2.0621535549805281
1202.44927252518 -11.727401742698444 -2.0614107122988852
1205.7357076635387 -11.733614429131057 -2.0606690259228064
1209.0311250152586 -11.739825961169601 -2.0599284933276802
1212.3355491297814 -11.746036341315264 -2.0591891119961065
1215.6490046236479 -11.752245572063398 -2.0584508794165952
1218.9715161806771 -11.758453655901405 -2.0577137930856217
1222.3031085521579 -11.764660595309433 -2.0569778505069896
1225.643806557021 -11.770866392760585 -2.0562430491915706
1228.9936350820296 -11.777071050722142 -2.0555093866561185
1232.3526190819732 -11.783274571653553 -2.0547768604252816
1235.7207835798381 -11.789476958007109 -2.0540454680308939
1239.0981536670006 -11.795678212228246 -2.0533152070116691
1242.4847545034233 -11.80187833675661 -2.0525860749122153
1245.8806113178262 -11.808077334023988 -2.0518580692850108
1249.2857494078814 -11.814275206455198 -2.0511311876895393
1252.7001941404114 -11.820471956468491 -2.0504054276919201
1256.1239709515605 -11.826667586476173 -2.0496807868642728
1259.5571053469964 -11.832862098882753 -2.0489572627865327
1262.9996229020937 -11.839055496085965 -2.0482348530454613
1266.4515492621354 -11.845247780477273 -2.0475135552341555
1269.9129101424878 -11.851438954441946 -2.0467933669519458
1273.3837313288016 -11.857629020357647 -2.0460742858058065
1276.8640386772088 -11.863817980595382 -2.0453563094094185
1280.3538581145031 -11.870005837520226 -2.044639435382448
1283.853215638338 -11.876192593490671 -2.0439236613511751
1287.3621373174299 -11.882378250858011 -2.0432089849491435
1290.8806492917363 -11.88856281196686 -2.0424954038166012
1294.4087777726579 -11.894746279156267 -2.0417829155994229
1297.9465490432428 -11.900928654758292 -2.0410715179505186
1301.4939894583654 -11.907109941098124 -2.0403612085296996
1305.0511254449307 -11.91329014049456 -2.0396519850032173
1308.6179835020803 -11.919469255260841 -2.0389438450429536
1312.1945902013726 -11.925647287702926 -2.0382367863280804
1315.7809721869919 -11.931824240120267 -2.0375308065443303
1319.3771561759415 -11.938000114806362 -2.0368259033834506
1322.9831689582538 -11.944174914048695 -2.0361220745432362
1326.5990373971727 -11.950348640127697 -2.0354193177285835
1330.2247884293633 -11.956521295317408 -2.0347176306508152
1333.8604490651194 -11.962692881886383 -2.0340170110268008
1337.5060463885493 -11.968863402096549 -2.0333174565800718
1341.1616075577849 -11.975032858203196 -2.0326189650408337
1344.8271598051931 -11.981201252455527 -2.0319215341454422
1348.5027304375615 -11.98736858709724 -2.0312251616357906
1352.1883468363105 -11.993534864365078 -2.0305298452607699
1355.8840364577056 -11.999700086489552 -2.0298355827755517
1359.5898268330452 -12.005864255695553 -2.0291423719409658
1363.3057455688761 -12.012027374201882 -2.0284502105239981
1367.031820347195 -12.018189444220692 -2.0277590962982837
1370.7680789256647 -12.024350467958117 -2.0270690270435661
1374.514549137805 -12.030510447614954 -2.0263800005449411
1378.2712588932072 -12.036669385385309 -2.0256920145942465
1382.0382361777524 -12.042827283457139 -2.0250050669895177
1385.8155090538007 -12.048984144012845 -2.0243191555343816
1389.6031056604106 -12.055139969228946 -2.0236342780383993
1393.4010542135563 -12.061294761275494 -2.0229504323176353
1397.2093830063216 -12.067448522316621 -2.0222676161941155
1401.0281204091173 -12.073601254511232 -2.0215858274951359
1404.8572948699039 -12.079752960011724 -2.0209050640545607
1408.696934914384 -12.085903640964478 -2.0202253237122898
1412.5470691462274 -12.092053299510514 -2.0195466043136356
1416.4077262472783 -12.098201937784962 -2.0188689037098486
1420.2789349777804 -12.104349557916711 -2.0181922197584594
1424.1607241765737 -12.110496162028969 -2.0175165503227119
1428.0531227613185 -12.116641752239705 -2.0168418932711472
1431.9561597287188 -12.122786330660521 -2.0161682464787174
1435.8698641547212 -12.128929899397207 -2.0154956078262103
1439.7942651947408 -12.135072460550427 -2.0148239751995907
1443.7293920838861 -12.1412140162148 -2.0141533464909211
1447.6752741371599 -12.147354568478999 -2.0134837195982418
1451.6319407496869 -12.153494119426369 -2.0128150924249528
1455.59942139694 -12.159632671134782 -2.0121474628800016
1459.577745634944 -12.165770225675988 -2.0114808288784634
1463.5669431005033 -12.171906785116214 -2.0108151883409855
1467.5670435114325 -12.178042351516641 -2.0101505391933343
1471.5780766667592 -12.184176926932288 -2.0094868793674387
1475.6000724469582 -12.190310513412596 -2.0088242068008699
1479.6330608141684 -12.196443113002001 -2.0081625194362336
1483.6770718124278 -12.202574727739064 -2.0075018152220667
1487.7321355678787 -12.208705359656637 -2.0068420921126369
1491.7982822890024 -12.214835010782519 -2.0061833480673239
1495.8755422668521 -12.220963683138985 -2.0055255810510673
1499.9639458752613 -12.227091378742506 -2.0048687890346439
1504.0635235710786 -12.233218099604366 -2.0042129699940556
1508.1743058944035 -12.239343847730698 -2.0035581219105212
1512.2963234687966 -12.245468625121779 -2.0029042427711303
1516.4296070015157 -12.25159243377259 -2.0022513305683103
1520.5741872837552 -12.257715275673206 -2.0015993832994585
1524.7300951908555 -12.263837152807872 -2.0009483989678145
1528.8973616825465 -12.269958067155503 -2.0002983755820032
1533.0760178031708 -12.276078020690189 -1.999649311155504
1537.2660946819287 -12.282197015380328 -1.9990012037075493
1541.4676235330915 -12.288315053188958 -1.9983540512627513
1545.6806356562415 -12.294432136074315 -1.9977078518505631
1549.9051624365168 -12.300548265989107 -1.9970626035060262
1554.141235344825 -12.306663444880659 -1.996418304269586
1558.3888859380875 -12.312777674691507 -1.9957749521865211
1562.6481458594837 -12.318890957358814 -1.9951325453075273
1566.9190468386682 -12.32500329481436 -1.9944910816887225
1571.2016206920168 -12.331114688985119 -1.993850559391052
1575.4958993228722 -12.337225141792874 -1.9932109764807262
1579.8019147217631 -12.343334655153996 -1.9925723310293755
1584.1196989666528 -12.349443230980089 -1.9919346211134488
1588.4492842231859 -12.355550871177659 -1.9912978448145358
1592.7907027449112 -12.361657577647843 -1.9906620002196243
1597.1439868735324 -12.367763352287025 -1.9900270854205013
1601.5091690391441 -12.373868196986574 -1.9893930985140036
1605.8862817604856 -12.379972113632551 -1.9887600376023238
1610.2753576451646 -12.386075104106268 -1.9881279007924251
1614.6764293899084 -12.392177170284107 -1.9874966861962544
1619.0895297808188 -12.398278314037174 -1.9868663919310641
1623.5146916935953 -12.404378537231899 -1.9862370161188312
1627.9519480937915 -12.41047784172979 -1.9856085568864787
1632.4013320370689 -12.416576229387164 -1.9849810123661731
1636.8628766694242 -12.422673702055697 -1.9843543806947477
1641.3366152274464 -12.428770261582176 -1.9837286600139672
1645.8225810385732 -12.434865909808263 -1.983103848470767
1650.3208075213211 -12.440960648571046 -1.9824799442166834
1654.8313281855455 -12.447054479702718 -1.9818569454081898
1659.3541766326862 -12.453147405030421 -1.9812348502068451
1663.8893865560287 -12.459239426376815 -1.9806136567787391
1668.4369917409365 -12.46533054555962 -1.9799933632949223
1672.9970260651123 -12.471420764391626 -1.9793739679314282
1677.5695234988609 -12.477510084681175 -1.9787554688687607
1682.1545181053216 -12.483598508231678 -1.9781378642924117
1686.7520440407325 -12.489686036841686 -1.9775211523927403
1691.3621355546943 -12.495772672305392 -1.9769053313645377
1695.9848269904066 -12.501858416412007 -1.9762903994075893
1700.6201527849323 -12.507943270946015 -1.9756763547264373
1705.2681474694655 -12.514027237687554 -1.9750631955300377
1709.9288456695672 -12.520110318411792 -1.9744509200323246
1714.6022821054385 -12.52619251488931 -1.9738395264518722
1719.2884915921704 -12.532273828886282 -1.9732290130116874
1723.9875090400189 -12.538354262163985 -1.9726193779397212
1728.6993694546431 -12.544433816479234 -1.9720106194684111
1733.4241079373764 -12.550512493584367 -1.9714027358347168
1738.1617596854992 -12.556590295226897 -1.9707957252804553
1742.9123599924794 -12.56266722315004 -1.9701895860517844
1747.6759442482462 -12.568743279092383 -1.969584316399513
1752.452547939464 -12.574818464787858 -1.9689799145791542
1757.2422066497763 -12.580892781966156 -1.9683763788504869
1762.0449560600805 -12.586966232352275 -1.9677737074780242
1766.8608319488048 -12.593038817666718 -1.9671718987308193
1771.6898701921534 -12.599110539625745 -1.9665709508821911
1776.5321067643843 -12.605181399940898 -1.9659708622102048
1781.3875777380881 -12.611251400319414 -1.9653716309972895
1786.2563192844357 -12.617320542464194 -1.9647732555302342
1791.1383676734608 -12.623388828073491 -1.9641757341005017
1796.0337592743247 -12.629456258841412 -1.9635790650037481
1800.9425305556001 -12.635522836457579 -1.9629832465401524
1805.8647180855221 -12.641588562607145 -1.9623882770143843
1810.8003585322706 -12.647653438971151 -1.9617941547352635
1815.7494886642555 -12.653717467226095 -1.9612008780162018
1820.7121453503676 -12.659780649044194 -1.9606084451749126
1825.6883655602649 -12.665842986093484 -1.9600168545333316
1830.6781863646588 -12.671904480037478 -1.9594261044179484
1835.6816449355686 -12.677965132535615 -1.9588361931593559
1840.6987785466083 -12.684024945242978 -1.9582471190925548
1845.7296245732773 -12.690083919810313 -1.9576588805569031
1850.7742204932144 -12.696142057884334 -1.9570714758958299
1855.8326038864936 -12.702199361107304 -1.9564849034572445
1860.9048124358956 -12.708255831117381 -1.9558991615932009
1865.9908839272041 -12.714311469548566 -1.9553142486599449
1871.090856249464 -12.7203662780305 -1.9547301630181115
1876.2047673952761 -12.726420258188867 -1.954146903032328
1881.3326554610901 -12.732473411645037 -1.9535644670715755
1886.4745586474671 -12.738525740016234 -1.9529828535090057
1891.6305152593741 -12.744577244915678 -1.9524020607218129
1896.8005637064819 -12.750627927952266 -1.9518220870915486
1901.9847425034282 -12.756677790730985 -1.951242931003714
1907.1830902701149 -12.76272683485259 -1.9506645908480522
1912.3956457320094 -12.768775061913756 -1.9500870650184476
1917.6224477204078 -12.774822473507221 -1.9495103519127432
1922.8635351727366 -12.780869071221456 -1.9489344499330725
1928.1189471328557 -12.786914856641083 -1.948359357485477
1933.3887227513235 -12.792959831346582 -1.9477850729801489
1938.6729012857058 -12.799003996914383 -1.9472115948313706
1943.9715221008603 -12.805047354917049 -1.9466389214573225
1949.284624669245 -12.81108990692297 -1.9460670512803995
1954.6122485711892 -12.817131654496709 -1.9454959827268516
1959.9544334951991 -12.823172599198767 -1.9449257142270169
1965.3112192382673 -12.829212742585678 -1.9443562442152458
1970.6826457061434 -12.835252086210138 -1.9437875711297463
1976.0687529136446 -12.84129063162074 -1.9432196934128654
1981.4695809849652 -12.847328380362335 -1.9426526095107359
1986.8851701539518 -12.853365333975741 -1.9420863178735384
1992.3155607644139 -12.8594014939979 -1.9415208169553722
1997.7607932704389 -12.865436861961953 -1.9409561052141728
2003.2209082366664 -12.871471439397016 -1.9403921811119222
2008.6959463386095 -12.877505227828518 -1.9398290431143275
2014.1859483629466 -12.883538228777894 -1.9392666896911182
2019.6909552078444 -12.889570443762828 -1.9387051193158147
2025.2110078832361 -12.895601874297167 -1.9381443304657973
2030.7461475111402 -12.901632521890878 -1.9375843216223596
2036.2964153259786 -12.907662388050266 -1.9370250912704965
2041.8618526748594 -12.913691474277682 -1.9364666378991799
2047.4425010178975 -12.919719782071834 -1.9359089600010517
2053.0384019285352 -12.925747312927591 -1.9353520560726374
2058.6495970938281 -12.931774068336086 -1.9347959246142292
2064.2761283147661 -12.937800049784734 -1.9342405641298492
2069.9180375066003 -12.943825258757153 -1.9336859731273752
2075.5753666991272 -12.949849696733352 -1.9331321501183025
2081.2481580370204 -12.9558733651895 -1.9325790936180083
2086.9364537801362 -12.961896265598188 -1.9320268021454758
2092.6402963038436 -12.96791839942825 -1.931475274223478
2098.3597280993163 -12.973939768144863 -1.9309245083784745
2104.0947917738613 -12.979960373209568 -1.9303745031405852
2109.8455300512501 -12.985980216080197 -1.9298252570436856
2115.6119857720087 -12.991999298211038 -1.9292767686252099
2121.3942018937523 -12.998017621052622 -1.9287290364263825
2127.1922214915176 -13.004035186052 -1.9281820589919476
2133.0060877580563 -13.01005199465251 -1.9276358348703868
2138.8358440041725 -13.016068048293949 -1.9270903626137459
2144.6815336590553 -13.022083348412528 -1.9265456407777042
2150.5432002705788 -13.028097896440844 -1.9260016679215639
2156.4208875056379 -13.034111693808001 -1.925458442608162
2162.3146391504888 -13.04012474193947 -1.9249159634040041
2168.2244991110456 -13.046137042257284 -1.924374228879056
2174.1505114132274 -13.052148596179819 -1.9238332376069605
2180.0927202032781 -13.05815940512206 -1.9232929881647973
2186.0511697481106 -13.064169470495395 -1.9227534791332748
2192.0259044356112 -13.070178793707761 -1.9222147090965642
2198.0169687749835 -13.076187376163585 -1.9216766766423861
2204.0244073970939 -13.082195219263834 -1.921139380361961
2210.0482650547765 -13.08820232440601 -1.9206028188499835
2216.0885866231797 -13.094208692984122 -1.9200669907046757
2222.1454171001155 -13.100214326388823 -1.9195318945276652
2228.2188016063656 -13.106219226007223 -1.9189975289241283
2234.3087853860329 -13.112223393223108 -1.9184638925025959
2240.4154138068907 -13.118226829416763 -1.9179309838751415
2246.5387323606942 -13.124229535965164 -1.9173988016571701
2252.6787866635382 -13.130231514241803 -1.9168673444675994
2258.8356224561858 -13.136232765616864 -1.9163366109286786
2265.0092856044303 -13.142233291457114 -1.9158065996661175
2271.1998220994069 -13.148233093125981 -1.9152773093089732
2277.4072780579495 -13.154232171983534 -1.9147487384897073
2283.6316997229496 -13.160230529386503 -1.9142208858441396
2289.8731334636714 -13.166228166688295 -1.9136937500114473
2296.1316257761118 -13.172225085238978 -1.9131673296341698
2302.4072232833614 -13.178221286385343 -1.9126416233581587
2308.6999727359225 -13.184216771470835 -1.9121166298326311
2315.009921012072 -13.190211541835653 -1.9115923477100767
2321.3371151182246 -13.196205598816672 -1.9110687756463476
2327.6816021892555 -13.202198943747559 -1.9105459123005317
2334.0434294888651 -13.208191577958635 -1.9100237563350755
2340.422644409944 -13.214183502777068 -1.9095023064156287
2346.8192944749007 -13.220174719526685 -1.9089815612111871
2353.2334273360316 -13.226165229528181 -1.9084615193939274
2359.6650907758676 -13.232155034098932 -1.9079421796393539
2366.1143327075497 -13.238144134553192 -1.9074235406261306
2372.5812011751568 -13.244132532201938 -1.9069056010362297
2379.0657443540777 -13.250120228353016 -1.9063883595547673
2385.5680105513848 -13.256107224311036 -1.9058718148701426
2392.0880482061643 -13.262093521377491 -1.9053559656738839
2398.6259058898931 -13.268079120850635 -1.9048408106607813
2405.1816323068133 -13.274064024025662 -1.9043263485287356
2411.7552762942678 -13.280048232194536 -1.9038125779788888
2418.3468868230771 -13.286031746646142 -1.9032994977154785
2424.9565129979187 -13.292014568666199 -1.9027871064459592
2431.5842040576658 -13.297996699537354 -1.9022754028808655
2438.2300093757708 -13.30397814053909 -1.9017643857339295
2444.893978460625 -13.309958892947853 -1.9012540537219456
2451.5761609559472 -13.31593895803695 -1.9007444055648841
2458.2766066411232 -13.321918337076651 -1.9002354399857611
2464.9953654315914 -13.3278970313341 -1.8997271557107507
2471.7324873792304 -13.333875042073455 -1.8992195514690526
2478.4880226727014 -13.33985237055575 -1.8987126259930061
2485.2620216378364 -13.34582901803903 -1.8982063780179605
2492.0545347380298 -13.351804985778262 -1.8977008062823817
2498.8656125745829 -13.357780275025432 -1.897195909527732
2505.6953058870959 -13.363754887029458 -1.8966916864985688
2512.5436655538624 -13.369728823036318 -1.8961881359424315
2519.4107425922166 -13.375702084288928 -1.8956852566099289
2526.2965881589339 -13.381674672027259 -1.8951830472546463
2533.2012535506024 -13.387646587488268 -1.8946815066332066
2540.124790204025 -13.393617831905974 -1.8941806335052038
2547.0672496965722 -13.399588406511411 -1.8936804266332394
2554.0286837465815 -13.405558312532659 -1.8931808847828826
2561.0091442137577 -13.411527551194878 -1.8926820067226764
2568.0086830995301 -13.417496123720261 -1.8921837912241291
2575.0273525474522 -13.42346403132809 -1.8916862370616925
2582.0652048436091 -13.429431275234721 -1.8911893430127786
2589.1222924169729 -13.435397856653612 -1.8906931078577109
2596.1986678398116 -13.441363776795296 -1.8901975303797725
2603.2943838280939 -13.447329036867457 -1.8897026093651244
2610.4094932418525 -13.453293638074831 -1.8892083436028808
2617.5440490855922 -13.459257581619335 -1.8887147318850148
2624.6981045087023 -13.465220868699985 -1.8882217730064297
2631.8717128058179 -13.471183500512957 -1.8877294657648811
2639.064927417242 -13.477145478251565 -1.8872378089610242
2646.2778019293287 -13.483106803106278 -1.8867468013983661
2653.5103900749077 -13.489067476264747 -1.8862564418832777
2660.7627457336503 -13.495027498911785 -1.885766729224984
2668.034922932487 -13.50098687222939 -1.8852776622355394
2675.326975846026 -13.506945597396747 -1.8847892397298533
2682.6389587969261 -13.512903675590263 -1.884301460525631
2689.9709262563147 -13.518861107983501 -1.8838143234434284
2697.322932844213 -13.524817895747306 -1.8833278273065766
2704.6950333299087 -13.530774040049698 -1.8828419709412352
2712.0872826323784 -13.536729542055941 -1.8823567531763379
2719.4997358207179 -13.542684402928556 -1.8818721728436083
2726.932448114515 -13.548638623827287 -1.8813882287775512
2734.3854748842855 -13.554592205909163 -1.8809049198154246
2741.858871651873 -13.560545150328432 -1.8804222447972698
2749.352694090886 -13.566497458236672 -1.8799402025658505
2756.8669980270793 -13.572449130782699 -1.8794587919667027
2764.4018394387845 -13.578400169112625 -1.8789780118480768
2771.9572744573475 -13.584350574369875 -1.8784978610609611
2779.5333593675091 -13.590300347695152 -1.8780183384590639
2787.1301506078435 -13.596249490226501 -1.8775394428987955
2794.7477047711955 -13.602198003099254 -1.877061173239289
2802.3860786050668 -13.608145887446103 -1.8765835283423495
2810.0453290120586 -13.614093144397039 -1.8761065070724945
2817.7255130503086 -13.620039775079434 -1.8756301082969036
2825.4266879338848 -13.625985780617986 -1.8751543308854359
2833.1489110332341 -13.631931162134752 -1.8746791737106214
2840.8922398755967 -13.637875920749163 -1.8742046356476316
2848.6567321454604 -13.643820057578026 -1.8737307155743084
2856.4424456849529 -13.649763573735523 -1.8732574123711156
2864.2494384942916 -13.655706470333218 -1.8727847249211644
2872.0777687322325 -13.661648748480088 -1.8723126521101889
2879.9274947164695 -13.667590409282507 -1.8718411928265346
2887.7986749240849 -13.673531453844245 -1.8713703459611761
2895.691367992004 -13.679471883266519 -1.8709001104076712
2903.6056327173951 -13.685411698647957 -1.8704304850621887
2911.5415280581269 -13.69135090108461 -1.8699614688234822
2919.4991131332245 -13.697289491669995 -1.8694930605928792
2927.4784472232741 -13.703227471495058 -1.8690252592742971
2935.4795897708827 -13.709164841648199 -1.8685580637742034
2943.5026003811399 -13.715101603215309 -1.8680914730016343
2951.5475388220234 -13.721037757279715 -1.8676254858681771
2959.6144650248707 -13.726973304922247 -1.8671601012879555
2967.703439084813 -13.732908247221193 -1.8666953181776451
2975.8145212612462 -13.738842585252367 -1.8662311354564369
2983.9477719782435 -13.744776320089063 -1.8657675520460502
2992.1032518250258 -13.750709452802077 -1.8653045668707253
3000.2810215564277 -13.756641984459737 -1.8648421788571969
3008.481142093317 -13.76257391612787 -1.8643803869347153
3016.7036745230648 -13.768505248869847 -1.8639191900350167
3024.9486801000203 -13.774435983746576 -1.8634585870923206
3033.2162202459285 -13.78036612181649 -1.8629985770433382
3041.5063565504083 -13.786295664135583 -1.8625391588272404
3049.8191507714278 -13.792224611757412 -1.8620803313856684
3058.1546648357289 -13.798152965733085 -1.8616220936627264
3066.5129608393127 -13.804080727111286 -1.8611644446049589
3074.8941010478898 -13.81000789693827 -1.8607073831613665
3083.2981478973684 -13.815934476257883 -1.8602509082833807
3091.7251639942842 -13.821860466111572 -1.8597950189248598
3100.1752121162817 -13.827785867538349 -1.8593397140420971
3108.6483552126051 -13.833710681574864 -1.8588849925937911
3117.1446564045254 -13.839634909255366 -1.8584308535410528
3125.6641789858331 -13.845558551611717 -1.8579772958474028
3134.2069864233258 -13.851481609673414 -1.8575243184787482
3142.7731423572454 -13.857404084467579 -1.8570719204033883
3151.3627106017693 -13.863325977018972 -1.8566201005920111
3159.9757551455059 -13.869247288350008 -1.8561688580176694
3168.6123401519326 -13.875168019480739 -1.8557181916557914
3177.2725299598937 -13.881088171428887 -1.8552681004841702
3185.9563890840973 -13.887007745209837 -1.8548185834829454
3194.6639822155603 -13.892926741836646 -1.8543696396346119
3203.395374222112 -13.898845162320042 -1.8539212679240078
3212.150630148868 -13.904763007668446 -1.8534734673383009
3220.9298152187389 -13.910680278887973 -1.8530262368669914
3229.7329948328784 -13.916596976982429 -1.8525795755019043
3238.5602345711877 -13.92251310295333 -1.852133482237174
3247.4116001928264 -13.928428657799895 -1.8516879560692485
3256.2871576366624 -13.934343642519071 -1.8512429959968795
3265.1869730217804 -13.94025805810552 -1.8507986010211104
3274.1111126479977 -13.946171905551648 -1.8503547701452765
3283.0596429963166 -13.952085185847576 -1.8499115023749995
3292.032630729439 -13.957997899981184 -1.8494687967181724
3301.0301426922852 -13.963910048938107 -1.8490266521849608
3310.0522459124495 -13.96982163370172 -1.8485850677877975
3319.0990076007274 -13.975732655253172 -1.8481440425413678
3328.1704951516022 -13.981643114571362 -1.8477035754626101
3337.2667761437756 -13.987553012632997 -1.8472636655707109
3346.3879183406284 -13.993462350412534 -1.8468243118870911
3355.5339896907471 -13.999371128882228 -1.8463855134354044
3364.7050583284508 -14.005279349012138 -1.845947269241534
3373.9011925742561 -14.011187011770105 -1.8455095783335804
3383.1224609354081 -14.017094118121783 -1.8450724397418568
3392.3689321064107 -14.023000669030647 -1.8446358524988857
3401.6406749694979 -14.028906665457978 -1.8441998156393922
3410.9377585951656 -14.03481210836288 -1.8437643282002929
3420.2602522427101 -14.040716998702298 -1.8433293892206941
3429.6082253606992 -14.046621337431006 -1.8428949977418889
3438.9817475875188 -14.052525125501628 -1.8424611528073429
3448.380888751879 -14.058428363864618 -1.842027853462693
3457.8057188733592 -14.064331053468312 -1.8415950987557423
3467.2563081628909 -14.070233195258883 -1.8411628877364525
3476.7327270233 -14.076134790180372 -1.8407312194569363
3486.2350460498524 -14.082035839174715 -1.8403000929714521
3495.7633360307377 -14.087936343181699 -1.8398695073364038
3505.3176679476187 -14.093836303139012 -1.8394394616103251
3514.8981129761805 -14.099735719982228 -1.8390099548538785
3524.5047424866179 -14.10563459464481 -1.8385809861298523
3534.1376280441896 -14.111532928058125 -1.8381525545031514
3543.7968414097713 -14.117430721151464 -1.8377246590407887
3553.482454540348 -14.12332797485201 -1.8372972988118834
3563.1945395895727 -14.129224690084872 -1.8368704728876564
3572.9331689083233 -14.13512086777309 -1.8364441803414198
3582.6984150452004 -14.141016508837627 -1.8360184202485734
3592.490350747094 -14.146911614197387 -1.8355931916865986
3602.3090489597148 -14.152806184769208 -1.8351684937350556
3612.1545828281633 -14.158700221467893 -1.8347443254755726
3622.0270256974322 -14.164593725206185 -1.8343206859918419
3631.9264511129754 -14.170486696894784 -1.8338975743696164
3641.8529328212767 -14.176379137442364 -1.833474989696702
3651.8065447703557 -14.182271047755567 -1.8330529310629518
3661.78736111034 -14.188162428739005 -1.8326313975602608
3671.7954561940419 -14.194053281295279 -1.8322103882825596
3681.8309045774654 -14.199943606324979 -1.8317899023258111
3691.8937810203843 -14.205833404726668 -1.8313699387880036
3701.9841604869234 -14.211722677396939 -1.8309504967691421
3712.1021181460696 -14.217611425230363 -1.8305315753712474
3722.2477293722636 -14.223499649119534 -1.8301131736983491
3732.4210697459457 -14.229387349955044 -1.8296952908564805
3742.6222150541494 -14.235274528625533 -1.8292779259536693
3752.8512412910195 -14.24116118601764 -1.8288610780999368
3763.1082246584019 -14.247047323016051 -1.8284447464072913
3773.3932415664349 -14.252932940503481 -1.8280289299897217
3783.7063686340712 -14.258818039360694 -1.8276136279631923
3794.0476826896715 -14.264702620466483 -1.8271988394456373
3804.4172607716009 -14.270586684697722 -1.8267845635569551
3814.8151801287572 -14.276470232929324 -1.8263707994190048
3825.2415182211666 -14.28235326603426 -1.8259575461555999
3835.696352720588 -14.288235784883586 -1.8255448028925005
3846.1797615110418 -14.294117790346423 -1.8251325687574109
3856.6918226894145 -14.299999283289976 -1.8247208428799735
3867.2326145660641 -14.305880264579525 -1.8243096243917638
3877.8022156653574 -14.311760735078444 -1.8238989124262845
3888.4007047262844 -14.317640695648212 -1.8234887061189604
3899.0281607030302 -14.323520147148379 -1.8230790046071332
3909.6846627655955 -14.329399090436642 -1.8226698070300553
3920.3702903003368 -14.335277526368779 -1.8222611125288872
3931.0851229105842 -14.341155455798681 -1.8218529202466909
3941.8292404172557 -14.347032879578379 -1.8214452293284229
3952.6027228594066 -14.352909798558017 -1.8210380389209315
3963.4056504948471 -14.358786213585869 -1.820631348172951
3974.2381038007666 -14.364662125508353 -1.8202251562350953
3985.1001634742834 -14.370537535170019 -1.819819462259856
3995.9919104330697 -14.376412443413567 -1.8194142654015943
4006.9134258159811 -14.382286851079856 -1.8190095648165352
4017.8647909836104 -14.388160759007881 -1.8186053596627658
4028.8460875189253 -14.394034168034818 -1.818201649100228
4039.8573972278627 -14.399907078995994 -1.8177984322907146
4050.8988021399691 -14.405779492724921 -1.8173957083978627
4061.9703845089625 -14.411651410053279 -1.8169934765871505
4073.0722268133691 -14.417522831810917 -1.8165917360258914
4084.2044117571645 -14.423393758825899 -1.8161904858832281
4095.367022270339 -14.429264191924451 -1.8157897253301296
4106.5601415095407 -14.435134131931008 -1.815389453539386
4117.7838528587172 -14.441003579668209 -1.8149896696856014
4129.0382399296932 -14.446872535956889 -1.8145903729451922
4140.3233865628108 -14.452741001616094 -1.8141915624963798
4151.6393768275839 -14.458608977463097 -1.8137932375191856
4162.9862950232737 -14.464476464313368 -1.8133953971954284
4174.3642256795501 -14.470343462980628 -1.8129980407087178
4185.7732535571013 -14.4762099742768 -1.8126011672444498
4197.2134636483042 -14.482075999012064 -1.8122047759898012
4208.6849411778048 -14.487941537994832 -1.811808866133727
4220.1877716031759 -14.493806592031749 -1.8114134368669541
4231.7220406155839 -14.499671161927726 -1.8110184873819748
4243.2878341403712 -14.505535248485909 -1.8106240168730461
4254.8852383377252 -14.511398852507707 -1.8102300245361815
4266.5143396033463 -14.51726197479281 -1.8098365095691475
4278.1752245690368 -14.523124616139148 -1.8094434711714604
4289.867980103375 -14.528986777342933 -1.8090509085443789
4301.5926933123865 -14.534848459198653 -1.8086588208909007
4313.3494515401426 -14.540709662499086 -1.8082672074157584
4325.138342369436 -14.546570388035281 -1.8078760673254148
4336.9594536224586 -14.552430636596583 -1.807485399828056
4348.8128733614058 -14.558290408970631 -1.8070952041335906
4360.6986898891655 -14.56414970594337 -1.8067054794536415
4372.6169917499592 -14.570008528299031 -1.8063162250015441
4384.5678677300366 -14.575866876820175 -1.8059274399923397
4396.5514068582834 -14.581724752287659 -1.8055391236427727
4408.5676984069132 -14.587582155480664 -1.8051512751712842
4420.6168318921555 -14.593439087176698 -1.8047638937980088
4432.6988970748744 -14.599295548151584 -1.8043769787447699
4444.8139839612577 -14.605151539179472 -1.8039905292350751
4456.9621828035197 -14.611007061032872 -1.8036045444941113
4469.1435841005177 -14.616862114482608 -1.8032190237487402
4481.3582785984527 -14.622716700297856 -1.8028339662274957
4493.6063572915718 -14.628570819246141 -1.802449371160576
4505.8879114227939 -14.634424472093349 -1.8020652377798427
4518.2030324844236 -14.640277659603701 -1.8016815653188143
4530.5518122188178 -14.646130382539802 -1.8012983530126625
4542.9343426191017 -14.651982641662617 -1.8009156000982072
4555.3507159298015 -14.65783443773147 -1.8005333058139132
4567.8010246475569 -14.663685771504062 -1.8001514693998852
4580.2853615218428 -14.669536643736492 -1.7997700900978628
4592.8038195555991 -14.675387055183222 -1.7993891671512179
4605.3564920059534 -14.681237006597097 -1.7990086998049488
4617.9434723849463 -14.687086498729375 -1.7986286873056763
4630.5648544601672 -14.692935532329695 -1.7982491289016396
4643.220732255485 -14.698784108146098 -1.797870023842693
4655.9112000517734 -14.704632226925025 -1.7974913713802989
4668.6363523875616 -14.710479889411339 -1.7971131707675267
4681.3962840597596 -14.716327096348294 -1.7967354212590474
4694.1910901244 -14.722173848477585 -1.7963581221111276
4707.0208658972851 -14.72802014653932 -1.7959812725816275
4719.8857069547366 -14.733865991272008 -1.7956048719299971
4732.7857091342867 -14.739711383412622 -1.7952289194172695
4745.7209685354328 -14.745556323696555 -1.7948534143060584
4758.6915815202947 -14.751400812857636 -1.7944783558605548
4771.6976447143606 -14.757244851628123 -1.7941037433465215
4784.7392550072354 -14.763088440738745 -1.7937295760312877
4797.8165095533086 -14.76893158091867 -1.7933558531837486
4810.9295057725012 -14.774774272895502 -1.7929825740743579
4824.0783413510253 -14.780616517395334 -1.7926097379751251
4837.2631142420514 -14.786458315142699 -1.7922373441596116
4850.4839226664653 -14.792299666860597 -1.7918653919029264
4863.7408651136357 -14.798140573270516 -1.7914938804817211
4877.0340403420796 -14.803981035092395 -1.7911228091741873
4890.3635473802478 -14.809821053044663 -1.7907521772600528
4903.729485527233 -14.815660627844224 -1.7903819840205755
4917.1319543535574 -14.821499760206482 -1.7900122287385412
4930.5710537018485 -14.827338450845316 -1.789642910698259
4944.0468836876171 -14.833176700473093 -1.7892740291855582
4957.5595447000314 -14.839014509800712 -1.7889055834877816
4971.1091374026037 -14.844851879537535 -1.7885375728937858
4984.6957627339716 -14.850688810391436 -1.7881699966939337
4998.3195219086829 -14.856525303068825 -1.7878028541800914
5011.9805164178824 -14.862361358274596 -1.7874361446456262
5025.6788480301047 -14.86819697671217 -1.7870698673853997
5039.4146187920596 -14.874032159083498 -1.7867040216957664
5053.1879310293307 -14.879866906089042 -1.7863386068745681
5066.998887347183 -14.885701218427798 -1.7859736222211315
5080.8475906312988 -14.891535096797291 -1.7856090670362639
5094.7341440485943 -14.897368541893595 -1.785244940622247
5108.6586510479192 -14.903201554411309 -1.7848812422828375
5122.6212153608622 -14.909034135043573 -1.7845179713232602
5136.6219410025542 -14.914866284482098 -1.7841551270502041
5150.6609322723789 -14.920698003417131 -1.7837927087718199
5164.7382937547836 -14.92652929253746 -1.7834307157977165
5178.8541303200882 -14.932360152530457 -1.7830691474389553
5193.008547125206 -14.938190584082049 -1.782708003008048
5207.2016496144524 -14.944020587876711 -1.7823472818189532
5221.4335435203693 -14.949850164597517 -1.7819869831870705
5235.7043348644456 -14.955679314926098 -1.781627106429239
5250.0141299579391 -14.961508039542657 -1.7812676508637333
5264.3630354027018 -14.967336339125996 -1.7809086158102578
5278.7511580919063 -14.973164214353485 -1.7805500005899457
5293.178605210891 -14.978991665901095 -1.7801918045253535
5307.6454842379308 -14.984818694443375 -1.7798340269404584
5322.1519029450856 -14.99064530065348 -1.779476667160653
5336.697969398936 -14.996471485203164 -1.7791197245127444
5351.2837919614203 -15.002297248762774 -1.7787631983249477
5365.9094792906762 -15.00812259200128 -1.7784070879268841
5380.5751403417853 -15.013947515586242 -1.7780513926495771
5395.2808843676139 -15.019772020183851 -1.7776961118254484
5410.0268209196629 -15.025596106458911 -1.7773412447883141
5424.8130598488187 -15.031419775074836 -1.7769867908733821
5439.6397113062021 -15.03724302669367 -1.7766327494172482
5454.5068857440228 -15.043065861976093 -1.7762791197578909
5469.4146939163356 -15.048888281581409 -1.7759259012346711
5484.3632468799115 -15.054710286167552 -1.7755730931883258
5499.3526559950405 -15.060531876391099 -1.7752206949609659
5514.3830329264083 -15.066353052907274 -1.7748687058960713
5529.4544896438583 -15.07217381636994 -1.7745171253384893
5544.567138423261 -15.077994167431601 -1.7741659526344302
5559.7210918473838 -15.083814106743436 -1.7738151871314634
5574.9164628066628 -15.089633634955256 -1.7734648281785141
5590.1533645000763 -15.095452752715534 -1.7731148751258614
5605.4319104360229 -15.101271460671425 -1.7727653273251316
5620.7522144330987 -15.107089759468728 -1.7724161841292982
5636.1143906209791 -15.112907649751914 -1.7720674448926763
5651.5185534413049 -15.11872513216414 -1.7717191089709194
5666.9648176484643 -15.124542207347229 -1.7713711757210173
5682.4532983104818 -15.130358875941678 -1.7710236445012915
5697.9841108099108 -15.136175138586683 -1.7706765146713912
5713.5573708446273 -15.141990995920111 -1.7703297855922924
5729.1731944287303 -15.147806448578521 -1.7699834566262915
5744.8316978933908 -15.153621497197168 -1.7696375271370048
5760.5329978877598 -15.159436142410005 -1.7692919964893623
5776.2772113797691 -15.16525038484968 -1.7689468640496067
5792.0644556570378 -15.171064225147536 -1.7686021291852896
5807.8948483277827 -15.176877663933642 -1.7682577912652662
5823.7685073216189 -15.182690701836762 -1.7679138496596949
5839.685550890481 -15.18850333948437 -1.7675703037400323
5855.6460976095314 -15.194315577502669 -1.7672271528790302
5871.6502663779802 -15.200127416516562 -1.7668843964507326
5887.6981764200018 -15.205938857149688 -1.7665420338304718
5903.7899472856598 -15.211749900024412 -1.7662000643948654
5919.9256988517263 -15.217560545761824 -1.7658584875218137
5936.1055513226229 -15.223370794981737 -1.7655173025904962
5952.3296252312912 -15.229180648302705 -1.7651765089813676
5968.5980414401411 -15.234990106342035 -1.7648361060761546
5984.9109211418772 -15.240799169715757 -1.7644960932578546
6001.268385860436 -15.246607839038642 -1.7641564699107302
6017.6705574519328 -15.252416114924232 -1.7638172354203068
6034.1175581054904 -15.258223997984793 -1.7634783891733696
6050.6095103441912 -15.264031488831357 -1.7631399305579609
6067.146537026023 -15.269838588073728 -1.7628018589633756
6083.7287613447224 -15.275645296320443 -1.7624641737801592
6100.3563068307276 -15.28145161417881 -1.7621268744001048
6117.0292973521409 -15.287257542254924 -1.7617899602162483
6133.7478571155698 -15.293063081153623 -1.7614534306228673
6150.5121106671058 -15.298868231478526 -1.761117285015477
6167.3221828932292 -15.304672993832035 -1.7607815227908268
6184.1781990217851 -15.310477368815329 -1.7604461433468979
6201.0802846228453 -15.316281357028359 -1.7601111460828998
6218.0285656096767 -15.322084959069858 -1.7597765303992676
6235.0231682397234 -15.327888175537378 -1.7594422956976583
6252.0642191154639 -15.333691007027232 -1.7591084413809481
6269.1518451853999 -15.339493454134523 -1.7587749668532298
6286.2861737450339 -15.345295517453174 -1.7584418715198085
6303.4673324377454 -15.351097197575896 -1.7581091547872001
6320.6954492557761 -15.356898495094192 -1.7577768160631277
6337.9706525412266 -15.362699410598399 -1.7574448547565173
6355.2930709869306 -15.368499944677641 -1.757113270277497
6372.6628336374561 -15.374300097919855 -1.7567820620373928
6390.0800698901039 -15.380099870911804 -1.7564512294487251
6407.5449094957921 -15.385899264239056 -1.7561207719252068
6425.0574825600779 -15.391698278486 -1.7557906888817398
6442.6179195440991 -15.397496914235864 -1.7554609797344127
6460.2263512655973 -15.40329517207069 -1.755131643900496
6477.8829088998173 -15.409093052571356 -1.7548026807984414
6495.5877239805186 -15.414890556317555 -1.7544740898478779
6513.3409284009995 -15.420687683887847 -1.7541458704696078
6531.1426544149963 -15.426484435859601 -1.7538180220856061
6548.9930346377132 -15.432280812809033 -1.7534905441190161
6566.8922020468444 -15.438076815311224 -1.7531634359941455
6584.8402899834891 -15.443872443940071 -1.7528366971364664
6602.8374321531846 -15.449667699268343 -1.7525103269726099
6620.8837626269396 -15.455462581867655 -1.7521843249303639
6638.9794158421537 -15.461257092308472 -1.751858690438671
6657.1245266036758 -15.467051231160125 -1.7515334229276243
6675.3192300847759 -15.472844998990793 -1.7512085218284661
6693.5636618282115 -15.478638396367538 -1.7508839865735832
6711.8579577471519 -15.484431423856275 -1.7505598165965064
6730.2022541262331 -15.490224082021793 -1.7502360113319055
6748.5966876226166 -15.496016371427757 -1.7499125702155873
6767.0413952669187 -15.501808292636696 -1.7495894926844935
6785.5365144642801 -15.507599846210017 -1.7492667781766968
6804.0821829954257 -15.513391032708029 -1.7489444261313984
6822.6785390176092 -15.519181852689901 -1.7486224359889257
6841.3257210656848 -15.524972306713691 -1.7483008071907293
6860.023868053182 -15.530762395336355 -1.7479795391793802
6878.7731192732535 -15.536552119113736 -1.7476586313985658
6897.5736143997719 -15.542341478600573 -1.7473380832930903
6916.4254934883384 -15.548130474350497 -1.7470178943088686
6935.3288969773876 -15.553919106916041 -1.7466980638929244
6954.2839656891465 -15.559707376848646 -1.74637859149339
6973.290840830723 -15.565495284698645 -1.7460594765594999
6992.3496639952064 -15.571282831015292 -1.7457407185415903
7011.4605771626311 -15.577070016346749 -1.7454223168910961
7030.6237227010824 -15.582856841240083 -1.7451042710605476
7049.8392433677946 -15.588643306241286 -1.7447865805035683
7069.1072823101331 -15.594429411895259 -1.7444692446748722
7088.427983066701 -15.600215158745828 -1.7441522630302613
7107.8014895684537 -15.60600054733575 -1.7438356350266218
7127.2279461396802 -15.611785578206703 -1.743519360121923
7146.7074974991292 -15.617570251899284 -1.7432034377752144
7166.2402887611233 -15.62335456895304 -1.7428878674466211
7185.8264654365566 -15.629138529906438 -1.7425726485973441
7205.466173434037 -15.63492213529689 -1.7422577806896558
7225.1595590609413 -15.640705385660736 -1.7419432631868979
7244.9067690245674 -15.646488281533273 -1.7416290955534783
7264.7079504331377 -15.652270823448735 -1.7413152772548695
7284.5632507969349 -15.658053011940289 -1.7410018077576053
7304.4728180294551 -15.663834847540084 -1.7406886865292779
7324.4368004484086 -15.669616330779203 -1.7403759130385357
7344.4553467768801 -15.675397462187664 -1.7400634867550819
7364.528606144474 -15.681178242294479 -1.7397514071496696
7384.6567280883401 -15.686958671627602 -1.7394396736941009
7404.8398625543296 -15.692738750713932 -1.7391282858612245
7425.0781598981594 -15.698518480079375 -1.7388172431249309
7445.3717708864406 -15.704297860248765 -1.7385065449601536
7465.7208466978627 -15.710076891745924 -1.7381961908428629
7486.1255389242879 -15.71585557509364 -1.7378861802500658
7506.5859995719438 -15.721633910813686 -1.737576512659802
7527.1023810624638 -15.727411899426802 -1.7372671875511427
7547.6748362340641 -15.733189541452706 -1.7369582044041876
7568.3035183427346 -15.738966837410114 -1.7366495627000609
7588.9885810632859 -15.744743787816706 -1.7363412619209115
7609.7301784905385 -15.750520393189154 -1.7360333015499092
7630.5284651405191 -15.75629665404314 -1.7357256810712414
7651.3835959515181 -15.76207257089332 -1.7354183999701118
7672.2957262852915 -15.767848144253332 -1.7351114577327382
7693.2650119282616 -15.773623374635845 -1.7348048538463481
7714.2916090925901 -15.779398262552494 -1.7344985877991785
7735.3756744173807 -15.785172808513938 -1.734192659080473
7756.5173649699009 -15.790947013029832 -1.7338870671804778
7777.7168382466516 -15.796720876608834 -1.7335818115904413
7798.9742521746075 -15.802494399758618 -1.73327689180261
7820.2897651123612 -15.808267582985859 -1.7329723073102281
7841.6635358513622 -15.814040426796263 -1.7326680576075324
7863.0957236170116 -15.819812931694532 -1.7323641421897524
7884.58648806989 -15.825585098184401 -1.732060560553107
7906.1359893069975 -15.83135692676862 -1.7317573121948009
7927.7443878628519 -15.837128417948966 -1.7314543966130242
7949.4118447107276 -15.842899572226228 -1.7311518133069497
7971.1385212639088 -15.848670390100242 -1.7308495617767288
7992.9245793767914 -15.854440872069866 -1.7305476415234911
8014.7701813461381 -15.860211018632985 -1.730246052049341
8036.6754899123371 -15.865980830286521 -1.7299447928573559
8058.6406682605166 -15.871750307526449 -1.7296438634515832
8080.6658800218247 -15.877519450847757 -1.7293432633370394
8102.7512892746172 -15.883288260744486 -1.7290429920197057
8124.8970605457425 -15.889056737709733 -1.728743049006527
8147.1033588116734 -15.894824882235625 -1.7284434338054098
8169.3703494997808 -15.900592694813337 -1.7281441459252196
8191.6981984896183 -15.906360175933115 -1.7278451848757777
8214.0870721140582 -15.912127326084235 -1.7275465501678595
8236.5371371605816 -15.917894145755032 -1.7272482413131942
8259.0485608725667 -15.92366063543292 -1.7269502578244587
8281.6215109504374 -15.929426795604343 -1.7266525992152784
8304.2561555529646 -15.935192626754823 -1.7263552650002236
8326.9526632985671 -15.940958129368948 -1.7260582546948076
8349.7112032664663 -15.946723303930373 -1.7257615678154843
8372.5319449980125 -15.952488150921807 -1.7254652038796461
8395.4150584979197 -15.958252670825036 -1.725169162405622
8418.3607142355886 -15.964016864120939 -1.7248734429126746
8441.36908314629 -15.96978073128945 -1.7245780449209978
8464.440336632475 -15.975544272809575 -1.7242829679517158
8487.5746465651118 -15.981307489159423 -1.7239882115268796
8510.7721852848608 -15.987070380816167 -1.7236937751694656
8534.033125603406 -15.992832948256064 -1.7233996584033735
8557.3576408048029 -15.998595191954468 -1.7231058607534226
8580.7459046466574 -16.004357112385815 -1.722812381745352
8604.1980913614771 -16.01011871002363 -1.7225192209058164
8627.7143756580172 -16.015879985340533 -1.7222263777623847
8651.2949327224851 -16.021640938808243 -1.7219338518435381
8674.9399382198862 -16.027401570897563 -1.7216416426786678
8698.6495682953973 -16.033161882078414 -1.7213497497980721
8722.4239995755634 -16.038921872819802 -1.7210581727329552
8746.2634091696927 -16.044681543589849 -1.7207669110154249
8770.1679746711325 -16.050440894855761 -1.7204759641784901
8794.1378741586686 -16.056199927083885 -1.7201853317560585
8818.1732861977434 -16.06195864073965 -1.7198950132829354
8842.2743898418394 -16.067717036287604 -1.7196050082948207
8866.4413646338671 -16.073475114191414 -1.7193153163283066
8890.6743906073953 -16.079232874913867 -1.7190259369208769
8914.9736482880453 -16.084990318916848 -1.7187368696109038
8939.3393186948888 -16.090747446661386 -1.7184481139376446
8963.7715833416933 -16.09650425860762 -1.7181596694412431
8988.2706242383229 -16.102260755214804 -1.7178715356627241
9012.8366238921499 -16.108016936941343 -1.7175837121439925
9037.4697653093044 -16.113772804244753 -1.7172961984278317
9062.1702319961169 -16.119528357581682 -1.7170089940579016
9086.9382079604384 -16.125283597407908 -1.7167220985787357
9111.7738777130962 -16.131038524178354 -1.716435511535739
9136.677426269147 -16.136793138347077 -1.716149232475187
9161.6490391493171 -16.142547440367256 -1.715863260944223
9186.6889023814383 -16.148301430691237 -1.7155775964908562
9211.7972025017225 -16.154055109770486 -1.7152922386639589
9236.9741265562061 -16.159808478055627 -1.7150071870132664
9262.2198621022035 -16.165561535996428 -1.714722441089372
9287.5345972095874 -16.171314284041802 -1.7144380004437287
9312.9185204622445 -16.177066722639811 -1.7141538646286441
9338.3718209595427 -16.182818852237681 -1.7138700331972792
9363.8946883176268 -16.188570673281777 -1.7135865057036477
9389.487312670879 -16.194322186217629 -1.7133032817026124
9415.1498846734012 -16.200073391489934 -1.713020360749884
9440.8825955003194 -16.205824289542527 -1.7127377424020183
9466.6856368492809 -16.211574880818425 -1.7124554262164162
9492.5592009418451 -16.217325165759799 -1.7121734117513197
9518.5034805249961 -16.223075144807996 -1.7118916985658101
9544.5186688724589 -16.22882481840352 -1.7116102862198073
9570.6049597861947 -16.234574186986052 -1.7113291742740671
9596.7625475979148 -16.240323250994447 -1.7110483622901789
9622.9916271703969 -16.246072010866722 -1.7107678498305641
9649.2923938990007 -16.251820467040083 -1.7104876364584749
9675.6650437131884 -16.257568619950916 -1.7102077217379903
9702.1097730778583 -16.263316470034773 -1.7099281052340169
9728.6267789948706 -16.269064017726389 -1.7096487865122854
9755.2162590045737 -16.274811263459704 -1.7093697651393478
9781.8784111871591 -16.280558207667816 -1.7090910406825774
9808.6134341642137 -16.286304850783022 -1.7088126127101659
9835.4215271001594 -16.292051193236812 -1.7085344807911222
9862.3028897038203 -16.297797235459861 -1.7082566444952694
9889.2577222297841 -16.303542977882042 -1.7079791033932434
9916.2862254799638 -16.309288420932415 -1.7077018570564912
9943.3886008051413 -16.315033565039247 -1.707424905057269
9970.5650501063592 -16.320778410629998 -1.7071482469686401
9997.815775836476 -16.326522958131321 -1.7068718823644737
10025.140981001738 -16.332267207969092 -1.7065958108194414
10052.540869163173 -16.338011160568367 -1.7063200319090173
10080.015644438165 -16.343754816353421 -1.7060445452094752
10107.565511502031 -16.34949817574774 -1.7057693502978866
10135.190675589436 -16.35524123917401 -1.7054944467521191
10162.89134249599 -16.360984007054139 -1.7052198341508347
10190.667718579749 -16.366726479809227 -1.7049455120734875
10218.52001076283 -16.372468657859617 -1.7046714801003227
10246.44842653283 -16.378210541624856 -1.7043977378123738
10274.453173944437 -16.383952131523696 -1.7041242847914615
10302.534461621039 -16.389693427974134 -1.7038511206201912
10330.692498756147 -16.39543443139338 -1.7035782448819521
10358.927495115031 -16.401175142197854 -1.7033056571609149
10387.239661036334 -16.406915560803228 -1.7030333570420293
10415.629207433514 -16.41265568762438 -1.7027613441110236
10444.096345796483 -16.418395523075421 -1.7024896179544025
10472.641288193241 -16.424135067569704 -1.7022181781594441
10501.264247271334 -16.429874321519804 -1.7019470243141999
10529.965436259497 -16.435613285337528 -1.7016761560074913
10558.745068969307 -16.441351959433941 -1.7014055728289095
10587.603359796651 -16.447090344219315 -1.7011352743688124
10616.540523723404 -16.45282844010319 -1.7008652602183238
10645.556776318996 -16.458566247494321 -1.7005955299693316
10674.652333742089 -16.464303766800729 -1.7003260832144842
10703.827412742077 -16.470040998429674 -1.7000569195471913
10733.082230660748 -16.475777942787655 -1.699788038561622
10762.417005433981 -16.481514600280423 -1.6995194398526994
10791.831955593232 -16.487250971312992 -1.6992511230161045
10821.327300267227 -16.492987056289596 -1.6989830876482699
10850.903259183666 -16.498722855613767 -1.69871533334638
10880.56005267072 -16.504458369688255 -1.6984478597083696
10910.297901658751 -16.510193598915077 -1.6981806663329215
10940.117027682007 -16.515928543695527 -1.6979137528194641
10970.017652880151 -16.521663204430133 -1.6976471187681714
11000 -16.527397581518702 -1.6973807637799603
