
   ___  __   __  ____________   
  / _ \/ /  / / / /_  __/ __ \ 
 / ___/ /__/ /_/ / / / / /_/ /  
/_/  /____/\____/ /_/  \____/   
=============================    v. 4.4-patch4 (Jun 2026)  

> System:

  sysconf.out file not found... 

  - Basic data type size (Bytes):
    o sizeof (char)     = 1
    o sizeof (uchar)    = 1
    o sizeof (uint16_t) = 2
    o sizeof (short)    = 2
    o sizeof (ushort)   = 2
    o sizeof (int)      = 4
    o sizeof (long)     = 8
    o sizeof (*int)     = 8
    o sizeof (float)    = 4
    o sizeof (double)   = 8
    o sizeof (*double)  = 8

  - Structure data type (Bytes):
    o sizeof (cmdLine)    = 64
    o sizeof (Data)       = 272
    o sizeof (Grid)       = 1024
    o sizeof (Float_Vect) = 12
    o sizeof (Image)      = 856
    o sizeof (Output)     = 1768
    o sizeof (RGB)        = 3
    o sizeof (Runtime)    = 47008
    o sizeof (Restart)    = 128
    o sizeof (timeStep)   = 144
    o sizeof (RBox)       = 112
    o sizeof (State)      = 128
    o sizeof (Sweep)      = 568

> Local time:       Wed Jul 15 23:46:48 2026

> Cmd line args:    -dec 8 

> Header configuration:

  PHYSICS:          RHD
  DIMENSIONS:       1
  GEOMETRY:         Spherical
  BODY_FORCE:       EXPLICIT
  RECONSTRUCTION:   Linear  (Primitive lim)
  TIME STEPPING:    Runge-Kutta II
  TRACERS:          0
  VARIABLES:        6
  ENTROPY_SWITCH:   ENABLED
  LOADED MODULES:

  ROTATION:         NO
  EOS:              Ideal

> Runtime configuration (pluto.ini):

  +----------------------------------------------------------
  | [Grid]
  | X1-grid    2    11.00    200    u    12.00    1850    s    10000.0
  | X2-grid    1    0.0    	1      u    1.0
  | X3-grid    1    0.0   	1      u    1.0
  | 
  | [Chombo Refinement]
  | 
  | Levels           4
  | Ref_ratio        2 2 2 2 2 
  | Regrid_interval  2 2 2 2 
  | Refine_thresh    0.3
  | Tag_buffer_size  3
  | Block_factor     8
  | Max_grid_size    64
  | Fill_ratio       0.75
  | 
  | [Time]
  | 
  | CFL              0.4
  | CFL_max_var      1.1
  | tstop            100000.0
  | first_dt         1.0e-6
  | 
  | [Solver]
  | 
  | Solver        tvdlf
  | 
  | [Boundary]
  | 
  | X1-beg        axisymmetric
  | X1-end        outflow
  | X2-beg        outflow
  | X2-end        outflow
  | X3-beg        outflow
  | X3-end        outflow
  | 
  | [Static Grid Output]
  | 
  | uservar    0
  | dbl        250.0  -1   single_file
  | flt       -1.0  -1   single_file
  | vtk       -1.0  -1   single_file
  | dbl.h5    -1.0  -1
  | flt.h5    -1.0  -1
  | tab       -1.0  -1   
  | ppm       -1.0  -1   
  | png       -1.0  -1
  | log        10000
  | analysis  -1.0  -1
  | 
  | [Chombo HDF5 output]
  | 
  | Checkpoint_interval  -1.0  0
  | Plot_interval         1.0  0 
  | 
  | [Particles]
  | 
  | Nparticles          -1     1
  | particles_dbl        1.0  -1
  | particles_flt       -1.0  -1
  | particles_vtk       -1.0  -1
  | particles_tab       -1.0  -1
  | 
  | [Parameters]
  | 
  | M_NS                        1.8  
  | GAMMA                       1.333333333333  
  | RHO_IN                      1.0e8  
  | V_IN                        0.07  
  | V_INF                       0.25  
  +---------------------------------------------------------

> Generating grid...

     - Stretched grid on dim 0 (ratio: 1.004986)
  Global grid:
  X1: [  11.0000, 10000.0000],   2050 point(s), 2 ghosts

  Local grid:
  X1: [  11.0000,  12.3303],    257 point(s); 2 ghosts; Active zones = [2, 258]

> Memory allocation
> Assigning initial conditions (Startup) ...
> Normalization Units:

  [Density]:      1.000e+07 (gr/cm^3), 5.979e+30 (1/cm^3)
  [Pressure]:     8.988e+27 (dyne/cm^2)
  [Velocity]:     2.998e+10 (cm/s)
  [Length]:       1.000e+05 (cm)
  [Temperature]:  1.081e+13 X (p/rho*mu) (K)
  [Time]:         3.336e-06 (sec), 1.058e-13 (yrs) 
 
> Number of processors: 8
> Proc size:            257
> Parallel Directions:  X1
> Writing file #0 (dbl) to disk...
  [ 0.00 sec ]
> Starting computation... 

step:0; t = 0.0000e+00; dt = 1.0000e-06; 0.0 %
        [Mach = 20.157399]
step:10000; t = 6.4840e+01; dt = 6.6846e-03; 0.1 %
            [Mach = 20.158976]
step:20000; t = 1.3219e+02; dt = 6.7707e-03; 0.1 %
            [Mach = 20.158872]
step:30000; t = 2.0011e+02; dt = 6.8085e-03; 0.2 %
            [Mach = 20.157277]
> Writing file #1 (dbl) to disk...
  [ 0.00 sec ]
step:40000; t = 2.6831e+02; dt = 6.8312e-03; 0.3 %
            [Mach = 20.154475]
step:50000; t = 3.3671e+02; dt = 6.8470e-03; 0.3 %
            [Mach = 20.150736]
step:60000; t = 4.0524e+02; dt = 6.8588e-03; 0.4 %
            [Mach = 20.146297]
step:70000; t = 4.7388e+02; dt = 6.8682e-03; 0.5 %
            [Mach = 20.141350]
> Writing file #2 (dbl) to disk...
  [ 0.00 sec ]
step:80000; t = 5.4260e+02; dt = 6.8758e-03; 0.5 %
            [Mach = 20.136051]
step:90000; t = 6.1139e+02; dt = 6.8822e-03; 0.6 %
            [Mach = 20.130512]
step:100000; t = 6.8024e+02; dt = 6.8876e-03; 0.7 %
             [Mach = 20.124816]
step:110000; t = 7.4914e+02; dt = 6.8923e-03; 0.7 %
             [Mach = 20.119021]
> Writing file #3 (dbl) to disk...
  [ 0.00 sec ]
step:120000; t = 8.1808e+02; dt = 6.8963e-03; 0.8 %
             [Mach = 20.113165]
step:130000; t = 8.8706e+02; dt = 6.8999e-03; 0.9 %
             [Mach = 20.107272]
step:140000; t = 9.5608e+02; dt = 6.9031e-03; 1.0 %
             [Mach = 20.101355]
> Writing file #4 (dbl) to disk...
  [ 0.00 sec ]
step:150000; t = 1.0251e+03; dt = 6.9059e-03; 1.0 %
             [Mach = 20.095425]
step:160000; t = 1.0942e+03; dt = 6.9084e-03; 1.1 %
             [Mach = 20.089484]
step:170000; t = 1.1633e+03; dt = 6.9107e-03; 1.2 %
             [Mach = 20.083535]
step:180000; t = 1.2324e+03; dt = 6.9128e-03; 1.2 %
             [Mach = 20.077577]
> Writing file #5 (dbl) to disk...
  [ 0.00 sec ]
step:190000; t = 1.3015e+03; dt = 6.9147e-03; 1.3 %
             [Mach = 20.071611]
step:200000; t = 1.3707e+03; dt = 6.9164e-03; 1.4 %
             [Mach = 20.065635]
step:210000; t = 1.4399e+03; dt = 6.9179e-03; 1.4 %
             [Mach = 20.059651]
> Writing file #6 (dbl) to disk...
  [ 0.00 sec ]
step:220000; t = 1.5091e+03; dt = 6.9194e-03; 1.5 %
             [Mach = 20.053657]
step:230000; t = 1.5783e+03; dt = 6.9207e-03; 1.6 %
             [Mach = 20.047653]
step:240000; t = 1.6475e+03; dt = 6.9219e-03; 1.6 %
             [Mach = 20.041640]
step:250000; t = 1.7167e+03; dt = 6.9230e-03; 1.7 %
             [Mach = 20.035617]
> Writing file #7 (dbl) to disk...
  [ 0.00 sec ]
step:260000; t = 1.7859e+03; dt = 6.9241e-03; 1.8 %
             [Mach = 20.029584]
step:270000; t = 1.8552e+03; dt = 6.9250e-03; 1.9 %
             [Mach = 20.023541]
step:280000; t = 1.9244e+03; dt = 6.9259e-03; 1.9 %
             [Mach = 20.017489]
step:290000; t = 1.9937e+03; dt = 6.9267e-03; 2.0 %
             [Mach = 20.011427]
> Writing file #8 (dbl) to disk...
  [ 0.00 sec ]
step:300000; t = 2.0630e+03; dt = 6.9275e-03; 2.1 %
             [Mach = 20.005356]
step:310000; t = 2.1322e+03; dt = 6.9282e-03; 2.1 %
             [Mach = 19.999275]
step:320000; t = 2.2015e+03; dt = 6.9288e-03; 2.2 %
             [Mach = 19.993185]
> Writing file #9 (dbl) to disk...
  [ 0.00 sec ]
step:330000; t = 2.2708e+03; dt = 6.9295e-03; 2.3 %
             [Mach = 19.987085]
step:340000; t = 2.3401e+03; dt = 6.9300e-03; 2.3 %
             [Mach = 19.980976]
step:350000; t = 2.4094e+03; dt = 6.9306e-03; 2.4 %
             [Mach = 19.974857]
step:360000; t = 2.4787e+03; dt = 6.9311e-03; 2.5 %
             [Mach = 19.968728]
> Writing file #10 (dbl) to disk...
  [ 0.00 sec ]
step:370000; t = 2.5480e+03; dt = 6.9315e-03; 2.5 %
             [Mach = 19.962590]
step:380000; t = 2.6174e+03; dt = 6.9320e-03; 2.6 %
             [Mach = 19.956442]
step:390000; t = 2.6867e+03; dt = 6.9324e-03; 2.7 %
             [Mach = 19.950285]
> Writing file #11 (dbl) to disk...
  [ 0.00 sec ]
step:400000; t = 2.7560e+03; dt = 6.9328e-03; 2.8 %
             [Mach = 19.944118]
step:410000; t = 2.8253e+03; dt = 6.9331e-03; 2.8 %
             [Mach = 19.937942]
step:420000; t = 2.8947e+03; dt = 6.9335e-03; 2.9 %
             [Mach = 19.931755]
step:430000; t = 2.9640e+03; dt = 6.9338e-03; 3.0 %
             [Mach = 19.925560]
> Writing file #12 (dbl) to disk...
  [ 0.00 sec ]
step:440000; t = 3.0333e+03; dt = 6.9341e-03; 3.0 %
             [Mach = 19.919354]
step:450000; t = 3.1027e+03; dt = 6.9343e-03; 3.1 %
             [Mach = 19.913139]
step:460000; t = 3.1720e+03; dt = 6.9346e-03; 3.2 %
             [Mach = 19.906914]
step:470000; t = 3.2414e+03; dt = 6.9349e-03; 3.2 %
             [Mach = 19.900680]
> Writing file #13 (dbl) to disk...
  [ 0.00 sec ]
step:480000; t = 3.3107e+03; dt = 6.9351e-03; 3.3 %
             [Mach = 19.894435]
step:490000; t = 3.3801e+03; dt = 6.9353e-03; 3.4 %
             [Mach = 19.888181]
step:500000; t = 3.4494e+03; dt = 6.9355e-03; 3.4 %
             [Mach = 19.881918]
> Writing file #14 (dbl) to disk...
  [ 0.00 sec ]
step:510000; t = 3.5188e+03; dt = 6.9357e-03; 3.5 %
             [Mach = 19.875644]
step:520000; t = 3.5882e+03; dt = 6.9359e-03; 3.6 %
             [Mach = 19.869361]
step:530000; t = 3.6575e+03; dt = 6.9361e-03; 3.7 %
             [Mach = 19.863067]
step:540000; t = 3.7269e+03; dt = 6.9362e-03; 3.7 %
             [Mach = 19.856764]
> Writing file #15 (dbl) to disk...
  [ 0.00 sec ]
step:550000; t = 3.7962e+03; dt = 6.9364e-03; 3.8 %
             [Mach = 19.850452]
step:560000; t = 3.8656e+03; dt = 6.9365e-03; 3.9 %
             [Mach = 19.844129]
step:570000; t = 3.9350e+03; dt = 6.9367e-03; 3.9 %
             [Mach = 19.837796]
> Writing file #16 (dbl) to disk...
  [ 0.00 sec ]
step:580000; t = 4.0043e+03; dt = 6.9368e-03; 4.0 %
             [Mach = 19.831453]
step:590000; t = 4.0737e+03; dt = 6.9369e-03; 4.1 %
             [Mach = 19.825101]
step:600000; t = 4.1431e+03; dt = 6.9370e-03; 4.1 %
             [Mach = 19.818738]
step:610000; t = 4.2124e+03; dt = 6.9371e-03; 4.2 %
             [Mach = 19.812365]
> Writing file #17 (dbl) to disk...
  [ 0.00 sec ]
step:620000; t = 4.2818e+03; dt = 6.9372e-03; 4.3 %
             [Mach = 19.805982]
step:630000; t = 4.3512e+03; dt = 6.9373e-03; 4.4 %
             [Mach = 19.799589]
step:640000; t = 4.4206e+03; dt = 6.9374e-03; 4.4 %
             [Mach = 19.793186]
step:650000; t = 4.4899e+03; dt = 6.9375e-03; 4.5 %
             [Mach = 19.786773]
> Writing file #18 (dbl) to disk...
  [ 0.00 sec ]
step:660000; t = 4.5593e+03; dt = 6.9376e-03; 4.6 %
             [Mach = 19.780350]
step:670000; t = 4.6287e+03; dt = 6.9377e-03; 4.6 %
             [Mach = 19.773916]
step:680000; t = 4.6981e+03; dt = 6.9377e-03; 4.7 %
             [Mach = 19.767472]
> Writing file #19 (dbl) to disk...
  [ 0.00 sec ]
step:690000; t = 4.7674e+03; dt = 6.9378e-03; 4.8 %
             [Mach = 19.761018]
step:700000; t = 4.8368e+03; dt = 6.9379e-03; 4.8 %
             [Mach = 19.754554]
step:710000; t = 4.9062e+03; dt = 6.9379e-03; 4.9 %
             [Mach = 19.748079]
step:720000; t = 4.9756e+03; dt = 6.9380e-03; 5.0 %
             [Mach = 19.741594]
> Writing file #20 (dbl) to disk...
  [ 0.00 sec ]
step:730000; t = 5.0450e+03; dt = 6.9380e-03; 5.0 %
             [Mach = 19.735098]
step:740000; t = 5.1143e+03; dt = 6.9381e-03; 5.1 %
             [Mach = 19.728592]
step:750000; t = 5.1837e+03; dt = 6.9381e-03; 5.2 %
             [Mach = 19.722076]
> Writing file #21 (dbl) to disk...
  [ 0.00 sec ]
step:760000; t = 5.2531e+03; dt = 6.9382e-03; 5.3 %
             [Mach = 19.715549]
step:770000; t = 5.3225e+03; dt = 6.9382e-03; 5.3 %
             [Mach = 19.709011]
step:780000; t = 5.3919e+03; dt = 6.9383e-03; 5.4 %
             [Mach = 19.702463]
step:790000; t = 5.4612e+03; dt = 6.9383e-03; 5.5 %
             [Mach = 19.695905]
> Writing file #22 (dbl) to disk...
  [ 0.00 sec ]
step:800000; t = 5.5306e+03; dt = 6.9383e-03; 5.5 %
             [Mach = 19.689335]
step:810000; t = 5.6000e+03; dt = 6.9384e-03; 5.6 %
             [Mach = 19.682755]
step:820000; t = 5.6694e+03; dt = 6.9384e-03; 5.7 %
             [Mach = 19.676164]
step:830000; t = 5.7388e+03; dt = 6.9384e-03; 5.7 %
             [Mach = 19.669563]
> Writing file #23 (dbl) to disk...
  [ 0.00 sec ]
step:840000; t = 5.8082e+03; dt = 6.9385e-03; 5.8 %
             [Mach = 19.662950]
step:850000; t = 5.8776e+03; dt = 6.9385e-03; 5.9 %
             [Mach = 19.656327]
step:860000; t = 5.9469e+03; dt = 6.9385e-03; 5.9 %
             [Mach = 19.649693]
> Writing file #24 (dbl) to disk...
  [ 0.00 sec ]
step:870000; t = 6.0163e+03; dt = 6.9385e-03; 6.0 %
             [Mach = 19.643048]
step:880000; t = 6.0857e+03; dt = 6.9386e-03; 6.1 %
             [Mach = 19.636392]
step:890000; t = 6.1551e+03; dt = 6.9386e-03; 6.2 %
             [Mach = 19.629725]
step:900000; t = 6.2245e+03; dt = 6.9386e-03; 6.2 %
             [Mach = 19.623047]
> Writing file #25 (dbl) to disk...
  [ 0.00 sec ]
step:910000; t = 6.2939e+03; dt = 6.9386e-03; 6.3 %
             [Mach = 19.616358]
step:920000; t = 6.3633e+03; dt = 6.9387e-03; 6.4 %
             [Mach = 19.609658]
step:930000; t = 6.4326e+03; dt = 6.9387e-03; 6.4 %
             [Mach = 19.602947]
> Writing file #26 (dbl) to disk...
  [ 0.00 sec ]
step:940000; t = 6.5020e+03; dt = 6.9387e-03; 6.5 %
             [Mach = 19.596225]
step:950000; t = 6.5714e+03; dt = 6.9387e-03; 6.6 %
             [Mach = 19.589491]
step:960000; t = 6.6408e+03; dt = 6.9387e-03; 6.6 %
             [Mach = 19.582746]
step:970000; t = 6.7102e+03; dt = 6.9387e-03; 6.7 %
             [Mach = 19.575990]
> Writing file #27 (dbl) to disk...
  [ 0.00 sec ]
step:980000; t = 6.7796e+03; dt = 6.9388e-03; 6.8 %
             [Mach = 19.569222]
step:990000; t = 6.8490e+03; dt = 6.9388e-03; 6.8 %
             [Mach = 19.562444]
step:1000000; t = 6.9184e+03; dt = 6.9388e-03; 6.9 %
             [Mach = 19.555653]
step:1010000; t = 6.9877e+03; dt = 6.9388e-03; 7.0 %
             [Mach = 19.548851]
> Writing file #28 (dbl) to disk...
  [ 0.00 sec ]
step:1020000; t = 7.0571e+03; dt = 6.9388e-03; 7.1 %
             [Mach = 19.542038]
step:1030000; t = 7.1265e+03; dt = 6.9388e-03; 7.1 %
             [Mach = 19.535213]
step:1040000; t = 7.1959e+03; dt = 6.9388e-03; 7.2 %
             [Mach = 19.528377]
> Writing file #29 (dbl) to disk...
  [ 0.00 sec ]
step:1050000; t = 7.2653e+03; dt = 6.9388e-03; 7.3 %
             [Mach = 19.521529]
step:1060000; t = 7.3347e+03; dt = 6.9388e-03; 7.3 %
             [Mach = 19.514669]
step:1070000; t = 7.4041e+03; dt = 6.9388e-03; 7.4 %
             [Mach = 19.507798]
step:1080000; t = 7.4735e+03; dt = 6.9389e-03; 7.5 %
             [Mach = 19.500914]
> Writing file #30 (dbl) to disk...
  [ 0.00 sec ]
step:1090000; t = 7.5428e+03; dt = 6.9389e-03; 7.5 %
             [Mach = 19.494019]
step:1100000; t = 7.6122e+03; dt = 6.9389e-03; 7.6 %
             [Mach = 19.487112]
step:1110000; t = 7.6816e+03; dt = 6.9389e-03; 7.7 %
             [Mach = 19.480194]
> Writing file #31 (dbl) to disk...
  [ 0.00 sec ]
step:1120000; t = 7.7510e+03; dt = 6.9389e-03; 7.8 %
             [Mach = 19.473263]
step:1130000; t = 7.8204e+03; dt = 6.9389e-03; 7.8 %
             [Mach = 19.466320]
step:1140000; t = 7.8898e+03; dt = 6.9389e-03; 7.9 %
             [Mach = 19.459366]
step:1150000; t = 7.9592e+03; dt = 6.9389e-03; 8.0 %
             [Mach = 19.452399]
> Writing file #32 (dbl) to disk...
  [ 0.00 sec ]
step:1160000; t = 8.0286e+03; dt = 6.9389e-03; 8.0 %
             [Mach = 19.445420]
step:1170000; t = 8.0980e+03; dt = 6.9389e-03; 8.1 %
             [Mach = 19.438429]
step:1180000; t = 8.1673e+03; dt = 6.9389e-03; 8.2 %
             [Mach = 19.431426]
step:1190000; t = 8.2367e+03; dt = 6.9389e-03; 8.2 %
             [Mach = 19.424410]
> Writing file #33 (dbl) to disk...
  [ 0.00 sec ]
step:1200000; t = 8.3061e+03; dt = 6.9389e-03; 8.3 %
             [Mach = 19.417382]
step:1210000; t = 8.3755e+03; dt = 6.9389e-03; 8.4 %
             [Mach = 19.410342]
step:1220000; t = 8.4449e+03; dt = 6.9389e-03; 8.4 %
             [Mach = 19.403290]
> Writing file #34 (dbl) to disk...
  [ 0.00 sec ]
step:1230000; t = 8.5143e+03; dt = 6.9389e-03; 8.5 %
             [Mach = 19.396225]
step:1240000; t = 8.5837e+03; dt = 6.9389e-03; 8.6 %
             [Mach = 19.389147]
step:1250000; t = 8.6531e+03; dt = 6.9389e-03; 8.7 %
             [Mach = 19.382057]
step:1260000; t = 8.7225e+03; dt = 6.9389e-03; 8.7 %
             [Mach = 19.374955]
> Writing file #35 (dbl) to disk...
  [ 0.00 sec ]
step:1270000; t = 8.7918e+03; dt = 6.9389e-03; 8.8 %
             [Mach = 19.367840]
step:1280000; t = 8.8612e+03; dt = 6.9389e-03; 8.9 %
             [Mach = 19.360712]
step:1290000; t = 8.9306e+03; dt = 6.9390e-03; 8.9 %
             [Mach = 19.353571]
> Writing file #36 (dbl) to disk...
  [ 0.00 sec ]
step:1300000; t = 9.0000e+03; dt = 6.9390e-03; 9.0 %
             [Mach = 19.346418]
step:1310000; t = 9.0694e+03; dt = 6.9390e-03; 9.1 %
             [Mach = 19.339251]
step:1320000; t = 9.1388e+03; dt = 6.9390e-03; 9.1 %
             [Mach = 19.332072]
step:1330000; t = 9.2082e+03; dt = 6.9390e-03; 9.2 %
             [Mach = 19.324880]
> Writing file #37 (dbl) to disk...
  [ 0.00 sec ]
step:1340000; t = 9.2776e+03; dt = 6.9390e-03; 9.3 %
             [Mach = 19.317675]
step:1350000; t = 9.3470e+03; dt = 6.9390e-03; 9.3 %
             [Mach = 19.310457]
step:1360000; t = 9.4164e+03; dt = 6.9390e-03; 9.4 %
             [Mach = 19.303226]
step:1370000; t = 9.4857e+03; dt = 6.9390e-03; 9.5 %
             [Mach = 19.295981]
> Writing file #38 (dbl) to disk...
  [ 0.00 sec ]
step:1380000; t = 9.5551e+03; dt = 6.9390e-03; 9.6 %
             [Mach = 19.288724]
step:1390000; t = 9.6245e+03; dt = 6.9390e-03; 9.6 %
             [Mach = 19.281453]
step:1400000; t = 9.6939e+03; dt = 6.9390e-03; 9.7 %
             [Mach = 19.274169]
> Writing file #39 (dbl) to disk...
  [ 0.00 sec ]
step:1410000; t = 9.7633e+03; dt = 6.9390e-03; 9.8 %
             [Mach = 19.266872]
step:1420000; t = 9.8327e+03; dt = 6.9390e-03; 9.8 %
             [Mach = 19.259561]
step:1430000; t = 9.9021e+03; dt = 6.9390e-03; 9.9 %
             [Mach = 19.252237]
step:1440000; t = 9.9715e+03; dt = 6.9390e-03; 10.0 %
             [Mach = 19.244899]
> Writing file #40 (dbl) to disk...
  [ 0.00 sec ]
step:1450000; t = 1.0041e+04; dt = 6.9390e-03; 10.0 %
             [Mach = 19.237548]
step:1460000; t = 1.0110e+04; dt = 6.9390e-03; 10.1 %
             [Mach = 19.230183]
step:1470000; t = 1.0180e+04; dt = 6.9390e-03; 10.2 %
             [Mach = 19.222804]
step:1480000; t = 1.0249e+04; dt = 6.9390e-03; 10.2 %
             [Mach = 19.215412]
> Writing file #41 (dbl) to disk...
  [ 0.00 sec ]
step:1490000; t = 1.0318e+04; dt = 6.9390e-03; 10.3 %
             [Mach = 19.208006]
step:1500000; t = 1.0388e+04; dt = 6.9390e-03; 10.4 %
             [Mach = 19.200586]
step:1510000; t = 1.0457e+04; dt = 6.9390e-03; 10.5 %
             [Mach = 19.193152]
> Writing file #42 (dbl) to disk...
  [ 0.00 sec ]
step:1520000; t = 1.0527e+04; dt = 6.9390e-03; 10.5 %
             [Mach = 19.185704]
step:1530000; t = 1.0596e+04; dt = 6.9390e-03; 10.6 %
             [Mach = 19.178243]
step:1540000; t = 1.0665e+04; dt = 6.9390e-03; 10.7 %
             [Mach = 19.170767]
step:1550000; t = 1.0735e+04; dt = 6.9390e-03; 10.7 %
             [Mach = 19.163277]
> Writing file #43 (dbl) to disk...
  [ 0.00 sec ]
step:1560000; t = 1.0804e+04; dt = 6.9390e-03; 10.8 %
             [Mach = 19.155773]
step:1570000; t = 1.0874e+04; dt = 6.9390e-03; 10.9 %
             [Mach = 19.148254]
step:1580000; t = 1.0943e+04; dt = 6.9390e-03; 10.9 %
             [Mach = 19.140721]
> Writing file #44 (dbl) to disk...
  [ 0.00 sec ]
step:1590000; t = 1.1012e+04; dt = 6.9390e-03; 11.0 %
             [Mach = 19.133174]
step:1600000; t = 1.1082e+04; dt = 6.9390e-03; 11.1 %
             [Mach = 19.125613]
step:1610000; t = 1.1151e+04; dt = 6.9390e-03; 11.2 %
             [Mach = 19.118037]
step:1620000; t = 1.1220e+04; dt = 6.9390e-03; 11.2 %
             [Mach = 19.110446]
> Writing file #45 (dbl) to disk...
  [ 0.00 sec ]
step:1630000; t = 1.1290e+04; dt = 6.9390e-03; 11.3 %
             [Mach = 19.102841]
step:1640000; t = 1.1359e+04; dt = 6.9390e-03; 11.4 %
             [Mach = 19.095222]
step:1650000; t = 1.1429e+04; dt = 6.9390e-03; 11.4 %
             [Mach = 19.087587]
step:1660000; t = 1.1498e+04; dt = 6.9390e-03; 11.5 %
             [Mach = 19.079938]
> Writing file #46 (dbl) to disk...
  [ 0.00 sec ]
step:1670000; t = 1.1567e+04; dt = 6.9390e-03; 11.6 %
             [Mach = 19.072274]
step:1680000; t = 1.1637e+04; dt = 6.9390e-03; 11.6 %
             [Mach = 19.064595]
step:1690000; t = 1.1706e+04; dt = 6.9390e-03; 11.7 %
             [Mach = 19.056901]
> Writing file #47 (dbl) to disk...
  [ 0.00 sec ]
step:1700000; t = 1.1776e+04; dt = 6.9390e-03; 11.8 %
             [Mach = 19.049191]
step:1710000; t = 1.1845e+04; dt = 6.9390e-03; 11.8 %
             [Mach = 19.041467]
step:1720000; t = 1.1914e+04; dt = 6.9390e-03; 11.9 %
             [Mach = 19.033728]
step:1730000; t = 1.1984e+04; dt = 6.9390e-03; 12.0 %
             [Mach = 19.025973]
> Writing file #48 (dbl) to disk...
  [ 0.00 sec ]
step:1740000; t = 1.2053e+04; dt = 6.9390e-03; 12.1 %
             [Mach = 19.018204]
step:1750000; t = 1.2123e+04; dt = 6.9390e-03; 12.1 %
             [Mach = 19.010418]
step:1760000; t = 1.2192e+04; dt = 6.9390e-03; 12.2 %
             [Mach = 19.002618]
> Writing file #49 (dbl) to disk...
  [ 0.00 sec ]
step:1770000; t = 1.2261e+04; dt = 6.9390e-03; 12.3 %
             [Mach = 18.994802]
step:1780000; t = 1.2331e+04; dt = 6.9390e-03; 12.3 %
             [Mach = 18.986970]
step:1790000; t = 1.2400e+04; dt = 6.9390e-03; 12.4 %
             [Mach = 18.979122]
step:1800000; t = 1.2470e+04; dt = 6.9390e-03; 12.5 %
             [Mach = 18.971259]
> Writing file #50 (dbl) to disk...
  [ 0.00 sec ]
step:1810000; t = 1.2539e+04; dt = 6.9390e-03; 12.5 %
             [Mach = 18.963381]
step:1820000; t = 1.2608e+04; dt = 6.9390e-03; 12.6 %
             [Mach = 18.955486]
step:1830000; t = 1.2678e+04; dt = 6.9390e-03; 12.7 %
             [Mach = 18.947575]
step:1840000; t = 1.2747e+04; dt = 6.9390e-03; 12.7 %
             [Mach = 18.939649]
> Writing file #51 (dbl) to disk...
  [ 0.00 sec ]
step:1850000; t = 1.2816e+04; dt = 6.9390e-03; 12.8 %
             [Mach = 18.931706]
step:1860000; t = 1.2886e+04; dt = 6.9390e-03; 12.9 %
             [Mach = 18.923748]
step:1870000; t = 1.2955e+04; dt = 6.9390e-03; 13.0 %
             [Mach = 18.915773]
> Writing file #52 (dbl) to disk...
  [ 0.00 sec ]
step:1880000; t = 1.3025e+04; dt = 6.9390e-03; 13.0 %
             [Mach = 18.907781]
step:1890000; t = 1.3094e+04; dt = 6.9390e-03; 13.1 %
             [Mach = 18.899774]
step:1900000; t = 1.3163e+04; dt = 6.9390e-03; 13.2 %
             [Mach = 18.891750]
step:1910000; t = 1.3233e+04; dt = 6.9390e-03; 13.2 %
             [Mach = 18.883710]
> Writing file #53 (dbl) to disk...
  [ 0.00 sec ]
step:1920000; t = 1.3302e+04; dt = 6.9390e-03; 13.3 %
             [Mach = 18.875653]
step:1930000; t = 1.3372e+04; dt = 6.9390e-03; 13.4 %
             [Mach = 18.867579]
step:1940000; t = 1.3441e+04; dt = 6.9390e-03; 13.4 %
             [Mach = 18.859489]
> Writing file #54 (dbl) to disk...
  [ 0.00 sec ]
step:1950000; t = 1.3510e+04; dt = 6.9390e-03; 13.5 %
             [Mach = 18.851382]
step:1960000; t = 1.3580e+04; dt = 6.9390e-03; 13.6 %
             [Mach = 18.843258]
step:1970000; t = 1.3649e+04; dt = 6.9390e-03; 13.6 %
             [Mach = 18.835117]
step:1980000; t = 1.3719e+04; dt = 6.9390e-03; 13.7 %
             [Mach = 18.826959]
> Writing file #55 (dbl) to disk...
  [ 0.00 sec ]
step:1990000; t = 1.3788e+04; dt = 6.9390e-03; 13.8 %
             [Mach = 18.818784]
step:2000000; t = 1.3857e+04; dt = 6.9390e-03; 13.9 %
             [Mach = 18.810592]
step:2010000; t = 1.3927e+04; dt = 6.9390e-03; 13.9 %
             [Mach = 18.802383]
step:2020000; t = 1.3996e+04; dt = 6.9390e-03; 14.0 %
             [Mach = 18.794156]
> Writing file #56 (dbl) to disk...
  [ 0.00 sec ]
step:2030000; t = 1.4065e+04; dt = 6.9390e-03; 14.1 %
             [Mach = 18.785912]
step:2040000; t = 1.4135e+04; dt = 6.9390e-03; 14.1 %
             [Mach = 18.777651]
step:2050000; t = 1.4204e+04; dt = 6.9390e-03; 14.2 %
             [Mach = 18.769371]
> Writing file #57 (dbl) to disk...
  [ 0.00 sec ]
step:2060000; t = 1.4274e+04; dt = 6.9390e-03; 14.3 %
             [Mach = 18.761075]
step:2070000; t = 1.4343e+04; dt = 6.9390e-03; 14.3 %
             [Mach = 18.752760]
step:2080000; t = 1.4412e+04; dt = 6.9390e-03; 14.4 %
             [Mach = 18.744428]
step:2090000; t = 1.4482e+04; dt = 6.9390e-03; 14.5 %
             [Mach = 18.736078]
> Writing file #58 (dbl) to disk...
  [ 0.00 sec ]
step:2100000; t = 1.4551e+04; dt = 6.9390e-03; 14.6 %
             [Mach = 18.727709]
step:2110000; t = 1.4621e+04; dt = 6.9390e-03; 14.6 %
             [Mach = 18.719323]
step:2120000; t = 1.4690e+04; dt = 6.9390e-03; 14.7 %
             [Mach = 18.710919]
> Writing file #59 (dbl) to disk...
  [ 0.00 sec ]
step:2130000; t = 1.4759e+04; dt = 6.9390e-03; 14.8 %
             [Mach = 18.702496]
step:2140000; t = 1.4829e+04; dt = 6.9390e-03; 14.8 %
             [Mach = 18.694055]
step:2150000; t = 1.4898e+04; dt = 6.9390e-03; 14.9 %
             [Mach = 18.685596]
step:2160000; t = 1.4968e+04; dt = 6.9390e-03; 15.0 %
             [Mach = 18.677118]
> Writing file #60 (dbl) to disk...
  [ 0.00 sec ]
step:2170000; t = 1.5037e+04; dt = 6.9390e-03; 15.0 %
             [Mach = 18.668621]
step:2180000; t = 1.5106e+04; dt = 6.9390e-03; 15.1 %
             [Mach = 18.660106]
step:2190000; t = 1.5176e+04; dt = 6.9390e-03; 15.2 %
             [Mach = 18.651572]
step:2200000; t = 1.5245e+04; dt = 6.9390e-03; 15.2 %
             [Mach = 18.643020]
> Writing file #61 (dbl) to disk...
  [ 0.00 sec ]
step:2210000; t = 1.5314e+04; dt = 6.9390e-03; 15.3 %
             [Mach = 18.634448]
step:2220000; t = 1.5384e+04; dt = 6.9390e-03; 15.4 %
             [Mach = 18.625857]
step:2230000; t = 1.5453e+04; dt = 6.9390e-03; 15.5 %
             [Mach = 18.617247]
> Writing file #62 (dbl) to disk...
  [ 0.00 sec ]
step:2240000; t = 1.5523e+04; dt = 6.9390e-03; 15.5 %
             [Mach = 18.608618]
step:2250000; t = 1.5592e+04; dt = 6.9390e-03; 15.6 %
             [Mach = 18.599970]
step:2260000; t = 1.5661e+04; dt = 6.9390e-03; 15.7 %
             [Mach = 18.591302]
step:2270000; t = 1.5731e+04; dt = 6.9390e-03; 15.7 %
             [Mach = 18.582615]
> Writing file #63 (dbl) to disk...
  [ 0.00 sec ]
step:2280000; t = 1.5800e+04; dt = 6.9390e-03; 15.8 %
             [Mach = 18.573908]
step:2290000; t = 1.5870e+04; dt = 6.9390e-03; 15.9 %
             [Mach = 18.565181]
step:2300000; t = 1.5939e+04; dt = 6.9390e-03; 15.9 %
             [Mach = 18.556435]
> Writing file #64 (dbl) to disk...
  [ 0.00 sec ]
step:2310000; t = 1.6008e+04; dt = 6.9390e-03; 16.0 %
             [Mach = 18.547669]
step:2320000; t = 1.6078e+04; dt = 6.9390e-03; 16.1 %
             [Mach = 18.538882]
step:2330000; t = 1.6147e+04; dt = 6.9390e-03; 16.1 %
             [Mach = 18.530076]
step:2340000; t = 1.6217e+04; dt = 6.9390e-03; 16.2 %
             [Mach = 18.521249]
> Writing file #65 (dbl) to disk...
  [ 0.00 sec ]
step:2350000; t = 1.6286e+04; dt = 6.9390e-03; 16.3 %
             [Mach = 18.512402]
step:2360000; t = 1.6355e+04; dt = 6.9390e-03; 16.4 %
             [Mach = 18.503535]
step:2370000; t = 1.6425e+04; dt = 6.9390e-03; 16.4 %
             [Mach = 18.494647]
step:2380000; t = 1.6494e+04; dt = 6.9390e-03; 16.5 %
             [Mach = 18.485739]
> Writing file #66 (dbl) to disk...
  [ 0.00 sec ]
step:2390000; t = 1.6564e+04; dt = 6.9390e-03; 16.6 %
             [Mach = 18.476810]
step:2400000; t = 1.6633e+04; dt = 6.9390e-03; 16.6 %
             [Mach = 18.467860]
step:2410000; t = 1.6702e+04; dt = 6.9390e-03; 16.7 %
             [Mach = 18.458889]
> Writing file #67 (dbl) to disk...
  [ 0.00 sec ]
step:2420000; t = 1.6772e+04; dt = 6.9390e-03; 16.8 %
             [Mach = 18.449897]
step:2430000; t = 1.6841e+04; dt = 6.9390e-03; 16.8 %
             [Mach = 18.440884]
step:2440000; t = 1.6910e+04; dt = 6.9390e-03; 16.9 %
             [Mach = 18.431850]
step:2450000; t = 1.6980e+04; dt = 6.9390e-03; 17.0 %
             [Mach = 18.422795]
> Writing file #68 (dbl) to disk...
  [ 0.00 sec ]
step:2460000; t = 1.7049e+04; dt = 6.9390e-03; 17.0 %
             [Mach = 18.413718]
step:2470000; t = 1.7119e+04; dt = 6.9390e-03; 17.1 %
             [Mach = 18.404619]
step:2480000; t = 1.7188e+04; dt = 6.9390e-03; 17.2 %
             [Mach = 18.395499]
> Writing file #69 (dbl) to disk...
  [ 0.00 sec ]
step:2490000; t = 1.7257e+04; dt = 6.9390e-03; 17.3 %
             [Mach = 18.386357]
step:2500000; t = 1.7327e+04; dt = 6.9390e-03; 17.3 %
             [Mach = 18.377192]
step:2510000; t = 1.7396e+04; dt = 6.9390e-03; 17.4 %
             [Mach = 18.368006]
step:2520000; t = 1.7466e+04; dt = 6.9390e-03; 17.5 %
             [Mach = 18.358798]
> Writing file #70 (dbl) to disk...
  [ 0.00 sec ]
step:2530000; t = 1.7535e+04; dt = 6.9390e-03; 17.5 %
             [Mach = 18.349568]
step:2540000; t = 1.7604e+04; dt = 6.9390e-03; 17.6 %
             [Mach = 18.340315]
step:2550000; t = 1.7674e+04; dt = 6.9390e-03; 17.7 %
             [Mach = 18.331040]
step:2560000; t = 1.7743e+04; dt = 6.9390e-03; 17.7 %
             [Mach = 18.321742]
> Writing file #71 (dbl) to disk...
  [ 0.00 sec ]
step:2570000; t = 1.7813e+04; dt = 6.9390e-03; 17.8 %
             [Mach = 18.312421]
step:2580000; t = 1.7882e+04; dt = 6.9390e-03; 17.9 %
             [Mach = 18.303077]
step:2590000; t = 1.7951e+04; dt = 6.9390e-03; 18.0 %
             [Mach = 18.293711]
> Writing file #72 (dbl) to disk...
  [ 0.00 sec ]
step:2600000; t = 1.8021e+04; dt = 6.9390e-03; 18.0 %
             [Mach = 18.284321]
step:2610000; t = 1.8090e+04; dt = 6.9390e-03; 18.1 %
             [Mach = 18.274908]
step:2620000; t = 1.8159e+04; dt = 6.9390e-03; 18.2 %
             [Mach = 18.265472]
step:2630000; t = 1.8229e+04; dt = 6.9390e-03; 18.2 %
             [Mach = 18.256012]
> Writing file #73 (dbl) to disk...
  [ 0.00 sec ]
step:2640000; t = 1.8298e+04; dt = 6.9390e-03; 18.3 %
             [Mach = 18.246529]
step:2650000; t = 1.8368e+04; dt = 6.9390e-03; 18.4 %
             [Mach = 18.237022]
step:2660000; t = 1.8437e+04; dt = 6.9390e-03; 18.4 %
             [Mach = 18.227491]
> Writing file #74 (dbl) to disk...
  [ 0.00 sec ]
step:2670000; t = 1.8506e+04; dt = 6.9390e-03; 18.5 %
             [Mach = 18.217936]
step:2680000; t = 1.8576e+04; dt = 6.9390e-03; 18.6 %
             [Mach = 18.208357]
step:2690000; t = 1.8645e+04; dt = 6.9390e-03; 18.6 %
             [Mach = 18.198754]
step:2700000; t = 1.8715e+04; dt = 6.9390e-03; 18.7 %
             [Mach = 18.189126]
> Writing file #75 (dbl) to disk...
  [ 0.00 sec ]
step:2710000; t = 1.8784e+04; dt = 6.9390e-03; 18.8 %
             [Mach = 18.179474]
step:2720000; t = 1.8853e+04; dt = 6.9390e-03; 18.9 %
             [Mach = 18.169797]
step:2730000; t = 1.8923e+04; dt = 6.9390e-03; 18.9 %
             [Mach = 18.160095]
step:2740000; t = 1.8992e+04; dt = 6.9390e-03; 19.0 %
             [Mach = 18.150368]
> Writing file #76 (dbl) to disk...
  [ 0.00 sec ]
step:2750000; t = 1.9062e+04; dt = 6.9390e-03; 19.1 %
             [Mach = 18.140616]
step:2760000; t = 1.9131e+04; dt = 6.9390e-03; 19.1 %
             [Mach = 18.130839]
step:2770000; t = 1.9200e+04; dt = 6.9390e-03; 19.2 %
             [Mach = 18.121036]
> Writing file #77 (dbl) to disk...
  [ 1.00 sec ]
step:2780000; t = 1.9270e+04; dt = 6.9390e-03; 19.3 %
             [Mach = 18.111208]
step:2790000; t = 1.9339e+04; dt = 6.9390e-03; 19.3 %
             [Mach = 18.101355]
step:2800000; t = 1.9409e+04; dt = 6.9390e-03; 19.4 %
             [Mach = 18.091475]
step:2810000; t = 1.9478e+04; dt = 6.9390e-03; 19.5 %
             [Mach = 18.081570]
> Writing file #78 (dbl) to disk...
  [ 0.00 sec ]
step:2820000; t = 1.9547e+04; dt = 6.9390e-03; 19.5 %
             [Mach = 18.071638]
step:2830000; t = 1.9617e+04; dt = 6.9390e-03; 19.6 %
             [Mach = 18.061680]
step:2840000; t = 1.9686e+04; dt = 6.9390e-03; 19.7 %
             [Mach = 18.051696]
> Writing file #79 (dbl) to disk...
  [ 0.00 sec ]
step:2850000; t = 1.9755e+04; dt = 6.9390e-03; 19.8 %
             [Mach = 18.041685]
step:2860000; t = 1.9825e+04; dt = 6.9390e-03; 19.8 %
             [Mach = 18.031648]
step:2870000; t = 1.9894e+04; dt = 6.9390e-03; 19.9 %
             [Mach = 18.021583]
step:2880000; t = 1.9964e+04; dt = 6.9390e-03; 20.0 %
             [Mach = 18.011492]
> Writing file #80 (dbl) to disk...
  [ 0.00 sec ]
step:2890000; t = 2.0033e+04; dt = 6.9390e-03; 20.0 %
             [Mach = 18.001373]
step:2900000; t = 2.0102e+04; dt = 6.9390e-03; 20.1 %
             [Mach = 17.991227]
step:2910000; t = 2.0172e+04; dt = 6.9390e-03; 20.2 %
             [Mach = 17.981053]
step:2920000; t = 2.0241e+04; dt = 6.9390e-03; 20.2 %
             [Mach = 17.970852]
> Writing file #81 (dbl) to disk...
  [ 0.00 sec ]
step:2930000; t = 2.0311e+04; dt = 6.9390e-03; 20.3 %
             [Mach = 17.960623]
step:2940000; t = 2.0380e+04; dt = 6.9390e-03; 20.4 %
             [Mach = 17.950365]
step:2950000; t = 2.0449e+04; dt = 6.9390e-03; 20.4 %
             [Mach = 17.940080]
> Writing file #82 (dbl) to disk...
  [ 0.00 sec ]
step:2960000; t = 2.0519e+04; dt = 6.9390e-03; 20.5 %
             [Mach = 17.929766]
step:2970000; t = 2.0588e+04; dt = 6.9390e-03; 20.6 %
             [Mach = 17.919424]
step:2980000; t = 2.0658e+04; dt = 6.9390e-03; 20.7 %
             [Mach = 17.909053]
step:2990000; t = 2.0727e+04; dt = 6.9390e-03; 20.7 %
             [Mach = 17.898653]
> Writing file #83 (dbl) to disk...
  [ 0.00 sec ]
step:3000000; t = 2.0796e+04; dt = 6.9390e-03; 20.8 %
             [Mach = 17.888224]
step:3010000; t = 2.0866e+04; dt = 6.9390e-03; 20.9 %
             [Mach = 17.877766]
step:3020000; t = 2.0935e+04; dt = 6.9390e-03; 20.9 %
             [Mach = 17.867278]
> Writing file #84 (dbl) to disk...
  [ 0.00 sec ]
step:3030000; t = 2.1004e+04; dt = 6.9390e-03; 21.0 %
             [Mach = 17.856761]
step:3040000; t = 2.1074e+04; dt = 6.9390e-03; 21.1 %
             [Mach = 17.846214]
step:3050000; t = 2.1143e+04; dt = 6.9390e-03; 21.1 %
             [Mach = 17.835637]
step:3060000; t = 2.1213e+04; dt = 6.9390e-03; 21.2 %
             [Mach = 17.825030]
> Writing file #85 (dbl) to disk...
  [ 0.00 sec ]
step:3070000; t = 2.1282e+04; dt = 6.9390e-03; 21.3 %
             [Mach = 17.814392]
step:3080000; t = 2.1351e+04; dt = 6.9390e-03; 21.4 %
             [Mach = 17.803724]
step:3090000; t = 2.1421e+04; dt = 6.9390e-03; 21.4 %
             [Mach = 17.793025]
step:3100000; t = 2.1490e+04; dt = 6.9390e-03; 21.5 %
             [Mach = 17.782296]
> Writing file #86 (dbl) to disk...
  [ 0.00 sec ]
step:3110000; t = 2.1560e+04; dt = 6.9390e-03; 21.6 %
             [Mach = 17.771535]
step:3120000; t = 2.1629e+04; dt = 6.9390e-03; 21.6 %
             [Mach = 17.760743]
step:3130000; t = 2.1698e+04; dt = 6.9390e-03; 21.7 %
             [Mach = 17.749919]
> Writing file #87 (dbl) to disk...
  [ 0.00 sec ]
step:3140000; t = 2.1768e+04; dt = 6.9390e-03; 21.8 %
             [Mach = 17.739064]
step:3150000; t = 2.1837e+04; dt = 6.9390e-03; 21.8 %
             [Mach = 17.728176]
step:3160000; t = 2.1907e+04; dt = 6.9390e-03; 21.9 %
             [Mach = 17.717257]
step:3170000; t = 2.1976e+04; dt = 6.9390e-03; 22.0 %
             [Mach = 17.706305]
> Writing file #88 (dbl) to disk...
  [ 0.00 sec ]
step:3180000; t = 2.2045e+04; dt = 6.9390e-03; 22.0 %
             [Mach = 17.695321]
step:3190000; t = 2.2115e+04; dt = 6.9390e-03; 22.1 %
             [Mach = 17.684303]
step:3200000; t = 2.2184e+04; dt = 6.9390e-03; 22.2 %
             [Mach = 17.673253]
> Writing file #89 (dbl) to disk...
  [ 0.00 sec ]
step:3210000; t = 2.2253e+04; dt = 6.9390e-03; 22.3 %
             [Mach = 17.662170]
step:3220000; t = 2.2323e+04; dt = 6.9390e-03; 22.3 %
             [Mach = 17.651053]
step:3230000; t = 2.2392e+04; dt = 6.9390e-03; 22.4 %
             [Mach = 17.639903]
step:3240000; t = 2.2462e+04; dt = 6.9390e-03; 22.5 %
             [Mach = 17.628718]
> Writing file #90 (dbl) to disk...
  [ 0.00 sec ]
step:3250000; t = 2.2531e+04; dt = 6.9390e-03; 22.5 %
             [Mach = 17.617500]
step:3260000; t = 2.2600e+04; dt = 6.9390e-03; 22.6 %
             [Mach = 17.606247]
step:3270000; t = 2.2670e+04; dt = 6.9390e-03; 22.7 %
             [Mach = 17.594960]
step:3280000; t = 2.2739e+04; dt = 6.9390e-03; 22.7 %
             [Mach = 17.583638]
> Writing file #91 (dbl) to disk...
  [ 0.00 sec ]
step:3290000; t = 2.2809e+04; dt = 6.9390e-03; 22.8 %
             [Mach = 17.572280]
step:3300000; t = 2.2878e+04; dt = 6.9390e-03; 22.9 %
             [Mach = 17.560888]
step:3310000; t = 2.2947e+04; dt = 6.9390e-03; 22.9 %
             [Mach = 17.549460]
> Writing file #92 (dbl) to disk...
  [ 0.00 sec ]
step:3320000; t = 2.3017e+04; dt = 6.9390e-03; 23.0 %
             [Mach = 17.537996]
step:3330000; t = 2.3086e+04; dt = 6.9390e-03; 23.1 %
             [Mach = 17.526497]
step:3340000; t = 2.3156e+04; dt = 6.9390e-03; 23.2 %
             [Mach = 17.514961]
step:3350000; t = 2.3225e+04; dt = 6.9390e-03; 23.2 %
             [Mach = 17.503388]
> Writing file #93 (dbl) to disk...
  [ 0.00 sec ]
step:3360000; t = 2.3294e+04; dt = 6.9390e-03; 23.3 %
             [Mach = 17.491779]
step:3370000; t = 2.3364e+04; dt = 6.9390e-03; 23.4 %
             [Mach = 17.480133]
step:3380000; t = 2.3433e+04; dt = 6.9390e-03; 23.4 %
             [Mach = 17.468449]
> Writing file #94 (dbl) to disk...
  [ 0.00 sec ]
step:3390000; t = 2.3503e+04; dt = 6.9390e-03; 23.5 %
             [Mach = 17.456728]
step:3400000; t = 2.3572e+04; dt = 6.9390e-03; 23.6 %
             [Mach = 17.444969]
step:3410000; t = 2.3641e+04; dt = 6.9390e-03; 23.6 %
             [Mach = 17.433172]
step:3420000; t = 2.3711e+04; dt = 6.9390e-03; 23.7 %
             [Mach = 17.421336]
> Writing file #95 (dbl) to disk...
  [ 0.00 sec ]
step:3430000; t = 2.3780e+04; dt = 6.9390e-03; 23.8 %
             [Mach = 17.409462]
step:3440000; t = 2.3849e+04; dt = 6.9390e-03; 23.8 %
             [Mach = 17.397549]
step:3450000; t = 2.3919e+04; dt = 6.9390e-03; 23.9 %
             [Mach = 17.385597]
step:3460000; t = 2.3988e+04; dt = 6.9390e-03; 24.0 %
             [Mach = 17.373606]
> Writing file #96 (dbl) to disk...
  [ 0.00 sec ]
step:3470000; t = 2.4058e+04; dt = 6.9390e-03; 24.1 %
             [Mach = 17.361574]
step:3480000; t = 2.4127e+04; dt = 6.9390e-03; 24.1 %
             [Mach = 17.349503]
step:3490000; t = 2.4196e+04; dt = 6.9390e-03; 24.2 %
             [Mach = 17.337391]
> Writing file #97 (dbl) to disk...
  [ 0.00 sec ]
step:3500000; t = 2.4266e+04; dt = 6.9390e-03; 24.3 %
             [Mach = 17.325238]
step:3510000; t = 2.4335e+04; dt = 6.9390e-03; 24.3 %
             [Mach = 17.313045]
step:3520000; t = 2.4405e+04; dt = 6.9390e-03; 24.4 %
             [Mach = 17.300810]
step:3530000; t = 2.4474e+04; dt = 6.9390e-03; 24.5 %
             [Mach = 17.288533]
> Writing file #98 (dbl) to disk...
  [ 0.00 sec ]
step:3540000; t = 2.4543e+04; dt = 6.9390e-03; 24.5 %
             [Mach = 17.276215]
step:3550000; t = 2.4613e+04; dt = 6.9390e-03; 24.6 %
             [Mach = 17.263855]
step:3560000; t = 2.4682e+04; dt = 6.9390e-03; 24.7 %
             [Mach = 17.251451]
> Writing file #99 (dbl) to disk...
  [ 0.00 sec ]
step:3570000; t = 2.4752e+04; dt = 6.9390e-03; 24.8 %
             [Mach = 17.239006]
step:3580000; t = 2.4821e+04; dt = 6.9390e-03; 24.8 %
             [Mach = 17.226516]
step:3590000; t = 2.4890e+04; dt = 6.9390e-03; 24.9 %
             [Mach = 17.213984]
step:3600000; t = 2.4960e+04; dt = 6.9390e-03; 25.0 %
             [Mach = 17.201407]
> Writing file #100 (dbl) to disk...
  [ 0.00 sec ]
step:3610000; t = 2.5029e+04; dt = 6.9390e-03; 25.0 %
             [Mach = 17.188786]
step:3620000; t = 2.5098e+04; dt = 6.9390e-03; 25.1 %
             [Mach = 17.176121]
step:3630000; t = 2.5168e+04; dt = 6.9390e-03; 25.2 %
             [Mach = 17.163411]
step:3640000; t = 2.5237e+04; dt = 6.9390e-03; 25.2 %
             [Mach = 17.150655]
> Writing file #101 (dbl) to disk...
  [ 0.00 sec ]
step:3650000; t = 2.5307e+04; dt = 6.9390e-03; 25.3 %
             [Mach = 17.137854]
step:3660000; t = 2.5376e+04; dt = 6.9390e-03; 25.4 %
             [Mach = 17.125007]
step:3670000; t = 2.5445e+04; dt = 6.9390e-03; 25.4 %
             [Mach = 17.112114]
> Writing file #102 (dbl) to disk...
  [ 0.00 sec ]
step:3680000; t = 2.5515e+04; dt = 6.9390e-03; 25.5 %
             [Mach = 17.099173]
step:3690000; t = 2.5584e+04; dt = 6.9390e-03; 25.6 %
             [Mach = 17.086186]
step:3700000; t = 2.5654e+04; dt = 6.9390e-03; 25.7 %
             [Mach = 17.073151]
step:3710000; t = 2.5723e+04; dt = 6.9390e-03; 25.7 %
             [Mach = 17.060068]
> Writing file #103 (dbl) to disk...
  [ 0.00 sec ]
step:3720000; t = 2.5792e+04; dt = 6.9390e-03; 25.8 %
             [Mach = 17.046937]
step:3730000; t = 2.5862e+04; dt = 6.9390e-03; 25.9 %
             [Mach = 17.033758]
step:3740000; t = 2.5931e+04; dt = 6.9390e-03; 25.9 %
             [Mach = 17.020529]
> Writing file #104 (dbl) to disk...
  [ 0.00 sec ]
step:3750000; t = 2.6001e+04; dt = 6.9390e-03; 26.0 %
             [Mach = 17.007250]
step:3760000; t = 2.6070e+04; dt = 6.9390e-03; 26.1 %
             [Mach = 16.993922]
step:3770000; t = 2.6139e+04; dt = 6.9390e-03; 26.1 %
             [Mach = 16.980544]
step:3780000; t = 2.6209e+04; dt = 6.9390e-03; 26.2 %
             [Mach = 16.967114]
> Writing file #105 (dbl) to disk...
  [ 0.00 sec ]
step:3790000; t = 2.6278e+04; dt = 6.9390e-03; 26.3 %
             [Mach = 16.953634]
step:3800000; t = 2.6348e+04; dt = 6.9390e-03; 26.3 %
             [Mach = 16.940101]
step:3810000; t = 2.6417e+04; dt = 6.9390e-03; 26.4 %
             [Mach = 16.926517]
step:3820000; t = 2.6486e+04; dt = 6.9390e-03; 26.5 %
             [Mach = 16.912880]
> Writing file #106 (dbl) to disk...
  [ 0.00 sec ]
step:3830000; t = 2.6556e+04; dt = 6.9390e-03; 26.6 %
             [Mach = 16.899190]
step:3840000; t = 2.6625e+04; dt = 6.9390e-03; 26.6 %
             [Mach = 16.885447]
step:3850000; t = 2.6694e+04; dt = 6.9390e-03; 26.7 %
             [Mach = 16.871650]
> Writing file #107 (dbl) to disk...
  [ 0.00 sec ]
step:3860000; t = 2.6764e+04; dt = 6.9390e-03; 26.8 %
             [Mach = 16.857798]
step:3870000; t = 2.6833e+04; dt = 6.9390e-03; 26.8 %
             [Mach = 16.843891]
step:3880000; t = 2.6903e+04; dt = 6.9390e-03; 26.9 %
             [Mach = 16.829929]
step:3890000; t = 2.6972e+04; dt = 6.9390e-03; 27.0 %
             [Mach = 16.815911]
> Writing file #108 (dbl) to disk...
  [ 0.00 sec ]
step:3900000; t = 2.7041e+04; dt = 6.9390e-03; 27.0 %
             [Mach = 16.801836]
step:3910000; t = 2.7111e+04; dt = 6.9390e-03; 27.1 %
             [Mach = 16.787705]
step:3920000; t = 2.7180e+04; dt = 6.9390e-03; 27.2 %
             [Mach = 16.773515]
step:3930000; t = 2.7250e+04; dt = 6.9390e-03; 27.2 %
             [Mach = 16.759268]
> Writing file #109 (dbl) to disk...
  [ 0.00 sec ]
step:3940000; t = 2.7319e+04; dt = 6.9390e-03; 27.3 %
             [Mach = 16.744962]
step:3950000; t = 2.7388e+04; dt = 6.9390e-03; 27.4 %
             [Mach = 16.730596]
step:3960000; t = 2.7458e+04; dt = 6.9390e-03; 27.5 %
             [Mach = 16.716170]
> Writing file #110 (dbl) to disk...
  [ 0.00 sec ]
step:3970000; t = 2.7527e+04; dt = 6.9390e-03; 27.5 %
             [Mach = 16.701683]
step:3980000; t = 2.7597e+04; dt = 6.9390e-03; 27.6 %
             [Mach = 16.687134]
step:3990000; t = 2.7666e+04; dt = 6.9390e-03; 27.7 %
             [Mach = 16.672523]
step:4000000; t = 2.7735e+04; dt = 6.9390e-03; 27.7 %
             [Mach = 16.657855]
> Writing file #111 (dbl) to disk...
  [ 0.00 sec ]
step:4010000; t = 2.7805e+04; dt = 6.9390e-03; 27.8 %
             [Mach = 16.643128]
step:4020000; t = 2.7874e+04; dt = 6.9390e-03; 27.9 %
             [Mach = 16.628341]
step:4030000; t = 2.7943e+04; dt = 6.9390e-03; 27.9 %
             [Mach = 16.613490]
> Writing file #112 (dbl) to disk...
  [ 0.00 sec ]
step:4040000; t = 2.8013e+04; dt = 6.9390e-03; 28.0 %
             [Mach = 16.598576]
step:4050000; t = 2.8082e+04; dt = 6.9390e-03; 28.1 %
             [Mach = 16.583596]
step:4060000; t = 2.8152e+04; dt = 6.9390e-03; 28.2 %
             [Mach = 16.568551]
step:4070000; t = 2.8221e+04; dt = 6.9390e-03; 28.2 %
             [Mach = 16.553438]
> Writing file #113 (dbl) to disk...
  [ 0.00 sec ]
step:4080000; t = 2.8290e+04; dt = 6.9390e-03; 28.3 %
             [Mach = 16.538258]
step:4090000; t = 2.8360e+04; dt = 6.9390e-03; 28.4 %
             [Mach = 16.523010]
step:4100000; t = 2.8429e+04; dt = 6.9390e-03; 28.4 %
             [Mach = 16.507693]
step:4110000; t = 2.8499e+04; dt = 6.9390e-03; 28.5 %
             [Mach = 16.492307]
> Writing file #114 (dbl) to disk...
  [ 0.00 sec ]
step:4120000; t = 2.8568e+04; dt = 6.9390e-03; 28.6 %
             [Mach = 16.476850]
step:4130000; t = 2.8637e+04; dt = 6.9390e-03; 28.6 %
             [Mach = 16.461323]
step:4140000; t = 2.8707e+04; dt = 6.9390e-03; 28.7 %
             [Mach = 16.445724]
> Writing file #115 (dbl) to disk...
  [ 1.00 sec ]
step:4150000; t = 2.8776e+04; dt = 6.9390e-03; 28.8 %
             [Mach = 16.430053]
step:4160000; t = 2.8846e+04; dt = 6.9390e-03; 28.8 %
             [Mach = 16.414309]
step:4170000; t = 2.8915e+04; dt = 6.9390e-03; 28.9 %
             [Mach = 16.398493]
step:4180000; t = 2.8984e+04; dt = 6.9390e-03; 29.0 %
             [Mach = 16.382603]
> Writing file #116 (dbl) to disk...
  [ 0.00 sec ]
step:4190000; t = 2.9054e+04; dt = 6.9390e-03; 29.1 %
             [Mach = 16.366639]
step:4200000; t = 2.9123e+04; dt = 6.9390e-03; 29.1 %
             [Mach = 16.350600]
step:4210000; t = 2.9192e+04; dt = 6.9390e-03; 29.2 %
             [Mach = 16.334485]
> Writing file #117 (dbl) to disk...
  [ 0.00 sec ]
step:4220000; t = 2.9262e+04; dt = 6.9390e-03; 29.3 %
             [Mach = 16.318294]
step:4230000; t = 2.9331e+04; dt = 6.9390e-03; 29.3 %
             [Mach = 16.302024]
step:4240000; t = 2.9401e+04; dt = 6.9390e-03; 29.4 %
             [Mach = 16.285674]
step:4250000; t = 2.9470e+04; dt = 6.9390e-03; 29.5 %
             [Mach = 16.269244]
> Writing file #118 (dbl) to disk...
  [ 0.00 sec ]
step:4260000; t = 2.9539e+04; dt = 6.9390e-03; 29.5 %
             [Mach = 16.252733]
step:4270000; t = 2.9609e+04; dt = 6.9390e-03; 29.6 %
             [Mach = 16.236139]
step:4280000; t = 2.9678e+04; dt = 6.9390e-03; 29.7 %
             [Mach = 16.219461]
step:4290000; t = 2.9748e+04; dt = 6.9390e-03; 29.7 %
             [Mach = 16.202698]
> Writing file #119 (dbl) to disk...
  [ 0.00 sec ]
step:4300000; t = 2.9817e+04; dt = 6.9390e-03; 29.8 %
             [Mach = 16.185850]
step:4310000; t = 2.9886e+04; dt = 6.9390e-03; 29.9 %
             [Mach = 16.168915]
step:4320000; t = 2.9956e+04; dt = 6.9390e-03; 30.0 %
             [Mach = 16.151893]
> Writing file #120 (dbl) to disk...
  [ 0.00 sec ]
step:4330000; t = 3.0025e+04; dt = 6.9390e-03; 30.0 %
             [Mach = 16.134782]
step:4340000; t = 3.0095e+04; dt = 6.9390e-03; 30.1 %
             [Mach = 16.117582]
step:4350000; t = 3.0164e+04; dt = 6.9390e-03; 30.2 %
             [Mach = 16.100292]
step:4360000; t = 3.0233e+04; dt = 6.9390e-03; 30.2 %
             [Mach = 16.082910]
> Writing file #121 (dbl) to disk...
  [ 0.00 sec ]
step:4370000; t = 3.0303e+04; dt = 6.9390e-03; 30.3 %
             [Mach = 16.065436]
step:4380000; t = 3.0372e+04; dt = 6.9390e-03; 30.4 %
             [Mach = 16.047868]
step:4390000; t = 3.0442e+04; dt = 6.9390e-03; 30.4 %
             [Mach = 16.030206]
> Writing file #122 (dbl) to disk...
  [ 0.00 sec ]
step:4400000; t = 3.0511e+04; dt = 6.9390e-03; 30.5 %
             [Mach = 16.012448]
step:4410000; t = 3.0580e+04; dt = 6.9390e-03; 30.6 %
             [Mach = 15.994593]
step:4420000; t = 3.0650e+04; dt = 6.9390e-03; 30.6 %
             [Mach = 15.976633]
step:4430000; t = 3.0719e+04; dt = 6.9390e-03; 30.7 %
             [Mach = 15.958567]
> Writing file #123 (dbl) to disk...
  [ 0.00 sec ]
step:4440000; t = 3.0788e+04; dt = 6.9390e-03; 30.8 %
             [Mach = 15.940397]
step:4450000; t = 3.0858e+04; dt = 6.9390e-03; 30.9 %
             [Mach = 15.922121]
step:4460000; t = 3.0927e+04; dt = 6.9390e-03; 30.9 %
             [Mach = 15.903740]
step:4470000; t = 3.0997e+04; dt = 6.9390e-03; 31.0 %
             [Mach = 15.885255]
> Writing file #124 (dbl) to disk...
  [ 0.00 sec ]
step:4480000; t = 3.1066e+04; dt = 6.9390e-03; 31.1 %
             [Mach = 15.866666]
step:4490000; t = 3.1135e+04; dt = 6.9390e-03; 31.1 %
             [Mach = 15.847970]
step:4500000; t = 3.1205e+04; dt = 6.9390e-03; 31.2 %
             [Mach = 15.829167]
> Writing file #125 (dbl) to disk...
  [ 0.00 sec ]
step:4510000; t = 3.1274e+04; dt = 6.9390e-03; 31.3 %
             [Mach = 15.810255]
step:4520000; t = 3.1344e+04; dt = 6.9390e-03; 31.3 %
             [Mach = 15.791233]
step:4530000; t = 3.1413e+04; dt = 6.9390e-03; 31.4 %
             [Mach = 15.772097]
step:4540000; t = 3.1482e+04; dt = 6.9390e-03; 31.5 %
             [Mach = 15.752846]
> Writing file #126 (dbl) to disk...
  [ 0.00 sec ]
step:4550000; t = 3.1552e+04; dt = 6.9390e-03; 31.6 %
             [Mach = 15.733478]
step:4560000; t = 3.1621e+04; dt = 6.9390e-03; 31.6 %
             [Mach = 15.713990]
step:4570000; t = 3.1691e+04; dt = 6.9390e-03; 31.7 %
             [Mach = 15.694381]
> Writing file #127 (dbl) to disk...
  [ 0.00 sec ]
step:4580000; t = 3.1760e+04; dt = 6.9390e-03; 31.8 %
             [Mach = 15.674646]
step:4590000; t = 3.1829e+04; dt = 6.9390e-03; 31.8 %
             [Mach = 15.654786]
step:4600000; t = 3.1899e+04; dt = 6.9390e-03; 31.9 %
             [Mach = 15.634797]
step:4610000; t = 3.1968e+04; dt = 6.9390e-03; 32.0 %
             [Mach = 15.614677]
> Writing file #128 (dbl) to disk...
  [ 0.00 sec ]
step:4620000; t = 3.2037e+04; dt = 6.9390e-03; 32.0 %
             [Mach = 15.594425]
step:4630000; t = 3.2107e+04; dt = 6.9390e-03; 32.1 %
             [Mach = 15.574039]
step:4640000; t = 3.2176e+04; dt = 6.9390e-03; 32.2 %
             [Mach = 15.553517]
step:4650000; t = 3.2246e+04; dt = 6.9390e-03; 32.2 %
             [Mach = 15.532856]
> Writing file #129 (dbl) to disk...
  [ 0.00 sec ]
step:4660000; t = 3.2315e+04; dt = 6.9390e-03; 32.3 %
             [Mach = 15.512056]
step:4670000; t = 3.2384e+04; dt = 6.9390e-03; 32.4 %
             [Mach = 15.491114]
step:4680000; t = 3.2454e+04; dt = 6.9390e-03; 32.5 %
             [Mach = 15.470028]
> Writing file #130 (dbl) to disk...
  [ 0.00 sec ]
step:4690000; t = 3.2523e+04; dt = 6.9390e-03; 32.5 %
             [Mach = 15.448794]
step:4700000; t = 3.2593e+04; dt = 6.9390e-03; 32.6 %
             [Mach = 15.427411]
step:4710000; t = 3.2662e+04; dt = 6.9390e-03; 32.7 %
             [Mach = 15.405873]
step:4720000; t = 3.2731e+04; dt = 6.9390e-03; 32.7 %
             [Mach = 15.384176]
> Writing file #131 (dbl) to disk...
  [ 0.00 sec ]
step:4730000; t = 3.2801e+04; dt = 6.9390e-03; 32.8 %
             [Mach = 15.362315]
step:4740000; t = 3.2870e+04; dt = 6.9390e-03; 32.9 %
             [Mach = 15.340284]
step:4750000; t = 3.2940e+04; dt = 6.9390e-03; 32.9 %
             [Mach = 15.318078]
> Writing file #132 (dbl) to disk...
  [ 0.00 sec ]
step:4760000; t = 3.3009e+04; dt = 6.9390e-03; 33.0 %
             [Mach = 15.295691]
step:4770000; t = 3.3078e+04; dt = 6.9390e-03; 33.1 %
             [Mach = 15.273118]
step:4780000; t = 3.3148e+04; dt = 6.9390e-03; 33.1 %
             [Mach = 15.250356]
step:4790000; t = 3.3217e+04; dt = 6.9390e-03; 33.2 %
             [Mach = 15.227403]
> Writing file #133 (dbl) to disk...
  [ 0.00 sec ]
step:4800000; t = 3.3287e+04; dt = 6.9390e-03; 33.3 %
             [Mach = 15.204259]
step:4810000; t = 3.3356e+04; dt = 6.9390e-03; 33.4 %
             [Mach = 15.180928]
step:4820000; t = 3.3425e+04; dt = 6.9390e-03; 33.4 %
             [Mach = 15.157415]
step:4830000; t = 3.3495e+04; dt = 6.9390e-03; 33.5 %
             [Mach = 15.133726]
> Writing file #134 (dbl) to disk...
  [ 0.00 sec ]
step:4840000; t = 3.3564e+04; dt = 6.9390e-03; 33.6 %
             [Mach = 15.109871]
step:4850000; t = 3.3633e+04; dt = 6.9390e-03; 33.6 %
             [Mach = 15.085858]
step:4860000; t = 3.3703e+04; dt = 6.9390e-03; 33.7 %
             [Mach = 15.061692]
> Writing file #135 (dbl) to disk...
  [ 0.00 sec ]
step:4870000; t = 3.3772e+04; dt = 6.9390e-03; 33.8 %
             [Mach = 15.037375]
step:4880000; t = 3.3842e+04; dt = 6.9390e-03; 33.8 %
             [Mach = 15.012903]
step:4890000; t = 3.3911e+04; dt = 6.9390e-03; 33.9 %
             [Mach = 14.988262]
step:4900000; t = 3.3980e+04; dt = 6.9390e-03; 34.0 %
             [Mach = 14.963429]
> Writing file #136 (dbl) to disk...
  [ 0.00 sec ]
step:4910000; t = 3.4050e+04; dt = 6.9390e-03; 34.0 %
             [Mach = 14.938368]
step:4920000; t = 3.4119e+04; dt = 6.9390e-03; 34.1 %
             [Mach = 14.913035]
step:4930000; t = 3.4189e+04; dt = 6.9390e-03; 34.2 %
             [Mach = 14.887376]
> Writing file #137 (dbl) to disk...
  [ 0.00 sec ]
step:4940000; t = 3.4258e+04; dt = 6.9390e-03; 34.3 %
             [Mach = 14.861334]
step:4950000; t = 3.4327e+04; dt = 6.9390e-03; 34.3 %
             [Mach = 14.834852]
step:4960000; t = 3.4397e+04; dt = 6.9390e-03; 34.4 %
             [Mach = 14.807883]
step:4970000; t = 3.4466e+04; dt = 6.9390e-03; 34.5 %
             [Mach = 14.780395]
> Writing file #138 (dbl) to disk...
  [ 0.00 sec ]
step:4980000; t = 3.4536e+04; dt = 6.9390e-03; 34.5 %
             [Mach = 14.752374]
step:4990000; t = 3.4605e+04; dt = 6.9390e-03; 34.6 %
             [Mach = 14.723832]
step:5000000; t = 3.4674e+04; dt = 6.9390e-03; 34.7 %
             [Mach = 14.694803]
step:5010000; t = 3.4744e+04; dt = 6.9390e-03; 34.7 %
             [Mach = 14.665340]
> Writing file #139 (dbl) to disk...
  [ 0.00 sec ]
step:5020000; t = 3.4813e+04; dt = 6.9390e-03; 34.8 %
             [Mach = 14.635505]
step:5030000; t = 3.4882e+04; dt = 6.9390e-03; 34.9 %
             [Mach = 14.605359]
step:5040000; t = 3.4952e+04; dt = 6.9390e-03; 35.0 %
             [Mach = 14.574955]
> Writing file #140 (dbl) to disk...
  [ 0.00 sec ]
step:5050000; t = 3.5021e+04; dt = 6.9390e-03; 35.0 %
             [Mach = 14.544326]
step:5060000; t = 3.5091e+04; dt = 6.9390e-03; 35.1 %
             [Mach = 14.513484]
step:5070000; t = 3.5160e+04; dt = 6.9390e-03; 35.2 %
             [Mach = 14.482422]
step:5080000; t = 3.5229e+04; dt = 6.9390e-03; 35.2 %
             [Mach = 14.451125]
> Writing file #141 (dbl) to disk...
  [ 0.00 sec ]
step:5090000; t = 3.5299e+04; dt = 6.9390e-03; 35.3 %
             [Mach = 14.419576]
step:5100000; t = 3.5368e+04; dt = 6.9390e-03; 35.4 %
             [Mach = 14.387772]
step:5110000; t = 3.5438e+04; dt = 6.9390e-03; 35.4 %
             [Mach = 14.355488]
> Writing file #142 (dbl) to disk...
  [ 0.00 sec ]
step:5120000; t = 3.5507e+04; dt = 6.9390e-03; 35.5 %
             [Mach = 14.322934]
step:5130000; t = 3.5576e+04; dt = 6.9390e-03; 35.6 %
             [Mach = 14.290441]
step:5140000; t = 3.5646e+04; dt = 6.9390e-03; 35.6 %
             [Mach = 14.258319]
step:5150000; t = 3.5715e+04; dt = 6.9390e-03; 35.7 %
             [Mach = 14.226836]
> Writing file #143 (dbl) to disk...
  [ 0.00 sec ]
step:5160000; t = 3.5785e+04; dt = 6.9390e-03; 35.8 %
             [Mach = 14.196246]
step:5170000; t = 3.5854e+04; dt = 6.9390e-03; 35.9 %
             [Mach = 14.166441]
step:5180000; t = 3.5923e+04; dt = 6.9390e-03; 35.9 %
             [Mach = 14.137338]
step:5190000; t = 3.5993e+04; dt = 6.9390e-03; 36.0 %
             [Mach = 14.108773]
> Writing file #144 (dbl) to disk...
  [ 0.00 sec ]
step:5200000; t = 3.6062e+04; dt = 6.9390e-03; 36.1 %
             [Mach = 14.080936]
step:5210000; t = 3.6131e+04; dt = 6.9390e-03; 36.1 %
             [Mach = 14.053001]
step:5220000; t = 3.6201e+04; dt = 6.9390e-03; 36.2 %
             [Mach = 14.024043]
> Writing file #145 (dbl) to disk...
  [ 0.00 sec ]
step:5230000; t = 3.6270e+04; dt = 6.9390e-03; 36.3 %
             [Mach = 13.997905]
step:5240000; t = 3.6340e+04; dt = 6.9390e-03; 36.3 %
             [Mach = 13.975903]
step:5250000; t = 3.6409e+04; dt = 6.9390e-03; 36.4 %
             [Mach = 13.957596]
step:5260000; t = 3.6478e+04; dt = 6.9390e-03; 36.5 %
             [Mach = 13.942473]
> Writing file #146 (dbl) to disk...
  [ 0.00 sec ]
step:5270000; t = 3.6548e+04; dt = 6.9390e-03; 36.5 %
             [Mach = 13.930012]
step:5280000; t = 3.6617e+04; dt = 6.9390e-03; 36.6 %
             [Mach = 13.919744]
step:5290000; t = 3.6687e+04; dt = 6.9390e-03; 36.7 %
             [Mach = 13.911284]
> Writing file #147 (dbl) to disk...
  [ 0.00 sec ]
step:5300000; t = 3.6756e+04; dt = 6.9390e-03; 36.8 %
             [Mach = 13.906835]
step:5310000; t = 3.6825e+04; dt = 6.9390e-03; 36.8 %
             [Mach = 13.911649]
step:5320000; t = 3.6895e+04; dt = 6.9390e-03; 36.9 %
             [Mach = 13.914869]
step:5330000; t = 3.6964e+04; dt = 6.9390e-03; 37.0 %
             [Mach = 13.916664]
> Writing file #148 (dbl) to disk...
  [ 0.00 sec ]
step:5340000; t = 3.7034e+04; dt = 6.9390e-03; 37.0 %
             [Mach = 13.917258]
step:5350000; t = 3.7103e+04; dt = 6.9390e-03; 37.1 %
             [Mach = 13.916895]
step:5360000; t = 3.7172e+04; dt = 6.9390e-03; 37.2 %
             [Mach = 13.915813]
step:5370000; t = 3.7242e+04; dt = 6.9390e-03; 37.2 %
             [Mach = 13.914222]
> Writing file #149 (dbl) to disk...
  [ 0.00 sec ]
step:5380000; t = 3.7311e+04; dt = 6.9390e-03; 37.3 %
             [Mach = 13.912299]
step:5390000; t = 3.7381e+04; dt = 6.9390e-03; 37.4 %
             [Mach = 13.910186]
step:5400000; t = 3.7450e+04; dt = 6.9390e-03; 37.4 %
             [Mach = 13.907985]
> Writing file #150 (dbl) to disk...
  [ 0.00 sec ]
step:5410000; t = 3.7519e+04; dt = 6.9390e-03; 37.5 %
             [Mach = 13.905772]
step:5420000; t = 3.7589e+04; dt = 6.9390e-03; 37.6 %
             [Mach = 13.903594]
step:5430000; t = 3.7658e+04; dt = 6.9390e-03; 37.7 %
             [Mach = 13.901480]
step:5440000; t = 3.7727e+04; dt = 6.9390e-03; 37.7 %
             [Mach = 13.899444]
> Writing file #151 (dbl) to disk...
  [ 0.00 sec ]
step:5450000; t = 3.7797e+04; dt = 6.9390e-03; 37.8 %
             [Mach = 13.897491]
step:5460000; t = 3.7866e+04; dt = 6.9390e-03; 37.9 %
             [Mach = 13.895620]
step:5470000; t = 3.7936e+04; dt = 6.9390e-03; 37.9 %
             [Mach = 13.893831]
> Writing file #152 (dbl) to disk...
  [ 0.00 sec ]
step:5480000; t = 3.8005e+04; dt = 6.9390e-03; 38.0 %
             [Mach = 13.892118]
step:5490000; t = 3.8074e+04; dt = 6.9390e-03; 38.1 %
             [Mach = 13.890480]
step:5500000; t = 3.8144e+04; dt = 6.9390e-03; 38.1 %
             [Mach = 13.888917]
step:5510000; t = 3.8213e+04; dt = 6.9390e-03; 38.2 %
             [Mach = 13.887430]
> Writing file #153 (dbl) to disk...
  [ 0.00 sec ]
step:5520000; t = 3.8283e+04; dt = 6.9390e-03; 38.3 %
             [Mach = 13.886023]
step:5530000; t = 3.8352e+04; dt = 6.9390e-03; 38.4 %
             [Mach = 13.884702]
step:5540000; t = 3.8421e+04; dt = 6.9390e-03; 38.4 %
             [Mach = 13.883475]
step:5550000; t = 3.8491e+04; dt = 6.9390e-03; 38.5 %
             [Mach = 13.882352]
> Writing file #154 (dbl) to disk...
  [ 0.00 sec ]
step:5560000; t = 3.8560e+04; dt = 6.9390e-03; 38.6 %
             [Mach = 13.881341]
step:5570000; t = 3.8630e+04; dt = 6.9390e-03; 38.6 %
             [Mach = 13.880455]
step:5580000; t = 3.8699e+04; dt = 6.9390e-03; 38.7 %
             [Mach = 13.879702]
> Writing file #155 (dbl) to disk...
  [ 0.00 sec ]
step:5590000; t = 3.8768e+04; dt = 6.9390e-03; 38.8 %
             [Mach = 13.879094]
step:5600000; t = 3.8838e+04; dt = 6.9390e-03; 38.8 %
             [Mach = 13.878637]
step:5610000; t = 3.8907e+04; dt = 6.9390e-03; 38.9 %
             [Mach = 13.878340]
step:5620000; t = 3.8976e+04; dt = 6.9390e-03; 39.0 %
             [Mach = 13.878205]
> Writing file #156 (dbl) to disk...
  [ 0.00 sec ]
step:5630000; t = 3.9046e+04; dt = 6.9390e-03; 39.0 %
             [Mach = 13.878232]
step:5640000; t = 3.9115e+04; dt = 6.9390e-03; 39.1 %
             [Mach = 13.878417]
step:5650000; t = 3.9185e+04; dt = 6.9390e-03; 39.2 %
             [Mach = 13.878750]
> Writing file #157 (dbl) to disk...
  [ 0.00 sec ]
step:5660000; t = 3.9254e+04; dt = 6.9390e-03; 39.3 %
             [Mach = 13.879214]
step:5670000; t = 3.9323e+04; dt = 6.9390e-03; 39.3 %
             [Mach = 13.879785]
step:5680000; t = 3.9393e+04; dt = 6.9390e-03; 39.4 %
             [Mach = 13.880431]
step:5690000; t = 3.9462e+04; dt = 6.9390e-03; 39.5 %
             [Mach = 13.881112]
> Writing file #158 (dbl) to disk...
  [ 0.00 sec ]
step:5700000; t = 3.9532e+04; dt = 6.9390e-03; 39.5 %
             [Mach = 13.881777]
step:5710000; t = 3.9601e+04; dt = 6.9390e-03; 39.6 %
             [Mach = 13.882371]
step:5720000; t = 3.9670e+04; dt = 6.9390e-03; 39.7 %
             [Mach = 13.882828]
step:5730000; t = 3.9740e+04; dt = 6.9390e-03; 39.7 %
             [Mach = 13.883078]
> Writing file #159 (dbl) to disk...
  [ 0.00 sec ]
step:5740000; t = 3.9809e+04; dt = 6.9390e-03; 39.8 %
             [Mach = 13.883047]
step:5750000; t = 3.9879e+04; dt = 6.9390e-03; 39.9 %
             [Mach = 13.882660]
step:5760000; t = 3.9948e+04; dt = 6.9390e-03; 39.9 %
             [Mach = 13.881844]
> Writing file #160 (dbl) to disk...
  [ 0.00 sec ]
step:5770000; t = 4.0017e+04; dt = 6.9390e-03; 40.0 %
             [Mach = 13.880529]
step:5780000; t = 4.0087e+04; dt = 6.9390e-03; 40.1 %
             [Mach = 13.878657]
step:5790000; t = 4.0156e+04; dt = 6.9390e-03; 40.2 %
             [Mach = 13.876173]
step:5800000; t = 4.0225e+04; dt = 6.9390e-03; 40.2 %
             [Mach = 13.873039]
> Writing file #161 (dbl) to disk...
  [ 0.00 sec ]
step:5810000; t = 4.0295e+04; dt = 6.9390e-03; 40.3 %
             [Mach = 13.869223]
step:5820000; t = 4.0364e+04; dt = 6.9390e-03; 40.4 %
             [Mach = 13.864706]
step:5830000; t = 4.0434e+04; dt = 6.9390e-03; 40.4 %
             [Mach = 13.856789]
> Writing file #162 (dbl) to disk...
  [ 0.00 sec ]
step:5840000; t = 4.0503e+04; dt = 6.9390e-03; 40.5 %
             [Mach = 13.846413]
step:5850000; t = 4.0572e+04; dt = 6.9390e-03; 40.6 %
             [Mach = 13.835049]
step:5860000; t = 4.0642e+04; dt = 6.9390e-03; 40.6 %
             [Mach = 13.822645]
step:5870000; t = 4.0711e+04; dt = 6.9390e-03; 40.7 %
             [Mach = 13.809190]
> Writing file #163 (dbl) to disk...
  [ 0.00 sec ]
step:5880000; t = 4.0781e+04; dt = 6.9390e-03; 40.8 %
             [Mach = 13.802755]
step:5890000; t = 4.0850e+04; dt = 6.9390e-03; 40.9 %
             [Mach = 13.797012]
step:5900000; t = 4.0919e+04; dt = 6.9390e-03; 40.9 %
             [Mach = 13.790472]
step:5910000; t = 4.0989e+04; dt = 6.9390e-03; 41.0 %
             [Mach = 13.782954]
> Writing file #164 (dbl) to disk...
  [ 0.00 sec ]
step:5920000; t = 4.1058e+04; dt = 6.9390e-03; 41.1 %
             [Mach = 13.774227]
step:5930000; t = 4.1128e+04; dt = 6.9390e-03; 41.1 %
             [Mach = 13.764097]
step:5940000; t = 4.1197e+04; dt = 6.9390e-03; 41.2 %
             [Mach = 13.752451]
> Writing file #165 (dbl) to disk...
  [ 0.00 sec ]
step:5950000; t = 4.1266e+04; dt = 6.9390e-03; 41.3 %
             [Mach = 13.739286]
step:5960000; t = 4.1336e+04; dt = 6.9390e-03; 41.3 %
             [Mach = 13.724730]
step:5970000; t = 4.1405e+04; dt = 6.9390e-03; 41.4 %
             [Mach = 13.708746]
step:5980000; t = 4.1475e+04; dt = 6.9390e-03; 41.5 %
             [Mach = 13.691724]
> Writing file #166 (dbl) to disk...
  [ 0.00 sec ]
step:5990000; t = 4.1544e+04; dt = 6.9390e-03; 41.5 %
             [Mach = 13.674043]
step:6000000; t = 4.1613e+04; dt = 6.9390e-03; 41.6 %
             [Mach = 13.655913]
step:6010000; t = 4.1683e+04; dt = 6.9390e-03; 41.7 %
             [Mach = 13.637405]
> Writing file #167 (dbl) to disk...
  [ 0.00 sec ]
step:6020000; t = 4.1752e+04; dt = 6.9390e-03; 41.8 %
             [Mach = 13.618522]
step:6030000; t = 4.1821e+04; dt = 6.9390e-03; 41.8 %
             [Mach = 13.599233]
step:6040000; t = 4.1891e+04; dt = 6.9390e-03; 41.9 %
             [Mach = 13.579690]
step:6050000; t = 4.1960e+04; dt = 6.9390e-03; 42.0 %
             [Mach = 13.560546]
> Writing file #168 (dbl) to disk...
  [ 0.00 sec ]
step:6060000; t = 4.2030e+04; dt = 6.9390e-03; 42.0 %
             [Mach = 13.541556]
step:6070000; t = 4.2099e+04; dt = 6.9390e-03; 42.1 %
             [Mach = 13.521509]
step:6080000; t = 4.2168e+04; dt = 6.9390e-03; 42.2 %
             [Mach = 13.500416]
step:6090000; t = 4.2238e+04; dt = 6.9390e-03; 42.2 %
             [Mach = 13.478440]
> Writing file #169 (dbl) to disk...
  [ 0.00 sec ]
step:6100000; t = 4.2307e+04; dt = 6.9390e-03; 42.3 %
             [Mach = 13.455724]
step:6110000; t = 4.2377e+04; dt = 6.9390e-03; 42.4 %
             [Mach = 13.432401]
step:6120000; t = 4.2446e+04; dt = 6.9390e-03; 42.4 %
             [Mach = 13.408586]
> Writing file #170 (dbl) to disk...
  [ 0.00 sec ]
step:6130000; t = 4.2515e+04; dt = 6.9390e-03; 42.5 %
             [Mach = 13.384381]
step:6140000; t = 4.2585e+04; dt = 6.9390e-03; 42.6 %
             [Mach = 13.359868]
step:6150000; t = 4.2654e+04; dt = 6.9390e-03; 42.7 %
             [Mach = 13.335114]
step:6160000; t = 4.2724e+04; dt = 6.9390e-03; 42.7 %
             [Mach = 13.310170]
> Writing file #171 (dbl) to disk...
  [ 0.00 sec ]
step:6170000; t = 4.2793e+04; dt = 6.9390e-03; 42.8 %
             [Mach = 13.285075]
step:6180000; t = 4.2862e+04; dt = 6.9390e-03; 42.9 %
             [Mach = 13.259858]
step:6190000; t = 4.2932e+04; dt = 6.9390e-03; 42.9 %
             [Mach = 13.234539]
> Writing file #172 (dbl) to disk...
  [ 0.00 sec ]
step:6200000; t = 4.3001e+04; dt = 6.9390e-03; 43.0 %
             [Mach = 13.209133]
step:6210000; t = 4.3070e+04; dt = 6.9390e-03; 43.1 %
             [Mach = 13.183646]
step:6220000; t = 4.3140e+04; dt = 6.9390e-03; 43.1 %
             [Mach = 13.158084]
step:6230000; t = 4.3209e+04; dt = 6.9390e-03; 43.2 %
             [Mach = 13.132450]
> Writing file #173 (dbl) to disk...
  [ 0.00 sec ]
step:6240000; t = 4.3279e+04; dt = 6.9390e-03; 43.3 %
             [Mach = 13.106744]
step:6250000; t = 4.3348e+04; dt = 6.9390e-03; 43.3 %
             [Mach = 13.080966]
step:6260000; t = 4.3417e+04; dt = 6.9390e-03; 43.4 %
             [Mach = 13.055114]
step:6270000; t = 4.3487e+04; dt = 6.9390e-03; 43.5 %
             [Mach = 13.029186]
> Writing file #174 (dbl) to disk...
  [ 0.00 sec ]
step:6280000; t = 4.3556e+04; dt = 6.9390e-03; 43.6 %
             [Mach = 13.003181]
step:6290000; t = 4.3626e+04; dt = 6.9390e-03; 43.6 %
             [Mach = 12.977098]
step:6300000; t = 4.3695e+04; dt = 6.9390e-03; 43.7 %
             [Mach = 12.950935]
> Writing file #175 (dbl) to disk...
  [ 0.00 sec ]
step:6310000; t = 4.3764e+04; dt = 6.9390e-03; 43.8 %
             [Mach = 12.924691]
step:6320000; t = 4.3834e+04; dt = 6.9390e-03; 43.8 %
             [Mach = 12.898364]
step:6330000; t = 4.3903e+04; dt = 6.9390e-03; 43.9 %
             [Mach = 12.871953]
step:6340000; t = 4.3973e+04; dt = 6.9390e-03; 44.0 %
             [Mach = 12.845458]
> Writing file #176 (dbl) to disk...
  [ 0.00 sec ]
step:6350000; t = 4.4042e+04; dt = 6.9390e-03; 44.0 %
             [Mach = 12.818878]
step:6360000; t = 4.4111e+04; dt = 6.9390e-03; 44.1 %
             [Mach = 12.792213]
step:6370000; t = 4.4181e+04; dt = 6.9390e-03; 44.2 %
             [Mach = 12.765462]
> Writing file #177 (dbl) to disk...
  [ 0.00 sec ]
step:6380000; t = 4.4250e+04; dt = 6.9390e-03; 44.3 %
             [Mach = 12.738625]
step:6390000; t = 4.4320e+04; dt = 6.9390e-03; 44.3 %
             [Mach = 12.711702]
step:6400000; t = 4.4389e+04; dt = 6.9390e-03; 44.4 %
             [Mach = 12.684692]
step:6410000; t = 4.4458e+04; dt = 6.9390e-03; 44.5 %
             [Mach = 12.657598]
> Writing file #178 (dbl) to disk...
  [ 0.00 sec ]
step:6420000; t = 4.4528e+04; dt = 6.9390e-03; 44.5 %
             [Mach = 12.630418]
step:6430000; t = 4.4597e+04; dt = 6.9390e-03; 44.6 %
             [Mach = 12.603154]
step:6440000; t = 4.4666e+04; dt = 6.9390e-03; 44.7 %
             [Mach = 12.575807]
step:6450000; t = 4.4736e+04; dt = 6.9390e-03; 44.7 %
             [Mach = 12.548379]
> Writing file #179 (dbl) to disk...
  [ 0.00 sec ]
step:6460000; t = 4.4805e+04; dt = 6.9390e-03; 44.8 %
             [Mach = 12.520871]
step:6470000; t = 4.4875e+04; dt = 6.9390e-03; 44.9 %
             [Mach = 12.493285]
step:6480000; t = 4.4944e+04; dt = 6.9390e-03; 44.9 %
             [Mach = 12.465623]
> Writing file #180 (dbl) to disk...
  [ 0.00 sec ]
step:6490000; t = 4.5013e+04; dt = 6.9390e-03; 45.0 %
             [Mach = 12.437888]
step:6500000; t = 4.5083e+04; dt = 6.9390e-03; 45.1 %
             [Mach = 12.410082]
step:6510000; t = 4.5152e+04; dt = 6.9390e-03; 45.2 %
             [Mach = 12.382207]
step:6520000; t = 4.5222e+04; dt = 6.9390e-03; 45.2 %
             [Mach = 12.354268]
> Writing file #181 (dbl) to disk...
  [ 0.00 sec ]
step:6530000; t = 4.5291e+04; dt = 6.9390e-03; 45.3 %
             [Mach = 12.326265]
step:6540000; t = 4.5360e+04; dt = 6.9390e-03; 45.4 %
             [Mach = 12.298201]
step:6550000; t = 4.5430e+04; dt = 6.9390e-03; 45.4 %
             [Mach = 12.270078]
step:6560000; t = 4.5499e+04; dt = 6.9390e-03; 45.5 %
             [Mach = 12.241899]
> Writing file #182 (dbl) to disk...
  [ 0.00 sec ]
step:6570000; t = 4.5569e+04; dt = 6.9390e-03; 45.6 %
             [Mach = 12.213663]
step:6580000; t = 4.5638e+04; dt = 6.9390e-03; 45.6 %
             [Mach = 12.185372]
step:6590000; t = 4.5707e+04; dt = 6.9390e-03; 45.7 %
             [Mach = 12.157025]
> Writing file #183 (dbl) to disk...
  [ 0.00 sec ]
step:6600000; t = 4.5777e+04; dt = 6.9390e-03; 45.8 %
             [Mach = 12.128623]
step:6610000; t = 4.5846e+04; dt = 6.9390e-03; 45.8 %
             [Mach = 12.100164]
step:6620000; t = 4.5915e+04; dt = 6.9390e-03; 45.9 %
             [Mach = 12.071648]
step:6630000; t = 4.5985e+04; dt = 6.9390e-03; 46.0 %
             [Mach = 12.043072]
> Writing file #184 (dbl) to disk...
  [ 0.00 sec ]
step:6640000; t = 4.6054e+04; dt = 6.9390e-03; 46.1 %
             [Mach = 12.014436]
step:6650000; t = 4.6124e+04; dt = 6.9390e-03; 46.1 %
             [Mach = 11.985738]
step:6660000; t = 4.6193e+04; dt = 6.9390e-03; 46.2 %
             [Mach = 11.956976]
> Writing file #185 (dbl) to disk...
  [ 0.00 sec ]
step:6670000; t = 4.6262e+04; dt = 6.9390e-03; 46.3 %
             [Mach = 11.928152]
step:6680000; t = 4.6332e+04; dt = 6.9390e-03; 46.3 %
             [Mach = 11.899266]
step:6690000; t = 4.6401e+04; dt = 6.9390e-03; 46.4 %
             [Mach = 11.870320]
step:6700000; t = 4.6471e+04; dt = 6.9390e-03; 46.5 %
             [Mach = 11.841318]
> Writing file #186 (dbl) to disk...
  [ 0.00 sec ]
step:6710000; t = 4.6540e+04; dt = 6.9390e-03; 46.5 %
             [Mach = 11.812268]
step:6720000; t = 4.6609e+04; dt = 6.9390e-03; 46.6 %
             [Mach = 11.783177]
step:6730000; t = 4.6679e+04; dt = 6.9390e-03; 46.7 %
             [Mach = 11.754057]
step:6740000; t = 4.6748e+04; dt = 6.9390e-03; 46.7 %
             [Mach = 11.724923]
> Writing file #187 (dbl) to disk...
  [ 0.00 sec ]
step:6750000; t = 4.6818e+04; dt = 6.9390e-03; 46.8 %
             [Mach = 11.695793]
step:6760000; t = 4.6887e+04; dt = 6.9390e-03; 46.9 %
             [Mach = 11.666687]
step:6770000; t = 4.6956e+04; dt = 6.9390e-03; 47.0 %
             [Mach = 11.637631]
> Writing file #188 (dbl) to disk...
  [ 0.00 sec ]
step:6780000; t = 4.7026e+04; dt = 6.9390e-03; 47.0 %
             [Mach = 11.608652]
step:6790000; t = 4.7095e+04; dt = 6.9390e-03; 47.1 %
             [Mach = 11.579781]
step:6800000; t = 4.7164e+04; dt = 6.9390e-03; 47.2 %
             [Mach = 11.551051]
step:6810000; t = 4.7234e+04; dt = 6.9390e-03; 47.2 %
             [Mach = 11.522500]
> Writing file #189 (dbl) to disk...
  [ 0.00 sec ]
step:6820000; t = 4.7303e+04; dt = 6.9390e-03; 47.3 %
             [Mach = 11.494165]
step:6830000; t = 4.7373e+04; dt = 6.9390e-03; 47.4 %
             [Mach = 11.466087]
step:6840000; t = 4.7442e+04; dt = 6.9390e-03; 47.4 %
             [Mach = 11.438307]
> Writing file #190 (dbl) to disk...
  [ 0.00 sec ]
step:6850000; t = 4.7511e+04; dt = 6.9390e-03; 47.5 %
             [Mach = 11.410867]
step:6860000; t = 4.7581e+04; dt = 6.9390e-03; 47.6 %
             [Mach = 11.383809]
step:6870000; t = 4.7650e+04; dt = 6.9390e-03; 47.7 %
             [Mach = 11.357174]
step:6880000; t = 4.7720e+04; dt = 6.9390e-03; 47.7 %
             [Mach = 11.331002]
> Writing file #191 (dbl) to disk...
  [ 0.00 sec ]
step:6890000; t = 4.7789e+04; dt = 6.9390e-03; 47.8 %
             [Mach = 11.305330]
step:6900000; t = 4.7858e+04; dt = 6.9390e-03; 47.9 %
             [Mach = 11.280194]
step:6910000; t = 4.7928e+04; dt = 6.9390e-03; 47.9 %
             [Mach = 11.255626]
step:6920000; t = 4.7997e+04; dt = 6.9390e-03; 48.0 %
             [Mach = 11.231655]
> Writing file #192 (dbl) to disk...
  [ 0.00 sec ]
step:6930000; t = 4.8067e+04; dt = 6.9390e-03; 48.1 %
             [Mach = 11.208304]
step:6940000; t = 4.8136e+04; dt = 6.9390e-03; 48.1 %
             [Mach = 11.185595]
step:6950000; t = 4.8205e+04; dt = 6.9390e-03; 48.2 %
             [Mach = 11.163444]
> Writing file #193 (dbl) to disk...
  [ 0.00 sec ]
step:6960000; t = 4.8275e+04; dt = 6.9390e-03; 48.3 %
             [Mach = 11.141887]
step:6970000; t = 4.8344e+04; dt = 6.9390e-03; 48.3 %
             [Mach = 11.121018]
step:6980000; t = 4.8414e+04; dt = 6.9390e-03; 48.4 %
             [Mach = 11.100872]
step:6990000; t = 4.8483e+04; dt = 6.9390e-03; 48.5 %
             [Mach = 11.081451]
> Writing file #194 (dbl) to disk...
  [ 0.00 sec ]
step:7000000; t = 4.8552e+04; dt = 6.9390e-03; 48.6 %
             [Mach = 11.062740]
step:7010000; t = 4.8622e+04; dt = 6.9390e-03; 48.6 %
             [Mach = 11.044714]
step:7020000; t = 4.8691e+04; dt = 6.9390e-03; 48.7 %
             [Mach = 11.027346]
> Writing file #195 (dbl) to disk...
  [ 0.00 sec ]
step:7030000; t = 4.8760e+04; dt = 6.9390e-03; 48.8 %
             [Mach = 11.010606]
step:7040000; t = 4.8830e+04; dt = 6.9390e-03; 48.8 %
             [Mach = 10.994462]
step:7050000; t = 4.8899e+04; dt = 6.9390e-03; 48.9 %
             [Mach = 10.978882]
step:7060000; t = 4.8969e+04; dt = 6.9390e-03; 49.0 %
             [Mach = 10.963834]
> Writing file #196 (dbl) to disk...
  [ 0.00 sec ]
step:7070000; t = 4.9038e+04; dt = 6.9390e-03; 49.0 %
             [Mach = 10.949284]
step:7080000; t = 4.9107e+04; dt = 6.9390e-03; 49.1 %
             [Mach = 10.935198]
step:7090000; t = 4.9177e+04; dt = 6.9390e-03; 49.2 %
             [Mach = 10.921538]
step:7100000; t = 4.9246e+04; dt = 6.9390e-03; 49.2 %
             [Mach = 10.908269]
> Writing file #197 (dbl) to disk...
  [ 0.00 sec ]
step:7110000; t = 4.9316e+04; dt = 6.9390e-03; 49.3 %
             [Mach = 10.895362]
step:7120000; t = 4.9385e+04; dt = 6.9390e-03; 49.4 %
             [Mach = 10.882787]
step:7130000; t = 4.9454e+04; dt = 6.9390e-03; 49.5 %
             [Mach = 10.870518]
> Writing file #198 (dbl) to disk...
  [ 0.00 sec ]
step:7140000; t = 4.9524e+04; dt = 6.9390e-03; 49.5 %
             [Mach = 10.858524]
step:7150000; t = 4.9593e+04; dt = 6.9390e-03; 49.6 %
             [Mach = 10.846775]
step:7160000; t = 4.9663e+04; dt = 6.9390e-03; 49.7 %
             [Mach = 10.835241]
step:7170000; t = 4.9732e+04; dt = 6.9390e-03; 49.7 %
             [Mach = 10.823890]
> Writing file #199 (dbl) to disk...
  [ 0.00 sec ]
step:7180000; t = 4.9801e+04; dt = 6.9390e-03; 49.8 %
             [Mach = 10.812692]
step:7190000; t = 4.9871e+04; dt = 6.9390e-03; 49.9 %
             [Mach = 10.801622]
step:7200000; t = 4.9940e+04; dt = 6.9390e-03; 49.9 %
             [Mach = 10.790656]
> Writing file #200 (dbl) to disk...
  [ 0.00 sec ]
step:7210000; t = 5.0009e+04; dt = 6.9390e-03; 50.0 %
             [Mach = 10.779772]
step:7220000; t = 5.0079e+04; dt = 6.9390e-03; 50.1 %
             [Mach = 10.768951]
step:7230000; t = 5.0148e+04; dt = 6.9390e-03; 50.1 %
             [Mach = 10.758178]
step:7240000; t = 5.0218e+04; dt = 6.9390e-03; 50.2 %
             [Mach = 10.747437]
> Writing file #201 (dbl) to disk...
  [ 0.00 sec ]
step:7250000; t = 5.0287e+04; dt = 6.9390e-03; 50.3 %
             [Mach = 10.736719]
step:7260000; t = 5.0356e+04; dt = 6.9390e-03; 50.4 %
             [Mach = 10.726013]
step:7270000; t = 5.0426e+04; dt = 6.9390e-03; 50.4 %
             [Mach = 10.715314]
step:7280000; t = 5.0495e+04; dt = 6.9390e-03; 50.5 %
             [Mach = 10.704616]
> Writing file #202 (dbl) to disk...
  [ 0.00 sec ]
step:7290000; t = 5.0565e+04; dt = 6.9390e-03; 50.6 %
             [Mach = 10.693914]
step:7300000; t = 5.0634e+04; dt = 6.9390e-03; 50.6 %
             [Mach = 10.683206]
step:7310000; t = 5.0703e+04; dt = 6.9390e-03; 50.7 %
             [Mach = 10.672490]
> Writing file #203 (dbl) to disk...
  [ 0.00 sec ]
step:7320000; t = 5.0773e+04; dt = 6.9390e-03; 50.8 %
             [Mach = 10.661764]
step:7330000; t = 5.0842e+04; dt = 6.9390e-03; 50.8 %
             [Mach = 10.651029]
step:7340000; t = 5.0912e+04; dt = 6.9390e-03; 50.9 %
             [Mach = 10.640283]
step:7350000; t = 5.0981e+04; dt = 6.9390e-03; 51.0 %
             [Mach = 10.629524]
> Writing file #204 (dbl) to disk...
  [ 0.00 sec ]
step:7360000; t = 5.1050e+04; dt = 6.9390e-03; 51.1 %
             [Mach = 10.618750]
step:7370000; t = 5.1120e+04; dt = 6.9390e-03; 51.1 %
             [Mach = 10.607967]
step:7380000; t = 5.1189e+04; dt = 6.9390e-03; 51.2 %
             [Mach = 10.597173]
> Writing file #205 (dbl) to disk...
  [ 0.00 sec ]
step:7390000; t = 5.1259e+04; dt = 6.9390e-03; 51.3 %
             [Mach = 10.586369]
step:7400000; t = 5.1328e+04; dt = 6.9390e-03; 51.3 %
             [Mach = 10.575553]
step:7410000; t = 5.1397e+04; dt = 6.9390e-03; 51.4 %
             [Mach = 10.564726]
step:7420000; t = 5.1467e+04; dt = 6.9390e-03; 51.5 %
             [Mach = 10.553887]
> Writing file #206 (dbl) to disk...
  [ 0.00 sec ]
step:7430000; t = 5.1536e+04; dt = 6.9390e-03; 51.5 %
             [Mach = 10.543035]
step:7440000; t = 5.1605e+04; dt = 6.9390e-03; 51.6 %
             [Mach = 10.532170]
step:7450000; t = 5.1675e+04; dt = 6.9390e-03; 51.7 %
             [Mach = 10.521293]
step:7460000; t = 5.1744e+04; dt = 6.9390e-03; 51.7 %
             [Mach = 10.510403]
> Writing file #207 (dbl) to disk...
  [ 0.00 sec ]
step:7470000; t = 5.1814e+04; dt = 6.9390e-03; 51.8 %
             [Mach = 10.499501]
step:7480000; t = 5.1883e+04; dt = 6.9390e-03; 51.9 %
             [Mach = 10.488588]
step:7490000; t = 5.1952e+04; dt = 6.9390e-03; 52.0 %
             [Mach = 10.477664]
> Writing file #208 (dbl) to disk...
  [ 0.00 sec ]
step:7500000; t = 5.2022e+04; dt = 6.9390e-03; 52.0 %
             [Mach = 10.466730]
step:7510000; t = 5.2091e+04; dt = 6.9390e-03; 52.1 %
             [Mach = 10.455787]
step:7520000; t = 5.2161e+04; dt = 6.9390e-03; 52.2 %
             [Mach = 10.444836]
step:7530000; t = 5.2230e+04; dt = 6.9390e-03; 52.2 %
             [Mach = 10.433875]
> Writing file #209 (dbl) to disk...
  [ 0.00 sec ]
step:7540000; t = 5.2299e+04; dt = 6.9390e-03; 52.3 %
             [Mach = 10.422907]
step:7550000; t = 5.2369e+04; dt = 6.9390e-03; 52.4 %
             [Mach = 10.411932]
step:7560000; t = 5.2438e+04; dt = 6.9390e-03; 52.4 %
             [Mach = 10.400950]
> Writing file #210 (dbl) to disk...
  [ 0.00 sec ]
step:7570000; t = 5.2508e+04; dt = 6.9390e-03; 52.5 %
             [Mach = 10.389961]
step:7580000; t = 5.2577e+04; dt = 6.9390e-03; 52.6 %
             [Mach = 10.378967]
step:7590000; t = 5.2646e+04; dt = 6.9390e-03; 52.6 %
             [Mach = 10.367967]
step:7600000; t = 5.2716e+04; dt = 6.9390e-03; 52.7 %
             [Mach = 10.356962]
> Writing file #211 (dbl) to disk...
  [ 0.00 sec ]
step:7610000; t = 5.2785e+04; dt = 6.9390e-03; 52.8 %
             [Mach = 10.345952]
step:7620000; t = 5.2854e+04; dt = 6.9390e-03; 52.9 %
             [Mach = 10.334938]
step:7630000; t = 5.2924e+04; dt = 6.9390e-03; 52.9 %
             [Mach = 10.323920]
step:7640000; t = 5.2993e+04; dt = 6.9390e-03; 53.0 %
             [Mach = 10.312899]
> Writing file #212 (dbl) to disk...
  [ 0.00 sec ]
step:7650000; t = 5.3063e+04; dt = 6.9390e-03; 53.1 %
             [Mach = 10.301875]
step:7660000; t = 5.3132e+04; dt = 6.9390e-03; 53.1 %
             [Mach = 10.290848]
step:7670000; t = 5.3201e+04; dt = 6.9390e-03; 53.2 %
             [Mach = 10.279819]
> Writing file #213 (dbl) to disk...
  [ 0.00 sec ]
step:7680000; t = 5.3271e+04; dt = 6.9390e-03; 53.3 %
             [Mach = 10.268788]
step:7690000; t = 5.3340e+04; dt = 6.9390e-03; 53.3 %
             [Mach = 10.257756]
step:7700000; t = 5.3410e+04; dt = 6.9390e-03; 53.4 %
             [Mach = 10.246723]
step:7710000; t = 5.3479e+04; dt = 6.9390e-03; 53.5 %
             [Mach = 10.235690]
> Writing file #214 (dbl) to disk...
  [ 0.00 sec ]
step:7720000; t = 5.3548e+04; dt = 6.9390e-03; 53.5 %
             [Mach = 10.224656]
step:7730000; t = 5.3618e+04; dt = 6.9390e-03; 53.6 %
             [Mach = 10.213622]
step:7740000; t = 5.3687e+04; dt = 6.9390e-03; 53.7 %
             [Mach = 10.202589]
> Writing file #215 (dbl) to disk...
  [ 0.00 sec ]
step:7750000; t = 5.3757e+04; dt = 6.9390e-03; 53.8 %
             [Mach = 10.191557]
step:7760000; t = 5.3826e+04; dt = 6.9390e-03; 53.8 %
             [Mach = 10.180527]
step:7770000; t = 5.3895e+04; dt = 6.9390e-03; 53.9 %
             [Mach = 10.169498]
step:7780000; t = 5.3965e+04; dt = 6.9390e-03; 54.0 %
             [Mach = 10.158472]
> Writing file #216 (dbl) to disk...
  [ 0.00 sec ]
step:7790000; t = 5.4034e+04; dt = 6.9390e-03; 54.0 %
             [Mach = 10.147448]
step:7800000; t = 5.4103e+04; dt = 6.9390e-03; 54.1 %
             [Mach = 10.136427]
step:7810000; t = 5.4173e+04; dt = 6.9390e-03; 54.2 %
             [Mach = 10.125410]
step:7820000; t = 5.4242e+04; dt = 6.9390e-03; 54.2 %
             [Mach = 10.114397]
> Writing file #217 (dbl) to disk...
  [ 0.00 sec ]
step:7830000; t = 5.4312e+04; dt = 6.9390e-03; 54.3 %
             [Mach = 10.103387]
step:7840000; t = 5.4381e+04; dt = 6.9390e-03; 54.4 %
             [Mach = 10.092383]
step:7850000; t = 5.4450e+04; dt = 6.9390e-03; 54.5 %
             [Mach = 10.081383]
> Writing file #218 (dbl) to disk...
  [ 0.00 sec ]
step:7860000; t = 5.4520e+04; dt = 6.9390e-03; 54.5 %
             [Mach = 10.070389]
step:7870000; t = 5.4589e+04; dt = 6.9390e-03; 54.6 %
             [Mach = 10.059400]
step:7880000; t = 5.4659e+04; dt = 6.9390e-03; 54.7 %
             [Mach = 10.048418]
step:7890000; t = 5.4728e+04; dt = 6.9390e-03; 54.7 %
             [Mach = 10.037442]
> Writing file #219 (dbl) to disk...
  [ 0.00 sec ]
step:7900000; t = 5.4797e+04; dt = 6.9390e-03; 54.8 %
             [Mach = 10.026473]
step:7910000; t = 5.4867e+04; dt = 6.9390e-03; 54.9 %
             [Mach = 10.015511]
step:7920000; t = 5.4936e+04; dt = 6.9390e-03; 54.9 %
             [Mach = 10.004557]
> Writing file #220 (dbl) to disk...
  [ 0.00 sec ]
step:7930000; t = 5.5006e+04; dt = 6.9390e-03; 55.0 %
             [Mach = 9.993611]
step:7940000; t = 5.5075e+04; dt = 6.9390e-03; 55.1 %
             [Mach = 9.982673]
step:7950000; t = 5.5144e+04; dt = 6.9390e-03; 55.1 %
             [Mach = 9.971744]
step:7960000; t = 5.5214e+04; dt = 6.9390e-03; 55.2 %
             [Mach = 9.960825]
> Writing file #221 (dbl) to disk...
  [ 0.00 sec ]
step:7970000; t = 5.5283e+04; dt = 6.9390e-03; 55.3 %
             [Mach = 9.949915]
step:7980000; t = 5.5353e+04; dt = 6.9390e-03; 55.4 %
             [Mach = 9.939015]
step:7990000; t = 5.5422e+04; dt = 6.9390e-03; 55.4 %
             [Mach = 9.928125]
step:8000000; t = 5.5491e+04; dt = 6.9390e-03; 55.5 %
             [Mach = 9.917245]
> Writing file #222 (dbl) to disk...
  [ 0.00 sec ]
step:8010000; t = 5.5561e+04; dt = 6.9390e-03; 55.6 %
             [Mach = 9.906377]
step:8020000; t = 5.5630e+04; dt = 6.9390e-03; 55.6 %
             [Mach = 9.895520]
step:8030000; t = 5.5699e+04; dt = 6.9390e-03; 55.7 %
             [Mach = 9.884675]
> Writing file #223 (dbl) to disk...
  [ 0.00 sec ]
step:8040000; t = 5.5769e+04; dt = 6.9390e-03; 55.8 %
             [Mach = 9.873842]
step:8050000; t = 5.5838e+04; dt = 6.9390e-03; 55.8 %
             [Mach = 9.863021]
step:8060000; t = 5.5908e+04; dt = 6.9390e-03; 55.9 %
             [Mach = 9.852214]
step:8070000; t = 5.5977e+04; dt = 6.9390e-03; 56.0 %
             [Mach = 9.841419]
> Writing file #224 (dbl) to disk...
  [ 0.00 sec ]
step:8080000; t = 5.6046e+04; dt = 6.9390e-03; 56.0 %
             [Mach = 9.830638]
step:8090000; t = 5.6116e+04; dt = 6.9390e-03; 56.1 %
             [Mach = 9.819871]
step:8100000; t = 5.6185e+04; dt = 6.9390e-03; 56.2 %
             [Mach = 9.809117]
> Writing file #225 (dbl) to disk...
  [ 0.00 sec ]
step:8110000; t = 5.6255e+04; dt = 6.9390e-03; 56.3 %
             [Mach = 9.798379]
step:8120000; t = 5.6324e+04; dt = 6.9390e-03; 56.3 %
             [Mach = 9.787655]
step:8130000; t = 5.6393e+04; dt = 6.9390e-03; 56.4 %
             [Mach = 9.776947]
step:8140000; t = 5.6463e+04; dt = 6.9390e-03; 56.5 %
             [Mach = 9.766254]
> Writing file #226 (dbl) to disk...
  [ 0.00 sec ]
step:8150000; t = 5.6532e+04; dt = 6.9390e-03; 56.5 %
             [Mach = 9.755577]
step:8160000; t = 5.6602e+04; dt = 6.9390e-03; 56.6 %
             [Mach = 9.744916]
step:8170000; t = 5.6671e+04; dt = 6.9390e-03; 56.7 %
             [Mach = 9.734272]
step:8180000; t = 5.6740e+04; dt = 6.9390e-03; 56.7 %
             [Mach = 9.723645]
> Writing file #227 (dbl) to disk...
  [ 0.00 sec ]
step:8190000; t = 5.6810e+04; dt = 6.9390e-03; 56.8 %
             [Mach = 9.713035]
step:8200000; t = 5.6879e+04; dt = 6.9390e-03; 56.9 %
             [Mach = 9.702443]
step:8210000; t = 5.6948e+04; dt = 6.9390e-03; 56.9 %
             [Mach = 9.691869]
> Writing file #228 (dbl) to disk...
  [ 0.00 sec ]
step:8220000; t = 5.7018e+04; dt = 6.9390e-03; 57.0 %
             [Mach = 9.681312]
step:8230000; t = 5.7087e+04; dt = 6.9390e-03; 57.1 %
             [Mach = 9.670775]
step:8240000; t = 5.7157e+04; dt = 6.9390e-03; 57.2 %
             [Mach = 9.660256]
step:8250000; t = 5.7226e+04; dt = 6.9390e-03; 57.2 %
             [Mach = 9.649756]
> Writing file #229 (dbl) to disk...
  [ 0.00 sec ]
step:8260000; t = 5.7295e+04; dt = 6.9390e-03; 57.3 %
             [Mach = 9.639276]
step:8270000; t = 5.7365e+04; dt = 6.9390e-03; 57.4 %
             [Mach = 9.628816]
step:8280000; t = 5.7434e+04; dt = 6.9390e-03; 57.4 %
             [Mach = 9.618376]
> Writing file #230 (dbl) to disk...
  [ 0.00 sec ]
step:8290000; t = 5.7504e+04; dt = 6.9390e-03; 57.5 %
             [Mach = 9.607956]
step:8300000; t = 5.7573e+04; dt = 6.9390e-03; 57.6 %
             [Mach = 9.597557]
step:8310000; t = 5.7642e+04; dt = 6.9390e-03; 57.6 %
             [Mach = 9.587179]
step:8320000; t = 5.7712e+04; dt = 6.9390e-03; 57.7 %
             [Mach = 9.576823]
> Writing file #231 (dbl) to disk...
  [ 0.00 sec ]
step:8330000; t = 5.7781e+04; dt = 6.9390e-03; 57.8 %
             [Mach = 9.566488]
step:8340000; t = 5.7851e+04; dt = 6.9390e-03; 57.9 %
             [Mach = 9.556175]
step:8350000; t = 5.7920e+04; dt = 6.9390e-03; 57.9 %
             [Mach = 9.545885]
step:8360000; t = 5.7989e+04; dt = 6.9390e-03; 58.0 %
             [Mach = 9.535617]
> Writing file #232 (dbl) to disk...
  [ 0.00 sec ]
step:8370000; t = 5.8059e+04; dt = 6.9390e-03; 58.1 %
             [Mach = 9.525371]
step:8380000; t = 5.8128e+04; dt = 6.9390e-03; 58.1 %
             [Mach = 9.515149]
step:8390000; t = 5.8198e+04; dt = 6.9390e-03; 58.2 %
             [Mach = 9.504951]
> Writing file #233 (dbl) to disk...
  [ 0.00 sec ]
step:8400000; t = 5.8267e+04; dt = 6.9390e-03; 58.3 %
             [Mach = 9.494776]
step:8410000; t = 5.8336e+04; dt = 6.9390e-03; 58.3 %
             [Mach = 9.484625]
step:8420000; t = 5.8406e+04; dt = 6.9390e-03; 58.4 %
             [Mach = 9.474499]
step:8430000; t = 5.8475e+04; dt = 6.9390e-03; 58.5 %
             [Mach = 9.464397]
> Writing file #234 (dbl) to disk...
  [ 0.00 sec ]
step:8440000; t = 5.8544e+04; dt = 6.9390e-03; 58.5 %
             [Mach = 9.454320]
step:8450000; t = 5.8614e+04; dt = 6.9390e-03; 58.6 %
             [Mach = 9.444268]
step:8460000; t = 5.8683e+04; dt = 6.9390e-03; 58.7 %
             [Mach = 9.434241]
> Writing file #235 (dbl) to disk...
  [ 0.00 sec ]
step:8470000; t = 5.8753e+04; dt = 6.9390e-03; 58.8 %
             [Mach = 9.424241]
step:8480000; t = 5.8822e+04; dt = 6.9390e-03; 58.8 %
             [Mach = 9.414266]
step:8490000; t = 5.8891e+04; dt = 6.9390e-03; 58.9 %
             [Mach = 9.404317]
step:8500000; t = 5.8961e+04; dt = 6.9390e-03; 59.0 %
             [Mach = 9.394395]
> Writing file #236 (dbl) to disk...
  [ 0.00 sec ]
step:8510000; t = 5.9030e+04; dt = 6.9390e-03; 59.0 %
             [Mach = 9.384500]
step:8520000; t = 5.9100e+04; dt = 6.9390e-03; 59.1 %
             [Mach = 9.374632]
step:8530000; t = 5.9169e+04; dt = 6.9390e-03; 59.2 %
             [Mach = 9.364792]
step:8540000; t = 5.9238e+04; dt = 6.9390e-03; 59.2 %
             [Mach = 9.354978]
> Writing file #237 (dbl) to disk...
  [ 0.00 sec ]
step:8550000; t = 5.9308e+04; dt = 6.9390e-03; 59.3 %
             [Mach = 9.345193]
step:8560000; t = 5.9377e+04; dt = 6.9390e-03; 59.4 %
             [Mach = 9.335436]
step:8570000; t = 5.9447e+04; dt = 6.9390e-03; 59.4 %
             [Mach = 9.325707]
> Writing file #238 (dbl) to disk...
  [ 0.00 sec ]
step:8580000; t = 5.9516e+04; dt = 6.9390e-03; 59.5 %
             [Mach = 9.316007]
step:8590000; t = 5.9585e+04; dt = 6.9390e-03; 59.6 %
             [Mach = 9.306336]
step:8600000; t = 5.9655e+04; dt = 6.9390e-03; 59.7 %
             [Mach = 9.296694]
step:8610000; t = 5.9724e+04; dt = 6.9390e-03; 59.7 %
             [Mach = 9.287082]
> Writing file #239 (dbl) to disk...
  [ 0.00 sec ]
step:8620000; t = 5.9793e+04; dt = 6.9390e-03; 59.8 %
             [Mach = 9.277499]
step:8630000; t = 5.9863e+04; dt = 6.9390e-03; 59.9 %
             [Mach = 9.267946]
step:8640000; t = 5.9932e+04; dt = 6.9390e-03; 59.9 %
             [Mach = 9.258423]
> Writing file #240 (dbl) to disk...
  [ 0.00 sec ]
step:8650000; t = 6.0002e+04; dt = 6.9390e-03; 60.0 %
             [Mach = 9.248931]
step:8660000; t = 6.0071e+04; dt = 6.9390e-03; 60.1 %
             [Mach = 9.239469]
step:8670000; t = 6.0140e+04; dt = 6.9390e-03; 60.1 %
             [Mach = 9.230039]
step:8680000; t = 6.0210e+04; dt = 6.9390e-03; 60.2 %
             [Mach = 9.220639]
> Writing file #241 (dbl) to disk...
  [ 0.00 sec ]
step:8690000; t = 6.0279e+04; dt = 6.9390e-03; 60.3 %
             [Mach = 9.211271]
step:8700000; t = 6.0349e+04; dt = 6.9390e-03; 60.3 %
             [Mach = 9.201935]
step:8710000; t = 6.0418e+04; dt = 6.9390e-03; 60.4 %
             [Mach = 9.192631]
step:8720000; t = 6.0487e+04; dt = 6.9390e-03; 60.5 %
             [Mach = 9.183359]
> Writing file #242 (dbl) to disk...
  [ 0.00 sec ]
step:8730000; t = 6.0557e+04; dt = 6.9390e-03; 60.6 %
             [Mach = 9.174119]
step:8740000; t = 6.0626e+04; dt = 6.9390e-03; 60.6 %
             [Mach = 9.164912]
step:8750000; t = 6.0696e+04; dt = 6.9390e-03; 60.7 %
             [Mach = 9.155738]
> Writing file #243 (dbl) to disk...
  [ 0.00 sec ]
step:8760000; t = 6.0765e+04; dt = 6.9390e-03; 60.8 %
             [Mach = 9.146597]
step:8770000; t = 6.0834e+04; dt = 6.9390e-03; 60.8 %
             [Mach = 9.137489]
step:8780000; t = 6.0904e+04; dt = 6.9390e-03; 60.9 %
             [Mach = 9.128415]
step:8790000; t = 6.0973e+04; dt = 6.9390e-03; 61.0 %
             [Mach = 9.119375]
> Writing file #244 (dbl) to disk...
  [ 0.00 sec ]
step:8800000; t = 6.1042e+04; dt = 6.9390e-03; 61.0 %
             [Mach = 9.110370]
step:8810000; t = 6.1112e+04; dt = 6.9390e-03; 61.1 %
             [Mach = 9.101398]
step:8820000; t = 6.1181e+04; dt = 6.9390e-03; 61.2 %
             [Mach = 9.092461]
> Writing file #245 (dbl) to disk...
  [ 0.00 sec ]
step:8830000; t = 6.1251e+04; dt = 6.9390e-03; 61.3 %
             [Mach = 9.083559]
step:8840000; t = 6.1320e+04; dt = 6.9390e-03; 61.3 %
             [Mach = 9.074693]
step:8850000; t = 6.1389e+04; dt = 6.9390e-03; 61.4 %
             [Mach = 9.065861]
step:8860000; t = 6.1459e+04; dt = 6.9390e-03; 61.5 %
             [Mach = 9.057065]
> Writing file #246 (dbl) to disk...
  [ 0.00 sec ]
step:8870000; t = 6.1528e+04; dt = 6.9390e-03; 61.5 %
             [Mach = 9.048305]
step:8880000; t = 6.1598e+04; dt = 6.9390e-03; 61.6 %
             [Mach = 9.039581]
step:8890000; t = 6.1667e+04; dt = 6.9390e-03; 61.7 %
             [Mach = 9.030894]
step:8900000; t = 6.1736e+04; dt = 6.9390e-03; 61.7 %
             [Mach = 9.022243]
> Writing file #247 (dbl) to disk...
  [ 0.00 sec ]
step:8910000; t = 6.1806e+04; dt = 6.9390e-03; 61.8 %
             [Mach = 9.013629]
step:8920000; t = 6.1875e+04; dt = 6.9390e-03; 61.9 %
             [Mach = 9.005052]
step:8930000; t = 6.1945e+04; dt = 6.9390e-03; 61.9 %
             [Mach = 8.996512]
> Writing file #248 (dbl) to disk...
  [ 0.00 sec ]
step:8940000; t = 6.2014e+04; dt = 6.9390e-03; 62.0 %
             [Mach = 8.988010]
step:8950000; t = 6.2083e+04; dt = 6.9390e-03; 62.1 %
             [Mach = 8.979545]
step:8960000; t = 6.2153e+04; dt = 6.9390e-03; 62.2 %
             [Mach = 8.971119]
step:8970000; t = 6.2222e+04; dt = 6.9390e-03; 62.2 %
             [Mach = 8.962731]
> Writing file #249 (dbl) to disk...
  [ 0.00 sec ]
step:8980000; t = 6.2292e+04; dt = 6.9390e-03; 62.3 %
             [Mach = 8.954382]
step:8990000; t = 6.2361e+04; dt = 6.9390e-03; 62.4 %
             [Mach = 8.946071]
step:9000000; t = 6.2430e+04; dt = 6.9390e-03; 62.4 %
             [Mach = 8.937800]
step:9010000; t = 6.2500e+04; dt = 6.9390e-03; 62.5 %
             [Mach = 8.929567]
> Writing file #250 (dbl) to disk...
  [ 0.00 sec ]
step:9020000; t = 6.2569e+04; dt = 6.9390e-03; 62.6 %
             [Mach = 8.921375]
step:9030000; t = 6.2638e+04; dt = 6.9390e-03; 62.6 %
             [Mach = 8.913222]
step:9040000; t = 6.2708e+04; dt = 6.9390e-03; 62.7 %
             [Mach = 8.905109]
> Writing file #251 (dbl) to disk...
  [ 1.00 sec ]
step:9050000; t = 6.2777e+04; dt = 6.9390e-03; 62.8 %
             [Mach = 8.897037]
step:9060000; t = 6.2847e+04; dt = 6.9390e-03; 62.8 %
             [Mach = 8.889005]
step:9070000; t = 6.2916e+04; dt = 6.9390e-03; 62.9 %
             [Mach = 8.881014]
step:9080000; t = 6.2985e+04; dt = 6.9390e-03; 63.0 %
             [Mach = 8.873065]
> Writing file #252 (dbl) to disk...
  [ 0.00 sec ]
step:9090000; t = 6.3055e+04; dt = 6.9390e-03; 63.1 %
             [Mach = 8.865156]
step:9100000; t = 6.3124e+04; dt = 6.9390e-03; 63.1 %
             [Mach = 8.857290]
step:9110000; t = 6.3194e+04; dt = 6.9390e-03; 63.2 %
             [Mach = 8.849465]
> Writing file #253 (dbl) to disk...
  [ 0.00 sec ]
step:9120000; t = 6.3263e+04; dt = 6.9390e-03; 63.3 %
             [Mach = 8.841683]
step:9130000; t = 6.3332e+04; dt = 6.9390e-03; 63.3 %
             [Mach = 8.833943]
step:9140000; t = 6.3402e+04; dt = 6.9390e-03; 63.4 %
             [Mach = 8.826246]
step:9150000; t = 6.3471e+04; dt = 6.9390e-03; 63.5 %
             [Mach = 8.818592]
> Writing file #254 (dbl) to disk...
  [ 0.00 sec ]
step:9160000; t = 6.3541e+04; dt = 6.9390e-03; 63.5 %
             [Mach = 8.810981]
step:9170000; t = 6.3610e+04; dt = 6.9390e-03; 63.6 %
             [Mach = 8.803414]
step:9180000; t = 6.3679e+04; dt = 6.9390e-03; 63.7 %
             [Mach = 8.795891]
step:9190000; t = 6.3749e+04; dt = 6.9390e-03; 63.7 %
             [Mach = 8.788412]
> Writing file #255 (dbl) to disk...
  [ 0.00 sec ]
step:9200000; t = 6.3818e+04; dt = 6.9390e-03; 63.8 %
             [Mach = 8.780977]
step:9210000; t = 6.3887e+04; dt = 6.9390e-03; 63.9 %
             [Mach = 8.773588]
step:9220000; t = 6.3957e+04; dt = 6.9390e-03; 64.0 %
             [Mach = 8.766243]
> Writing file #256 (dbl) to disk...
  [ 0.00 sec ]
step:9230000; t = 6.4026e+04; dt = 6.9390e-03; 64.0 %
             [Mach = 8.758944]
step:9240000; t = 6.4096e+04; dt = 6.9390e-03; 64.1 %
             [Mach = 8.751691]
step:9250000; t = 6.4165e+04; dt = 6.9390e-03; 64.2 %
             [Mach = 8.744484]
step:9260000; t = 6.4234e+04; dt = 6.9390e-03; 64.2 %
             [Mach = 8.737323]
> Writing file #257 (dbl) to disk...
  [ 0.00 sec ]
step:9270000; t = 6.4304e+04; dt = 6.9390e-03; 64.3 %
             [Mach = 8.730209]
step:9280000; t = 6.4373e+04; dt = 6.9390e-03; 64.4 %
             [Mach = 8.723142]
step:9290000; t = 6.4443e+04; dt = 6.9390e-03; 64.4 %
             [Mach = 8.716122]
> Writing file #258 (dbl) to disk...
  [ 0.00 sec ]
step:9300000; t = 6.4512e+04; dt = 6.9390e-03; 64.5 %
             [Mach = 8.709150]
step:9310000; t = 6.4581e+04; dt = 6.9390e-03; 64.6 %
             [Mach = 8.702225]
step:9320000; t = 6.4651e+04; dt = 6.9390e-03; 64.7 %
             [Mach = 8.695350]
step:9330000; t = 6.4720e+04; dt = 6.9390e-03; 64.7 %
             [Mach = 8.688522]
> Writing file #259 (dbl) to disk...
  [ 0.00 sec ]
step:9340000; t = 6.4790e+04; dt = 6.9390e-03; 64.8 %
             [Mach = 8.681744]
step:9350000; t = 6.4859e+04; dt = 6.9390e-03; 64.9 %
             [Mach = 8.675016]
step:9360000; t = 6.4928e+04; dt = 6.9390e-03; 64.9 %
             [Mach = 8.668337]
step:9370000; t = 6.4998e+04; dt = 6.9390e-03; 65.0 %
             [Mach = 8.661708]
> Writing file #260 (dbl) to disk...
  [ 0.00 sec ]
step:9380000; t = 6.5067e+04; dt = 6.9390e-03; 65.1 %
             [Mach = 8.655130]
step:9390000; t = 6.5137e+04; dt = 6.9390e-03; 65.1 %
             [Mach = 8.648602]
step:9400000; t = 6.5206e+04; dt = 6.9390e-03; 65.2 %
             [Mach = 8.642126]
> Writing file #261 (dbl) to disk...
  [ 0.00 sec ]
step:9410000; t = 6.5275e+04; dt = 6.9390e-03; 65.3 %
             [Mach = 8.635701]
step:9420000; t = 6.5345e+04; dt = 6.9390e-03; 65.3 %
             [Mach = 8.629329]
step:9430000; t = 6.5414e+04; dt = 6.9390e-03; 65.4 %
             [Mach = 8.623009]
step:9440000; t = 6.5483e+04; dt = 6.9390e-03; 65.5 %
             [Mach = 8.616741]
> Writing file #262 (dbl) to disk...
  [ 0.00 sec ]
step:9450000; t = 6.5553e+04; dt = 6.9390e-03; 65.6 %
             [Mach = 8.610527]
step:9460000; t = 6.5622e+04; dt = 6.9390e-03; 65.6 %
             [Mach = 8.604366]
step:9470000; t = 6.5692e+04; dt = 6.9390e-03; 65.7 %
             [Mach = 8.598259]
> Writing file #263 (dbl) to disk...
  [ 0.00 sec ]
step:9480000; t = 6.5761e+04; dt = 6.9390e-03; 65.8 %
             [Mach = 8.592207]
step:9490000; t = 6.5830e+04; dt = 6.9390e-03; 65.8 %
             [Mach = 8.586209]
step:9500000; t = 6.5900e+04; dt = 6.9390e-03; 65.9 %
             [Mach = 8.580266]
step:9510000; t = 6.5969e+04; dt = 6.9390e-03; 66.0 %
             [Mach = 8.574380]
> Writing file #264 (dbl) to disk...
  [ 0.00 sec ]
step:9520000; t = 6.6039e+04; dt = 6.9390e-03; 66.0 %
             [Mach = 8.568549]
step:9530000; t = 6.6108e+04; dt = 6.9390e-03; 66.1 %
             [Mach = 8.562775]
step:9540000; t = 6.6177e+04; dt = 6.9390e-03; 66.2 %
             [Mach = 8.557057]
step:9550000; t = 6.6247e+04; dt = 6.9390e-03; 66.2 %
             [Mach = 8.551397]
> Writing file #265 (dbl) to disk...
  [ 0.00 sec ]
step:9560000; t = 6.6316e+04; dt = 6.9390e-03; 66.3 %
             [Mach = 8.545795]
step:9570000; t = 6.6386e+04; dt = 6.9390e-03; 66.4 %
             [Mach = 8.540252]
step:9580000; t = 6.6455e+04; dt = 6.9390e-03; 66.5 %
             [Mach = 8.534766]
> Writing file #266 (dbl) to disk...
  [ 0.00 sec ]
step:9590000; t = 6.6524e+04; dt = 6.9390e-03; 66.5 %
             [Mach = 8.529341]
step:9600000; t = 6.6594e+04; dt = 6.9390e-03; 66.6 %
             [Mach = 8.523974]
step:9610000; t = 6.6663e+04; dt = 6.9390e-03; 66.7 %
             [Mach = 8.518668]
step:9620000; t = 6.6732e+04; dt = 6.9390e-03; 66.7 %
             [Mach = 8.513423]
> Writing file #267 (dbl) to disk...
  [ 1.00 sec ]
step:9630000; t = 6.6802e+04; dt = 6.9390e-03; 66.8 %
             [Mach = 8.508238]
step:9640000; t = 6.6871e+04; dt = 6.9390e-03; 66.9 %
             [Mach = 8.503115]
step:9650000; t = 6.6941e+04; dt = 6.9390e-03; 66.9 %
             [Mach = 8.498054]
> Writing file #268 (dbl) to disk...
  [ 0.00 sec ]
step:9660000; t = 6.7010e+04; dt = 6.9390e-03; 67.0 %
             [Mach = 8.493055]
step:9670000; t = 6.7079e+04; dt = 6.9390e-03; 67.1 %
             [Mach = 8.488118]
step:9680000; t = 6.7149e+04; dt = 6.9390e-03; 67.1 %
             [Mach = 8.483245]
step:9690000; t = 6.7218e+04; dt = 6.9390e-03; 67.2 %
             [Mach = 8.478436]
> Writing file #269 (dbl) to disk...
  [ 0.00 sec ]
step:9700000; t = 6.7288e+04; dt = 6.9390e-03; 67.3 %
             [Mach = 8.473690]
step:9710000; t = 6.7357e+04; dt = 6.9390e-03; 67.4 %
             [Mach = 8.469008]
step:9720000; t = 6.7426e+04; dt = 6.9390e-03; 67.4 %
             [Mach = 8.464391]
step:9730000; t = 6.7496e+04; dt = 6.9390e-03; 67.5 %
             [Mach = 8.459839]
> Writing file #270 (dbl) to disk...
  [ 0.00 sec ]
step:9740000; t = 6.7565e+04; dt = 6.9390e-03; 67.6 %
             [Mach = 8.455352]
step:9750000; t = 6.7635e+04; dt = 6.9390e-03; 67.6 %
             [Mach = 8.450931]
step:9760000; t = 6.7704e+04; dt = 6.9390e-03; 67.7 %
             [Mach = 8.446575]
> Writing file #271 (dbl) to disk...
  [ 0.00 sec ]
step:9770000; t = 6.7773e+04; dt = 6.9390e-03; 67.8 %
             [Mach = 8.442286]
step:9780000; t = 6.7843e+04; dt = 6.9390e-03; 67.8 %
             [Mach = 8.438063]
step:9790000; t = 6.7912e+04; dt = 6.9390e-03; 67.9 %
             [Mach = 8.433907]
step:9800000; t = 6.7981e+04; dt = 6.9390e-03; 68.0 %
             [Mach = 8.429818]
> Writing file #272 (dbl) to disk...
  [ 0.00 sec ]
step:9810000; t = 6.8051e+04; dt = 6.9390e-03; 68.1 %
             [Mach = 8.425797]
step:9820000; t = 6.8120e+04; dt = 6.9390e-03; 68.1 %
             [Mach = 8.421843]
step:9830000; t = 6.8190e+04; dt = 6.9390e-03; 68.2 %
             [Mach = 8.417956]
> Writing file #273 (dbl) to disk...
  [ 0.00 sec ]
step:9840000; t = 6.8259e+04; dt = 6.9390e-03; 68.3 %
             [Mach = 8.414137]
step:9850000; t = 6.8328e+04; dt = 6.9390e-03; 68.3 %
             [Mach = 8.410387]
step:9860000; t = 6.8398e+04; dt = 6.9390e-03; 68.4 %
             [Mach = 8.406705]
step:9870000; t = 6.8467e+04; dt = 6.9390e-03; 68.5 %
             [Mach = 8.403091]
> Writing file #274 (dbl) to disk...
  [ 0.00 sec ]
step:9880000; t = 6.8537e+04; dt = 6.9390e-03; 68.5 %
             [Mach = 8.399545]
step:9890000; t = 6.8606e+04; dt = 6.9390e-03; 68.6 %
             [Mach = 8.396068]
step:9900000; t = 6.8675e+04; dt = 6.9390e-03; 68.7 %
             [Mach = 8.392660]
step:9910000; t = 6.8745e+04; dt = 6.9390e-03; 68.7 %
             [Mach = 8.389320]
> Writing file #275 (dbl) to disk...
  [ 0.00 sec ]
step:9920000; t = 6.8814e+04; dt = 6.9390e-03; 68.8 %
             [Mach = 8.386048]
step:9930000; t = 6.8884e+04; dt = 6.9390e-03; 68.9 %
             [Mach = 8.382845]
step:9940000; t = 6.8953e+04; dt = 6.9390e-03; 69.0 %
             [Mach = 8.379710]
> Writing file #276 (dbl) to disk...
  [ 0.00 sec ]
step:9950000; t = 6.9022e+04; dt = 6.9390e-03; 69.0 %
             [Mach = 8.376643]
step:9960000; t = 6.9092e+04; dt = 6.9390e-03; 69.1 %
             [Mach = 8.373644]
step:9970000; t = 6.9161e+04; dt = 6.9390e-03; 69.2 %
             [Mach = 8.370713]
step:9980000; t = 6.9231e+04; dt = 6.9390e-03; 69.2 %
             [Mach = 8.367849]
> Writing file #277 (dbl) to disk...
  [ 0.00 sec ]
step:9990000; t = 6.9300e+04; dt = 6.9390e-03; 69.3 %
             [Mach = 8.365052]
step:10000000; t = 6.9369e+04; dt = 6.9390e-03; 69.4 %
             [Mach = 8.362322]
step:10010000; t = 6.9439e+04; dt = 6.9390e-03; 69.4 %
             [Mach = 8.359658]
> Writing file #278 (dbl) to disk...
  [ 0.00 sec ]
step:10020000; t = 6.9508e+04; dt = 6.9390e-03; 69.5 %
             [Mach = 8.357060]
step:10030000; t = 6.9577e+04; dt = 6.9390e-03; 69.6 %
             [Mach = 8.354528]
step:10040000; t = 6.9647e+04; dt = 6.9390e-03; 69.6 %
             [Mach = 8.352060]
step:10050000; t = 6.9716e+04; dt = 6.9390e-03; 69.7 %
             [Mach = 8.349657]
> Writing file #279 (dbl) to disk...
  [ 0.00 sec ]
step:10060000; t = 6.9786e+04; dt = 6.9390e-03; 69.8 %
             [Mach = 8.347318]
step:10070000; t = 6.9855e+04; dt = 6.9390e-03; 69.9 %
             [Mach = 8.345041]
step:10080000; t = 6.9924e+04; dt = 6.9390e-03; 69.9 %
             [Mach = 8.342828]
step:10090000; t = 6.9994e+04; dt = 6.9390e-03; 70.0 %
             [Mach = 8.340676]
> Writing file #280 (dbl) to disk...
  [ 0.00 sec ]
step:10100000; t = 7.0063e+04; dt = 6.9390e-03; 70.1 %
             [Mach = 8.338585]
step:10110000; t = 7.0133e+04; dt = 6.9390e-03; 70.1 %
             [Mach = 8.336555]
step:10120000; t = 7.0202e+04; dt = 6.9390e-03; 70.2 %
             [Mach = 8.334584]
> Writing file #281 (dbl) to disk...
  [ 0.00 sec ]
step:10130000; t = 7.0271e+04; dt = 6.9390e-03; 70.3 %
             [Mach = 8.332671]
step:10140000; t = 7.0341e+04; dt = 6.9390e-03; 70.3 %
             [Mach = 8.330817]
step:10150000; t = 7.0410e+04; dt = 6.9390e-03; 70.4 %
             [Mach = 8.329019]
step:10160000; t = 7.0480e+04; dt = 6.9390e-03; 70.5 %
             [Mach = 8.327278]
> Writing file #282 (dbl) to disk...
  [ 0.00 sec ]
step:10170000; t = 7.0549e+04; dt = 6.9390e-03; 70.5 %
             [Mach = 8.325592]
step:10180000; t = 7.0618e+04; dt = 6.9390e-03; 70.6 %
             [Mach = 8.323959]
step:10190000; t = 7.0688e+04; dt = 6.9390e-03; 70.7 %
             [Mach = 8.322380]
> Writing file #283 (dbl) to disk...
  [ 0.00 sec ]
step:10200000; t = 7.0757e+04; dt = 6.9390e-03; 70.8 %
             [Mach = 8.320853]
step:10210000; t = 7.0826e+04; dt = 6.9390e-03; 70.8 %
             [Mach = 8.319377]
step:10220000; t = 7.0896e+04; dt = 6.9390e-03; 70.9 %
             [Mach = 8.317952]
step:10230000; t = 7.0965e+04; dt = 6.9390e-03; 71.0 %
             [Mach = 8.316575]
> Writing file #284 (dbl) to disk...
  [ 0.00 sec ]
step:10240000; t = 7.1035e+04; dt = 6.9390e-03; 71.0 %
             [Mach = 8.315246]
step:10250000; t = 7.1104e+04; dt = 6.9390e-03; 71.1 %
             [Mach = 8.313964]
step:10260000; t = 7.1173e+04; dt = 6.9390e-03; 71.2 %
             [Mach = 8.312727]
step:10270000; t = 7.1243e+04; dt = 6.9390e-03; 71.2 %
             [Mach = 8.311536]
> Writing file #285 (dbl) to disk...
  [ 0.00 sec ]
step:10280000; t = 7.1312e+04; dt = 6.9390e-03; 71.3 %
             [Mach = 8.310388]
step:10290000; t = 7.1382e+04; dt = 6.9390e-03; 71.4 %
             [Mach = 8.309282]
step:10300000; t = 7.1451e+04; dt = 6.9390e-03; 71.5 %
             [Mach = 8.308218]
> Writing file #286 (dbl) to disk...
  [ 0.00 sec ]
step:10310000; t = 7.1520e+04; dt = 6.9390e-03; 71.5 %
             [Mach = 8.307194]
step:10320000; t = 7.1590e+04; dt = 6.9390e-03; 71.6 %
             [Mach = 8.306209]
step:10330000; t = 7.1659e+04; dt = 6.9390e-03; 71.7 %
             [Mach = 8.305262]
step:10340000; t = 7.1729e+04; dt = 6.9390e-03; 71.7 %
             [Mach = 8.304352]
> Writing file #287 (dbl) to disk...
  [ 0.00 sec ]
step:10350000; t = 7.1798e+04; dt = 6.9390e-03; 71.8 %
             [Mach = 8.303477]
step:10360000; t = 7.1867e+04; dt = 6.9390e-03; 71.9 %
             [Mach = 8.302638]
step:10370000; t = 7.1937e+04; dt = 6.9390e-03; 71.9 %
             [Mach = 8.301832]
> Writing file #288 (dbl) to disk...
  [ 0.00 sec ]
step:10380000; t = 7.2006e+04; dt = 6.9390e-03; 72.0 %
             [Mach = 8.301059]
step:10390000; t = 7.2075e+04; dt = 6.9390e-03; 72.1 %
             [Mach = 8.300317]
step:10400000; t = 7.2145e+04; dt = 6.9390e-03; 72.1 %
             [Mach = 8.299606]
step:10410000; t = 7.2214e+04; dt = 6.9390e-03; 72.2 %
             [Mach = 8.298925]
> Writing file #289 (dbl) to disk...
  [ 0.00 sec ]
step:10420000; t = 7.2284e+04; dt = 6.9390e-03; 72.3 %
             [Mach = 8.298272]
step:10430000; t = 7.2353e+04; dt = 6.9390e-03; 72.4 %
             [Mach = 8.297647]
step:10440000; t = 7.2422e+04; dt = 6.9390e-03; 72.4 %
             [Mach = 8.297048]
step:10450000; t = 7.2492e+04; dt = 6.9390e-03; 72.5 %
             [Mach = 8.296475]
> Writing file #290 (dbl) to disk...
  [ 0.00 sec ]
step:10460000; t = 7.2561e+04; dt = 6.9390e-03; 72.6 %
             [Mach = 8.295927]
step:10470000; t = 7.2631e+04; dt = 6.9390e-03; 72.6 %
             [Mach = 8.295403]
step:10480000; t = 7.2700e+04; dt = 6.9390e-03; 72.7 %
             [Mach = 8.294902]
> Writing file #291 (dbl) to disk...
  [ 0.00 sec ]
step:10490000; t = 7.2769e+04; dt = 6.9390e-03; 72.8 %
             [Mach = 8.294423]
step:10500000; t = 7.2839e+04; dt = 6.9390e-03; 72.8 %
             [Mach = 8.293966]
step:10510000; t = 7.2908e+04; dt = 6.9390e-03; 72.9 %
             [Mach = 8.293529]
step:10520000; t = 7.2978e+04; dt = 6.9390e-03; 73.0 %
             [Mach = 8.293112]
> Writing file #292 (dbl) to disk...
  [ 0.00 sec ]
step:10530000; t = 7.3047e+04; dt = 6.9390e-03; 73.0 %
             [Mach = 8.292713]
step:10540000; t = 7.3116e+04; dt = 6.9390e-03; 73.1 %
             [Mach = 8.292334]
step:10550000; t = 7.3186e+04; dt = 6.9390e-03; 73.2 %
             [Mach = 8.291971]
> Writing file #293 (dbl) to disk...
  [ 0.00 sec ]
step:10560000; t = 7.3255e+04; dt = 6.9390e-03; 73.3 %
             [Mach = 8.291625]
step:10570000; t = 7.3325e+04; dt = 6.9390e-03; 73.3 %
             [Mach = 8.291296]
step:10580000; t = 7.3394e+04; dt = 6.9390e-03; 73.4 %
             [Mach = 8.290982]
step:10590000; t = 7.3463e+04; dt = 6.9390e-03; 73.5 %
             [Mach = 8.290682]
> Writing file #294 (dbl) to disk...
  [ 0.00 sec ]
step:10600000; t = 7.3533e+04; dt = 6.9390e-03; 73.5 %
             [Mach = 8.290397]
step:10610000; t = 7.3602e+04; dt = 6.9390e-03; 73.6 %
             [Mach = 8.290125]
step:10620000; t = 7.3671e+04; dt = 6.9390e-03; 73.7 %
             [Mach = 8.289867]
step:10630000; t = 7.3741e+04; dt = 6.9390e-03; 73.7 %
             [Mach = 8.289620]
> Writing file #295 (dbl) to disk...
  [ 0.00 sec ]
step:10640000; t = 7.3810e+04; dt = 6.9390e-03; 73.8 %
             [Mach = 8.289386]
step:10650000; t = 7.3880e+04; dt = 6.9390e-03; 73.9 %
             [Mach = 8.289163]
step:10660000; t = 7.3949e+04; dt = 6.9390e-03; 73.9 %
             [Mach = 8.288951]
> Writing file #296 (dbl) to disk...
  [ 0.00 sec ]
step:10670000; t = 7.4018e+04; dt = 6.9390e-03; 74.0 %
             [Mach = 8.288749]
step:10680000; t = 7.4088e+04; dt = 6.9390e-03; 74.1 %
             [Mach = 8.288557]
step:10690000; t = 7.4157e+04; dt = 6.9390e-03; 74.2 %
             [Mach = 8.288374]
step:10700000; t = 7.4227e+04; dt = 6.9390e-03; 74.2 %
             [Mach = 8.288200]
> Writing file #297 (dbl) to disk...
  [ 0.00 sec ]
step:10710000; t = 7.4296e+04; dt = 6.9390e-03; 74.3 %
             [Mach = 8.288035]
step:10720000; t = 7.4365e+04; dt = 6.9390e-03; 74.4 %
             [Mach = 8.287878]
step:10730000; t = 7.4435e+04; dt = 6.9390e-03; 74.4 %
             [Mach = 8.287729]
> Writing file #298 (dbl) to disk...
  [ 0.00 sec ]
step:10740000; t = 7.4504e+04; dt = 6.9390e-03; 74.5 %
             [Mach = 8.287588]
step:10750000; t = 7.4574e+04; dt = 6.9390e-03; 74.6 %
             [Mach = 8.287453]
step:10760000; t = 7.4643e+04; dt = 6.9390e-03; 74.6 %
             [Mach = 8.287325]
step:10770000; t = 7.4712e+04; dt = 6.9390e-03; 74.7 %
             [Mach = 8.287204]
> Writing file #299 (dbl) to disk...
  [ 0.00 sec ]
step:10780000; t = 7.4782e+04; dt = 6.9390e-03; 74.8 %
             [Mach = 8.287088]
step:10790000; t = 7.4851e+04; dt = 6.9390e-03; 74.9 %
             [Mach = 8.286979]
step:10800000; t = 7.4920e+04; dt = 6.9390e-03; 74.9 %
             [Mach = 8.286875]
step:10810000; t = 7.4990e+04; dt = 6.9390e-03; 75.0 %
             [Mach = 8.286776]
> Writing file #300 (dbl) to disk...
  [ 0.00 sec ]
step:10820000; t = 7.5059e+04; dt = 6.9390e-03; 75.1 %
             [Mach = 8.286682]
step:10830000; t = 7.5129e+04; dt = 6.9390e-03; 75.1 %
             [Mach = 8.286593]
step:10840000; t = 7.5198e+04; dt = 6.9390e-03; 75.2 %
             [Mach = 8.286509]
> Writing file #301 (dbl) to disk...
  [ 0.00 sec ]
step:10850000; t = 7.5267e+04; dt = 6.9390e-03; 75.3 %
             [Mach = 8.286429]
step:10860000; t = 7.5337e+04; dt = 6.9390e-03; 75.3 %
             [Mach = 8.286353]
step:10870000; t = 7.5406e+04; dt = 6.9390e-03; 75.4 %
             [Mach = 8.286281]
step:10880000; t = 7.5476e+04; dt = 6.9390e-03; 75.5 %
             [Mach = 8.286212]
> Writing file #302 (dbl) to disk...
  [ 0.00 sec ]
step:10890000; t = 7.5545e+04; dt = 6.9390e-03; 75.5 %
             [Mach = 8.286147]
step:10900000; t = 7.5614e+04; dt = 6.9390e-03; 75.6 %
             [Mach = 8.286086]
step:10910000; t = 7.5684e+04; dt = 6.9390e-03; 75.7 %
             [Mach = 8.286027]
> Writing file #303 (dbl) to disk...
  [ 0.00 sec ]
step:10920000; t = 7.5753e+04; dt = 6.9390e-03; 75.8 %
             [Mach = 8.285972]
step:10930000; t = 7.5823e+04; dt = 6.9390e-03; 75.8 %
             [Mach = 8.285919]
step:10940000; t = 7.5892e+04; dt = 6.9390e-03; 75.9 %
             [Mach = 8.285869]
step:10950000; t = 7.5961e+04; dt = 6.9390e-03; 76.0 %
             [Mach = 8.285822]
> Writing file #304 (dbl) to disk...
  [ 0.00 sec ]
step:10960000; t = 7.6031e+04; dt = 6.9390e-03; 76.0 %
             [Mach = 8.285777]
step:10970000; t = 7.6100e+04; dt = 6.9390e-03; 76.1 %
             [Mach = 8.285735]
step:10980000; t = 7.6170e+04; dt = 6.9390e-03; 76.2 %
             [Mach = 8.285694]
step:10990000; t = 7.6239e+04; dt = 6.9390e-03; 76.2 %
             [Mach = 8.285656]
> Writing file #305 (dbl) to disk...
  [ 0.00 sec ]
step:11000000; t = 7.6308e+04; dt = 6.9390e-03; 76.3 %
             [Mach = 8.285620]
step:11010000; t = 7.6378e+04; dt = 6.9390e-03; 76.4 %
             [Mach = 8.285586]
step:11020000; t = 7.6447e+04; dt = 6.9390e-03; 76.4 %
             [Mach = 8.285553]
> Writing file #306 (dbl) to disk...
  [ 0.00 sec ]
step:11030000; t = 7.6516e+04; dt = 6.9390e-03; 76.5 %
             [Mach = 8.285522]
step:11040000; t = 7.6586e+04; dt = 6.9390e-03; 76.6 %
             [Mach = 8.285493]
step:11050000; t = 7.6655e+04; dt = 6.9390e-03; 76.7 %
             [Mach = 8.285465]
step:11060000; t = 7.6725e+04; dt = 6.9390e-03; 76.7 %
             [Mach = 8.285439]
> Writing file #307 (dbl) to disk...
  [ 0.00 sec ]
step:11070000; t = 7.6794e+04; dt = 6.9390e-03; 76.8 %
             [Mach = 8.285414]
step:11080000; t = 7.6863e+04; dt = 6.9390e-03; 76.9 %
             [Mach = 8.285390]
step:11090000; t = 7.6933e+04; dt = 6.9390e-03; 76.9 %
             [Mach = 8.285368]
> Writing file #308 (dbl) to disk...
  [ 0.00 sec ]
step:11100000; t = 7.7002e+04; dt = 6.9390e-03; 77.0 %
             [Mach = 8.285346]
step:11110000; t = 7.7072e+04; dt = 6.9390e-03; 77.1 %
             [Mach = 8.285326]
step:11120000; t = 7.7141e+04; dt = 6.9390e-03; 77.1 %
             [Mach = 8.285307]
step:11130000; t = 7.7210e+04; dt = 6.9390e-03; 77.2 %
             [Mach = 8.285289]
> Writing file #309 (dbl) to disk...
  [ 0.00 sec ]
step:11140000; t = 7.7280e+04; dt = 6.9390e-03; 77.3 %
             [Mach = 8.285272]
step:11150000; t = 7.7349e+04; dt = 6.9390e-03; 77.3 %
             [Mach = 8.285256]
step:11160000; t = 7.7419e+04; dt = 6.9390e-03; 77.4 %
             [Mach = 8.285240]
step:11170000; t = 7.7488e+04; dt = 6.9390e-03; 77.5 %
             [Mach = 8.285226]
> Writing file #310 (dbl) to disk...
  [ 0.00 sec ]
step:11180000; t = 7.7557e+04; dt = 6.9390e-03; 77.6 %
             [Mach = 8.285212]
step:11190000; t = 7.7627e+04; dt = 6.9390e-03; 77.6 %
             [Mach = 8.285199]
step:11200000; t = 7.7696e+04; dt = 6.9390e-03; 77.7 %
             [Mach = 8.285186]
> Writing file #311 (dbl) to disk...
  [ 0.00 sec ]
step:11210000; t = 7.7765e+04; dt = 6.9390e-03; 77.8 %
             [Mach = 8.285175]
step:11220000; t = 7.7835e+04; dt = 6.9390e-03; 77.8 %
             [Mach = 8.285163]
step:11230000; t = 7.7904e+04; dt = 6.9390e-03; 77.9 %
             [Mach = 8.285153]
step:11240000; t = 7.7974e+04; dt = 6.9390e-03; 78.0 %
             [Mach = 8.285143]
> Writing file #312 (dbl) to disk...
  [ 0.00 sec ]
step:11250000; t = 7.8043e+04; dt = 6.9390e-03; 78.0 %
             [Mach = 8.285133]
step:11260000; t = 7.8112e+04; dt = 6.9390e-03; 78.1 %
             [Mach = 8.285124]
step:11270000; t = 7.8182e+04; dt = 6.9390e-03; 78.2 %
             [Mach = 8.285116]
> Writing file #313 (dbl) to disk...
  [ 0.00 sec ]
step:11280000; t = 7.8251e+04; dt = 6.9390e-03; 78.3 %
             [Mach = 8.285108]
step:11290000; t = 7.8321e+04; dt = 6.9390e-03; 78.3 %
             [Mach = 8.285100]
step:11300000; t = 7.8390e+04; dt = 6.9390e-03; 78.4 %
             [Mach = 8.285093]
step:11310000; t = 7.8459e+04; dt = 6.9390e-03; 78.5 %
             [Mach = 8.285086]
> Writing file #314 (dbl) to disk...
  [ 0.00 sec ]
step:11320000; t = 7.8529e+04; dt = 6.9390e-03; 78.5 %
             [Mach = 8.285079]
step:11330000; t = 7.8598e+04; dt = 6.9390e-03; 78.6 %
             [Mach = 8.285073]
step:11340000; t = 7.8668e+04; dt = 6.9390e-03; 78.7 %
             [Mach = 8.285067]
step:11350000; t = 7.8737e+04; dt = 6.9390e-03; 78.7 %
             [Mach = 8.285062]
> Writing file #315 (dbl) to disk...
  [ 0.00 sec ]
step:11360000; t = 7.8806e+04; dt = 6.9390e-03; 78.8 %
             [Mach = 8.285056]
step:11370000; t = 7.8876e+04; dt = 6.9390e-03; 78.9 %
             [Mach = 8.285051]
step:11380000; t = 7.8945e+04; dt = 6.9390e-03; 78.9 %
             [Mach = 8.285047]
> Writing file #316 (dbl) to disk...
  [ 0.00 sec ]
step:11390000; t = 7.9014e+04; dt = 6.9390e-03; 79.0 %
             [Mach = 8.285042]
step:11400000; t = 7.9084e+04; dt = 6.9390e-03; 79.1 %
             [Mach = 8.285038]
step:11410000; t = 7.9153e+04; dt = 6.9390e-03; 79.2 %
             [Mach = 8.285034]
step:11420000; t = 7.9223e+04; dt = 6.9390e-03; 79.2 %
             [Mach = 8.285030]
> Writing file #317 (dbl) to disk...
  [ 0.00 sec ]
step:11430000; t = 7.9292e+04; dt = 6.9390e-03; 79.3 %
             [Mach = 8.285027]
step:11440000; t = 7.9361e+04; dt = 6.9390e-03; 79.4 %
             [Mach = 8.285023]
step:11450000; t = 7.9431e+04; dt = 6.9390e-03; 79.4 %
             [Mach = 8.285020]
> Writing file #318 (dbl) to disk...
  [ 0.00 sec ]
step:11460000; t = 7.9500e+04; dt = 6.9390e-03; 79.5 %
             [Mach = 8.285017]
step:11470000; t = 7.9570e+04; dt = 6.9390e-03; 79.6 %
             [Mach = 8.285014]
step:11480000; t = 7.9639e+04; dt = 6.9390e-03; 79.6 %
             [Mach = 8.285011]
step:11490000; t = 7.9708e+04; dt = 6.9390e-03; 79.7 %
             [Mach = 8.285009]
> Writing file #319 (dbl) to disk...
  [ 0.00 sec ]
step:11500000; t = 7.9778e+04; dt = 6.9390e-03; 79.8 %
             [Mach = 8.285006]
step:11510000; t = 7.9847e+04; dt = 6.9390e-03; 79.8 %
             [Mach = 8.285004]
step:11520000; t = 7.9917e+04; dt = 6.9390e-03; 79.9 %
             [Mach = 8.285001]
step:11530000; t = 7.9986e+04; dt = 6.9390e-03; 80.0 %
             [Mach = 8.284999]
> Writing file #320 (dbl) to disk...
  [ 0.00 sec ]
step:11540000; t = 8.0055e+04; dt = 6.9390e-03; 80.1 %
             [Mach = 8.284997]
step:11550000; t = 8.0125e+04; dt = 6.9390e-03; 80.1 %
             [Mach = 8.284995]
step:11560000; t = 8.0194e+04; dt = 6.9390e-03; 80.2 %
             [Mach = 8.284994]
> Writing file #321 (dbl) to disk...
  [ 0.00 sec ]
step:11570000; t = 8.0264e+04; dt = 6.9390e-03; 80.3 %
             [Mach = 8.284992]
step:11580000; t = 8.0333e+04; dt = 6.9390e-03; 80.3 %
             [Mach = 8.284990]
step:11590000; t = 8.0402e+04; dt = 6.9390e-03; 80.4 %
             [Mach = 8.284989]
step:11600000; t = 8.0472e+04; dt = 6.9390e-03; 80.5 %
             [Mach = 8.284987]
> Writing file #322 (dbl) to disk...
  [ 0.00 sec ]
step:11610000; t = 8.0541e+04; dt = 6.9390e-03; 80.5 %
             [Mach = 8.284986]
step:11620000; t = 8.0610e+04; dt = 6.9390e-03; 80.6 %
             [Mach = 8.284985]
step:11630000; t = 8.0680e+04; dt = 6.9390e-03; 80.7 %
             [Mach = 8.284983]
step:11640000; t = 8.0749e+04; dt = 6.9390e-03; 80.7 %
             [Mach = 8.284982]
> Writing file #323 (dbl) to disk...
  [ 0.00 sec ]
step:11650000; t = 8.0819e+04; dt = 6.9390e-03; 80.8 %
             [Mach = 8.284981]
step:11660000; t = 8.0888e+04; dt = 6.9390e-03; 80.9 %
             [Mach = 8.284980]
step:11670000; t = 8.0957e+04; dt = 6.9390e-03; 81.0 %
             [Mach = 8.284979]
> Writing file #324 (dbl) to disk...
  [ 0.00 sec ]
step:11680000; t = 8.1027e+04; dt = 6.9390e-03; 81.0 %
             [Mach = 8.284978]
step:11690000; t = 8.1096e+04; dt = 6.9390e-03; 81.1 %
             [Mach = 8.284977]
step:11700000; t = 8.1166e+04; dt = 6.9390e-03; 81.2 %
             [Mach = 8.284976]
step:11710000; t = 8.1235e+04; dt = 6.9390e-03; 81.2 %
             [Mach = 8.284976]
> Writing file #325 (dbl) to disk...
  [ 0.00 sec ]
step:11720000; t = 8.1304e+04; dt = 6.9390e-03; 81.3 %
             [Mach = 8.284975]
step:11730000; t = 8.1374e+04; dt = 6.9390e-03; 81.4 %
             [Mach = 8.284974]
step:11740000; t = 8.1443e+04; dt = 6.9390e-03; 81.4 %
             [Mach = 8.284974]
> Writing file #326 (dbl) to disk...
  [ 0.00 sec ]
step:11750000; t = 8.1513e+04; dt = 6.9390e-03; 81.5 %
             [Mach = 8.284973]
step:11760000; t = 8.1582e+04; dt = 6.9390e-03; 81.6 %
             [Mach = 8.284972]
step:11770000; t = 8.1651e+04; dt = 6.9390e-03; 81.7 %
             [Mach = 8.284972]
step:11780000; t = 8.1721e+04; dt = 6.9390e-03; 81.7 %
             [Mach = 8.284971]
> Writing file #327 (dbl) to disk...
  [ 0.00 sec ]
step:11790000; t = 8.1790e+04; dt = 6.9390e-03; 81.8 %
             [Mach = 8.284971]
step:11800000; t = 8.1859e+04; dt = 6.9390e-03; 81.9 %
             [Mach = 8.284970]
step:11810000; t = 8.1929e+04; dt = 6.9390e-03; 81.9 %
             [Mach = 8.284970]
step:11820000; t = 8.1998e+04; dt = 6.9390e-03; 82.0 %
             [Mach = 8.284969]
> Writing file #328 (dbl) to disk...
  [ 0.00 sec ]
step:11830000; t = 8.2068e+04; dt = 6.9390e-03; 82.1 %
             [Mach = 8.284969]
step:11840000; t = 8.2137e+04; dt = 6.9390e-03; 82.1 %
             [Mach = 8.284968]
step:11850000; t = 8.2206e+04; dt = 6.9390e-03; 82.2 %
             [Mach = 8.284968]
> Writing file #329 (dbl) to disk...
  [ 0.00 sec ]
step:11860000; t = 8.2276e+04; dt = 6.9390e-03; 82.3 %
             [Mach = 8.284968]
step:11870000; t = 8.2345e+04; dt = 6.9390e-03; 82.3 %
             [Mach = 8.284967]
step:11880000; t = 8.2415e+04; dt = 6.9390e-03; 82.4 %
             [Mach = 8.284967]
step:11890000; t = 8.2484e+04; dt = 6.9390e-03; 82.5 %
             [Mach = 8.284967]
> Writing file #330 (dbl) to disk...
  [ 0.00 sec ]
step:11900000; t = 8.2553e+04; dt = 6.9390e-03; 82.6 %
             [Mach = 8.284966]
step:11910000; t = 8.2623e+04; dt = 6.9390e-03; 82.6 %
             [Mach = 8.284966]
step:11920000; t = 8.2692e+04; dt = 6.9390e-03; 82.7 %
             [Mach = 8.284966]
> Writing file #331 (dbl) to disk...
  [ 0.00 sec ]
step:11930000; t = 8.2762e+04; dt = 6.9390e-03; 82.8 %
             [Mach = 8.284966]
step:11940000; t = 8.2831e+04; dt = 6.9390e-03; 82.8 %
             [Mach = 8.284965]
step:11950000; t = 8.2900e+04; dt = 6.9390e-03; 82.9 %
             [Mach = 8.284965]
step:11960000; t = 8.2970e+04; dt = 6.9390e-03; 83.0 %
             [Mach = 8.284965]
> Writing file #332 (dbl) to disk...
  [ 0.00 sec ]
step:11970000; t = 8.3039e+04; dt = 6.9390e-03; 83.0 %
             [Mach = 8.284965]
step:11980000; t = 8.3109e+04; dt = 6.9390e-03; 83.1 %
             [Mach = 8.284965]
step:11990000; t = 8.3178e+04; dt = 6.9390e-03; 83.2 %
             [Mach = 8.284964]
step:12000000; t = 8.3247e+04; dt = 6.9390e-03; 83.2 %
             [Mach = 8.284964]
> Writing file #333 (dbl) to disk...
  [ 0.00 sec ]
step:12010000; t = 8.3317e+04; dt = 6.9390e-03; 83.3 %
             [Mach = 8.284964]
step:12020000; t = 8.3386e+04; dt = 6.9390e-03; 83.4 %
             [Mach = 8.284964]
step:12030000; t = 8.3455e+04; dt = 6.9390e-03; 83.5 %
             [Mach = 8.284964]
> Writing file #334 (dbl) to disk...
  [ 0.00 sec ]
step:12040000; t = 8.3525e+04; dt = 6.9390e-03; 83.5 %
             [Mach = 8.284964]
step:12050000; t = 8.3594e+04; dt = 6.9390e-03; 83.6 %
             [Mach = 8.284964]
step:12060000; t = 8.3664e+04; dt = 6.9390e-03; 83.7 %
             [Mach = 8.284963]
step:12070000; t = 8.3733e+04; dt = 6.9390e-03; 83.7 %
             [Mach = 8.284963]
> Writing file #335 (dbl) to disk...
  [ 0.00 sec ]
step:12080000; t = 8.3802e+04; dt = 6.9390e-03; 83.8 %
             [Mach = 8.284963]
step:12090000; t = 8.3872e+04; dt = 6.9390e-03; 83.9 %
             [Mach = 8.284963]
step:12100000; t = 8.3941e+04; dt = 6.9390e-03; 83.9 %
             [Mach = 8.284963]
> Writing file #336 (dbl) to disk...
  [ 0.00 sec ]
step:12110000; t = 8.4011e+04; dt = 6.9390e-03; 84.0 %
             [Mach = 8.284963]
step:12120000; t = 8.4080e+04; dt = 6.9390e-03; 84.1 %
             [Mach = 8.284963]
step:12130000; t = 8.4149e+04; dt = 6.9390e-03; 84.1 %
             [Mach = 8.284963]
step:12140000; t = 8.4219e+04; dt = 6.9390e-03; 84.2 %
             [Mach = 8.284963]
> Writing file #337 (dbl) to disk...
  [ 0.00 sec ]
step:12150000; t = 8.4288e+04; dt = 6.9390e-03; 84.3 %
             [Mach = 8.284963]
step:12160000; t = 8.4358e+04; dt = 6.9390e-03; 84.4 %
             [Mach = 8.284962]
step:12170000; t = 8.4427e+04; dt = 6.9390e-03; 84.4 %
             [Mach = 8.284962]
step:12180000; t = 8.4496e+04; dt = 6.9390e-03; 84.5 %
             [Mach = 8.284962]
> Writing file #338 (dbl) to disk...
  [ 0.00 sec ]
step:12190000; t = 8.4566e+04; dt = 6.9390e-03; 84.6 %
             [Mach = 8.284962]
step:12200000; t = 8.4635e+04; dt = 6.9390e-03; 84.6 %
             [Mach = 8.284962]
step:12210000; t = 8.4704e+04; dt = 6.9390e-03; 84.7 %
             [Mach = 8.284962]
> Writing file #339 (dbl) to disk...
  [ 0.00 sec ]
step:12220000; t = 8.4774e+04; dt = 6.9390e-03; 84.8 %
             [Mach = 8.284962]
step:12230000; t = 8.4843e+04; dt = 6.9390e-03; 84.8 %
             [Mach = 8.284962]
step:12240000; t = 8.4913e+04; dt = 6.9390e-03; 84.9 %
             [Mach = 8.284962]
step:12250000; t = 8.4982e+04; dt = 6.9390e-03; 85.0 %
             [Mach = 8.284962]
> Writing file #340 (dbl) to disk...
  [ 0.00 sec ]
step:12260000; t = 8.5051e+04; dt = 6.9390e-03; 85.1 %
             [Mach = 8.284962]
step:12270000; t = 8.5121e+04; dt = 6.9390e-03; 85.1 %
             [Mach = 8.284962]
step:12280000; t = 8.5190e+04; dt = 6.9390e-03; 85.2 %
             [Mach = 8.284962]
> Writing file #341 (dbl) to disk...
  [ 0.00 sec ]
step:12290000; t = 8.5260e+04; dt = 6.9390e-03; 85.3 %
             [Mach = 8.284962]
step:12300000; t = 8.5329e+04; dt = 6.9390e-03; 85.3 %
             [Mach = 8.284962]
step:12310000; t = 8.5398e+04; dt = 6.9390e-03; 85.4 %
             [Mach = 8.284962]
step:12320000; t = 8.5468e+04; dt = 6.9390e-03; 85.5 %
             [Mach = 8.284962]
> Writing file #342 (dbl) to disk...
  [ 0.00 sec ]
step:12330000; t = 8.5537e+04; dt = 6.9390e-03; 85.5 %
             [Mach = 8.284962]
step:12340000; t = 8.5607e+04; dt = 6.9390e-03; 85.6 %
             [Mach = 8.284962]
step:12350000; t = 8.5676e+04; dt = 6.9390e-03; 85.7 %
             [Mach = 8.284962]
step:12360000; t = 8.5745e+04; dt = 6.9390e-03; 85.7 %
             [Mach = 8.284962]
> Writing file #343 (dbl) to disk...
  [ 0.00 sec ]
step:12370000; t = 8.5815e+04; dt = 6.9390e-03; 85.8 %
             [Mach = 8.284962]
step:12380000; t = 8.5884e+04; dt = 6.9390e-03; 85.9 %
             [Mach = 8.284962]
step:12390000; t = 8.5953e+04; dt = 6.9390e-03; 86.0 %
             [Mach = 8.284962]
> Writing file #344 (dbl) to disk...
  [ 0.00 sec ]
step:12400000; t = 8.6023e+04; dt = 6.9390e-03; 86.0 %
             [Mach = 8.284962]
step:12410000; t = 8.6092e+04; dt = 6.9390e-03; 86.1 %
             [Mach = 8.284962]
step:12420000; t = 8.6162e+04; dt = 6.9390e-03; 86.2 %
             [Mach = 8.284961]
step:12430000; t = 8.6231e+04; dt = 6.9390e-03; 86.2 %
             [Mach = 8.284961]
> Writing file #345 (dbl) to disk...
  [ 0.00 sec ]
step:12440000; t = 8.6300e+04; dt = 6.9390e-03; 86.3 %
             [Mach = 8.284961]
step:12450000; t = 8.6370e+04; dt = 6.9390e-03; 86.4 %
             [Mach = 8.284961]
step:12460000; t = 8.6439e+04; dt = 6.9390e-03; 86.4 %
             [Mach = 8.284961]
> Writing file #346 (dbl) to disk...
  [ 0.00 sec ]
step:12470000; t = 8.6509e+04; dt = 6.9390e-03; 86.5 %
             [Mach = 8.284961]
step:12480000; t = 8.6578e+04; dt = 6.9390e-03; 86.6 %
             [Mach = 8.284961]
step:12490000; t = 8.6647e+04; dt = 6.9390e-03; 86.6 %
             [Mach = 8.284961]
step:12500000; t = 8.6717e+04; dt = 6.9390e-03; 86.7 %
             [Mach = 8.284961]
> Writing file #347 (dbl) to disk...
  [ 0.00 sec ]
step:12510000; t = 8.6786e+04; dt = 6.9390e-03; 86.8 %
             [Mach = 8.284961]
step:12520000; t = 8.6856e+04; dt = 6.9390e-03; 86.9 %
             [Mach = 8.284961]
step:12530000; t = 8.6925e+04; dt = 6.9390e-03; 86.9 %
             [Mach = 8.284961]
step:12540000; t = 8.6994e+04; dt = 6.9390e-03; 87.0 %
             [Mach = 8.284961]
> Writing file #348 (dbl) to disk...
  [ 0.00 sec ]
step:12550000; t = 8.7064e+04; dt = 6.9390e-03; 87.1 %
             [Mach = 8.284961]
step:12560000; t = 8.7133e+04; dt = 6.9390e-03; 87.1 %
             [Mach = 8.284961]
step:12570000; t = 8.7203e+04; dt = 6.9390e-03; 87.2 %
             [Mach = 8.284961]
> Writing file #349 (dbl) to disk...
  [ 0.00 sec ]
step:12580000; t = 8.7272e+04; dt = 6.9390e-03; 87.3 %
             [Mach = 8.284961]
step:12590000; t = 8.7341e+04; dt = 6.9390e-03; 87.3 %
             [Mach = 8.284961]
step:12600000; t = 8.7411e+04; dt = 6.9390e-03; 87.4 %
             [Mach = 8.284961]
step:12610000; t = 8.7480e+04; dt = 6.9390e-03; 87.5 %
             [Mach = 8.284961]
> Writing file #350 (dbl) to disk...
  [ 0.00 sec ]
step:12620000; t = 8.7549e+04; dt = 6.9390e-03; 87.5 %
             [Mach = 8.284961]
step:12630000; t = 8.7619e+04; dt = 6.9390e-03; 87.6 %
             [Mach = 8.284961]
step:12640000; t = 8.7688e+04; dt = 6.9390e-03; 87.7 %
             [Mach = 8.284961]
> Writing file #351 (dbl) to disk...
  [ 0.00 sec ]
step:12650000; t = 8.7758e+04; dt = 6.9390e-03; 87.8 %
             [Mach = 8.284961]
step:12660000; t = 8.7827e+04; dt = 6.9390e-03; 87.8 %
             [Mach = 8.284961]
step:12670000; t = 8.7896e+04; dt = 6.9390e-03; 87.9 %
             [Mach = 8.284961]
step:12680000; t = 8.7966e+04; dt = 6.9390e-03; 88.0 %
             [Mach = 8.284961]
> Writing file #352 (dbl) to disk...
  [ 0.00 sec ]
step:12690000; t = 8.8035e+04; dt = 6.9390e-03; 88.0 %
             [Mach = 8.284961]
step:12700000; t = 8.8105e+04; dt = 6.9390e-03; 88.1 %
             [Mach = 8.284961]
step:12710000; t = 8.8174e+04; dt = 6.9390e-03; 88.2 %
             [Mach = 8.284961]
step:12720000; t = 8.8243e+04; dt = 6.9390e-03; 88.2 %
             [Mach = 8.284961]
> Writing file #353 (dbl) to disk...
  [ 0.00 sec ]
step:12730000; t = 8.8313e+04; dt = 6.9390e-03; 88.3 %
             [Mach = 8.284961]
step:12740000; t = 8.8382e+04; dt = 6.9390e-03; 88.4 %
             [Mach = 8.284961]
step:12750000; t = 8.8452e+04; dt = 6.9390e-03; 88.5 %
             [Mach = 8.284961]
> Writing file #354 (dbl) to disk...
  [ 0.00 sec ]
step:12760000; t = 8.8521e+04; dt = 6.9390e-03; 88.5 %
             [Mach = 8.284961]
step:12770000; t = 8.8590e+04; dt = 6.9390e-03; 88.6 %
             [Mach = 8.284961]
step:12780000; t = 8.8660e+04; dt = 6.9390e-03; 88.7 %
             [Mach = 8.284961]
step:12790000; t = 8.8729e+04; dt = 6.9390e-03; 88.7 %
             [Mach = 8.284961]
> Writing file #355 (dbl) to disk...
  [ 0.00 sec ]
step:12800000; t = 8.8798e+04; dt = 6.9390e-03; 88.8 %
             [Mach = 8.284961]
step:12810000; t = 8.8868e+04; dt = 6.9390e-03; 88.9 %
             [Mach = 8.284961]
step:12820000; t = 8.8937e+04; dt = 6.9390e-03; 88.9 %
             [Mach = 8.284961]
> Writing file #356 (dbl) to disk...
  [ 0.00 sec ]
step:12830000; t = 8.9007e+04; dt = 6.9390e-03; 89.0 %
             [Mach = 8.284961]
step:12840000; t = 8.9076e+04; dt = 6.9390e-03; 89.1 %
             [Mach = 8.284961]
step:12850000; t = 8.9145e+04; dt = 6.9390e-03; 89.1 %
             [Mach = 8.284961]
step:12860000; t = 8.9215e+04; dt = 6.9390e-03; 89.2 %
             [Mach = 8.284961]
> Writing file #357 (dbl) to disk...
  [ 0.00 sec ]
step:12870000; t = 8.9284e+04; dt = 6.9390e-03; 89.3 %
             [Mach = 8.284961]
step:12880000; t = 8.9354e+04; dt = 6.9390e-03; 89.4 %
             [Mach = 8.284961]
step:12890000; t = 8.9423e+04; dt = 6.9390e-03; 89.4 %
             [Mach = 8.284961]
step:12900000; t = 8.9492e+04; dt = 6.9390e-03; 89.5 %
             [Mach = 8.284961]
> Writing file #358 (dbl) to disk...
  [ 0.00 sec ]
step:12910000; t = 8.9562e+04; dt = 6.9390e-03; 89.6 %
             [Mach = 8.284961]
step:12920000; t = 8.9631e+04; dt = 6.9390e-03; 89.6 %
             [Mach = 8.284961]
step:12930000; t = 8.9701e+04; dt = 6.9390e-03; 89.7 %
             [Mach = 8.284961]
> Writing file #359 (dbl) to disk...
  [ 0.00 sec ]
step:12940000; t = 8.9770e+04; dt = 6.9390e-03; 89.8 %
             [Mach = 8.284961]
step:12950000; t = 8.9839e+04; dt = 6.9390e-03; 89.8 %
             [Mach = 8.284961]
step:12960000; t = 8.9909e+04; dt = 6.9390e-03; 89.9 %
             [Mach = 8.284961]
step:12970000; t = 8.9978e+04; dt = 6.9390e-03; 90.0 %
             [Mach = 8.284961]
> Writing file #360 (dbl) to disk...
  [ 0.00 sec ]
step:12980000; t = 9.0048e+04; dt = 6.9390e-03; 90.0 %
             [Mach = 8.284961]
step:12990000; t = 9.0117e+04; dt = 6.9390e-03; 90.1 %
             [Mach = 8.284961]
step:13000000; t = 9.0186e+04; dt = 6.9390e-03; 90.2 %
             [Mach = 8.284961]
> Writing file #361 (dbl) to disk...
  [ 0.00 sec ]
step:13010000; t = 9.0256e+04; dt = 6.9390e-03; 90.3 %
             [Mach = 8.284961]
step:13020000; t = 9.0325e+04; dt = 6.9390e-03; 90.3 %
             [Mach = 8.284961]
step:13030000; t = 9.0394e+04; dt = 6.9390e-03; 90.4 %
             [Mach = 8.284961]
step:13040000; t = 9.0464e+04; dt = 6.9390e-03; 90.5 %
             [Mach = 8.284961]
> Writing file #362 (dbl) to disk...
  [ 0.00 sec ]
step:13050000; t = 9.0533e+04; dt = 6.9390e-03; 90.5 %
             [Mach = 8.284961]
step:13060000; t = 9.0603e+04; dt = 6.9390e-03; 90.6 %
             [Mach = 8.284961]
step:13070000; t = 9.0672e+04; dt = 6.9390e-03; 90.7 %
             [Mach = 8.284961]
step:13080000; t = 9.0741e+04; dt = 6.9390e-03; 90.7 %
             [Mach = 8.284961]
> Writing file #363 (dbl) to disk...
  [ 0.00 sec ]
step:13090000; t = 9.0811e+04; dt = 6.9390e-03; 90.8 %
             [Mach = 8.284961]
step:13100000; t = 9.0880e+04; dt = 6.9390e-03; 90.9 %
             [Mach = 8.284961]
step:13110000; t = 9.0950e+04; dt = 6.9390e-03; 90.9 %
             [Mach = 8.284961]
> Writing file #364 (dbl) to disk...
  [ 0.00 sec ]
step:13120000; t = 9.1019e+04; dt = 6.9390e-03; 91.0 %
             [Mach = 8.284961]
step:13130000; t = 9.1088e+04; dt = 6.9390e-03; 91.1 %
             [Mach = 8.284961]
step:13140000; t = 9.1158e+04; dt = 6.9390e-03; 91.2 %
             [Mach = 8.284961]
step:13150000; t = 9.1227e+04; dt = 6.9390e-03; 91.2 %
             [Mach = 8.284961]
> Writing file #365 (dbl) to disk...
  [ 0.00 sec ]
step:13160000; t = 9.1297e+04; dt = 6.9390e-03; 91.3 %
             [Mach = 8.284961]
step:13170000; t = 9.1366e+04; dt = 6.9390e-03; 91.4 %
             [Mach = 8.284961]
step:13180000; t = 9.1435e+04; dt = 6.9390e-03; 91.4 %
             [Mach = 8.284961]
> Writing file #366 (dbl) to disk...
  [ 0.00 sec ]
step:13190000; t = 9.1505e+04; dt = 6.9390e-03; 91.5 %
             [Mach = 8.284961]
step:13200000; t = 9.1574e+04; dt = 6.9390e-03; 91.6 %
             [Mach = 8.284961]
step:13210000; t = 9.1643e+04; dt = 6.9390e-03; 91.6 %
             [Mach = 8.284961]
step:13220000; t = 9.1713e+04; dt = 6.9390e-03; 91.7 %
             [Mach = 8.284961]
> Writing file #367 (dbl) to disk...
  [ 0.00 sec ]
step:13230000; t = 9.1782e+04; dt = 6.9390e-03; 91.8 %
             [Mach = 8.284961]
step:13240000; t = 9.1852e+04; dt = 6.9390e-03; 91.9 %
             [Mach = 8.284961]
step:13250000; t = 9.1921e+04; dt = 6.9390e-03; 91.9 %
             [Mach = 8.284961]
step:13260000; t = 9.1990e+04; dt = 6.9390e-03; 92.0 %
             [Mach = 8.284961]
> Writing file #368 (dbl) to disk...
  [ 0.00 sec ]
step:13270000; t = 9.2060e+04; dt = 6.9390e-03; 92.1 %
             [Mach = 8.284961]
step:13280000; t = 9.2129e+04; dt = 6.9390e-03; 92.1 %
             [Mach = 8.284961]
step:13290000; t = 9.2199e+04; dt = 6.9390e-03; 92.2 %
             [Mach = 8.284961]
> Writing file #369 (dbl) to disk...
  [ 0.00 sec ]
step:13300000; t = 9.2268e+04; dt = 6.9390e-03; 92.3 %
             [Mach = 8.284961]
step:13310000; t = 9.2337e+04; dt = 6.9390e-03; 92.3 %
             [Mach = 8.284961]
step:13320000; t = 9.2407e+04; dt = 6.9390e-03; 92.4 %
             [Mach = 8.284961]
step:13330000; t = 9.2476e+04; dt = 6.9390e-03; 92.5 %
             [Mach = 8.284961]
> Writing file #370 (dbl) to disk...
  [ 0.00 sec ]
step:13340000; t = 9.2546e+04; dt = 6.9390e-03; 92.5 %
             [Mach = 8.284961]
step:13350000; t = 9.2615e+04; dt = 6.9390e-03; 92.6 %
             [Mach = 8.284961]
step:13360000; t = 9.2684e+04; dt = 6.9390e-03; 92.7 %
             [Mach = 8.284961]
> Writing file #371 (dbl) to disk...
  [ 0.00 sec ]
step:13370000; t = 9.2754e+04; dt = 6.9390e-03; 92.8 %
             [Mach = 8.284961]
step:13380000; t = 9.2823e+04; dt = 6.9390e-03; 92.8 %
             [Mach = 8.284961]
step:13390000; t = 9.2892e+04; dt = 6.9390e-03; 92.9 %
             [Mach = 8.284961]
step:13400000; t = 9.2962e+04; dt = 6.9390e-03; 93.0 %
             [Mach = 8.284961]
> Writing file #372 (dbl) to disk...
  [ 1.00 sec ]
step:13410000; t = 9.3031e+04; dt = 6.9390e-03; 93.0 %
             [Mach = 8.284961]
step:13420000; t = 9.3101e+04; dt = 6.9390e-03; 93.1 %
             [Mach = 8.284961]
step:13430000; t = 9.3170e+04; dt = 6.9390e-03; 93.2 %
             [Mach = 8.284961]
step:13440000; t = 9.3239e+04; dt = 6.9390e-03; 93.2 %
             [Mach = 8.284961]
> Writing file #373 (dbl) to disk...
  [ 0.00 sec ]
step:13450000; t = 9.3309e+04; dt = 6.9390e-03; 93.3 %
             [Mach = 8.284961]
step:13460000; t = 9.3378e+04; dt = 6.9390e-03; 93.4 %
             [Mach = 8.284961]
step:13470000; t = 9.3448e+04; dt = 6.9390e-03; 93.4 %
             [Mach = 8.284961]
> Writing file #374 (dbl) to disk...
  [ 0.00 sec ]
step:13480000; t = 9.3517e+04; dt = 6.9390e-03; 93.5 %
             [Mach = 8.284961]
step:13490000; t = 9.3586e+04; dt = 6.9390e-03; 93.6 %
             [Mach = 8.284961]
step:13500000; t = 9.3656e+04; dt = 6.9390e-03; 93.7 %
             [Mach = 8.284961]
step:13510000; t = 9.3725e+04; dt = 6.9390e-03; 93.7 %
             [Mach = 8.284961]
> Writing file #375 (dbl) to disk...
  [ 0.00 sec ]
step:13520000; t = 9.3795e+04; dt = 6.9390e-03; 93.8 %
             [Mach = 8.284961]
step:13530000; t = 9.3864e+04; dt = 6.9390e-03; 93.9 %
             [Mach = 8.284961]
step:13540000; t = 9.3933e+04; dt = 6.9390e-03; 93.9 %
             [Mach = 8.284961]
> Writing file #376 (dbl) to disk...
  [ 0.00 sec ]
step:13550000; t = 9.4003e+04; dt = 6.9390e-03; 94.0 %
             [Mach = 8.284961]
step:13560000; t = 9.4072e+04; dt = 6.9390e-03; 94.1 %
             [Mach = 8.284961]
step:13570000; t = 9.4142e+04; dt = 6.9390e-03; 94.1 %
             [Mach = 8.284961]
step:13580000; t = 9.4211e+04; dt = 6.9390e-03; 94.2 %
             [Mach = 8.284961]
> Writing file #377 (dbl) to disk...
  [ 0.00 sec ]
step:13590000; t = 9.4280e+04; dt = 6.9390e-03; 94.3 %
             [Mach = 8.284961]
step:13600000; t = 9.4350e+04; dt = 6.9390e-03; 94.3 %
             [Mach = 8.284961]
step:13610000; t = 9.4419e+04; dt = 6.9390e-03; 94.4 %
             [Mach = 8.284961]
step:13620000; t = 9.4488e+04; dt = 6.9390e-03; 94.5 %
             [Mach = 8.284961]
> Writing file #378 (dbl) to disk...
  [ 0.00 sec ]
step:13630000; t = 9.4558e+04; dt = 6.9390e-03; 94.6 %
             [Mach = 8.284961]
step:13640000; t = 9.4627e+04; dt = 6.9390e-03; 94.6 %
             [Mach = 8.284961]
step:13650000; t = 9.4697e+04; dt = 6.9390e-03; 94.7 %
             [Mach = 8.284961]
> Writing file #379 (dbl) to disk...
  [ 0.00 sec ]
step:13660000; t = 9.4766e+04; dt = 6.9390e-03; 94.8 %
             [Mach = 8.284961]
step:13670000; t = 9.4835e+04; dt = 6.9390e-03; 94.8 %
             [Mach = 8.284961]
step:13680000; t = 9.4905e+04; dt = 6.9390e-03; 94.9 %
             [Mach = 8.284961]
step:13690000; t = 9.4974e+04; dt = 6.9390e-03; 95.0 %
             [Mach = 8.284961]
> Writing file #380 (dbl) to disk...
  [ 0.00 sec ]
step:13700000; t = 9.5044e+04; dt = 6.9390e-03; 95.0 %
             [Mach = 8.284961]
step:13710000; t = 9.5113e+04; dt = 6.9390e-03; 95.1 %
             [Mach = 8.284961]
step:13720000; t = 9.5182e+04; dt = 6.9390e-03; 95.2 %
             [Mach = 8.284961]
> Writing file #381 (dbl) to disk...
  [ 0.00 sec ]
step:13730000; t = 9.5252e+04; dt = 6.9390e-03; 95.3 %
             [Mach = 8.284961]
step:13740000; t = 9.5321e+04; dt = 6.9390e-03; 95.3 %
             [Mach = 8.284961]
step:13750000; t = 9.5391e+04; dt = 6.9390e-03; 95.4 %
             [Mach = 8.284961]
step:13760000; t = 9.5460e+04; dt = 6.9390e-03; 95.5 %
             [Mach = 8.284961]
> Writing file #382 (dbl) to disk...
  [ 0.00 sec ]
step:13770000; t = 9.5529e+04; dt = 6.9390e-03; 95.5 %
             [Mach = 8.284961]
step:13780000; t = 9.5599e+04; dt = 6.9390e-03; 95.6 %
             [Mach = 8.284961]
step:13790000; t = 9.5668e+04; dt = 6.9390e-03; 95.7 %
             [Mach = 8.284961]
step:13800000; t = 9.5737e+04; dt = 6.9390e-03; 95.7 %
             [Mach = 8.284961]
> Writing file #383 (dbl) to disk...
  [ 0.00 sec ]
step:13810000; t = 9.5807e+04; dt = 6.9390e-03; 95.8 %
             [Mach = 8.284961]
step:13820000; t = 9.5876e+04; dt = 6.9390e-03; 95.9 %
             [Mach = 8.284961]
step:13830000; t = 9.5946e+04; dt = 6.9390e-03; 95.9 %
             [Mach = 8.284961]
> Writing file #384 (dbl) to disk...
  [ 0.00 sec ]
step:13840000; t = 9.6015e+04; dt = 6.9390e-03; 96.0 %
             [Mach = 8.284961]
step:13850000; t = 9.6084e+04; dt = 6.9390e-03; 96.1 %
             [Mach = 8.284961]
step:13860000; t = 9.6154e+04; dt = 6.9390e-03; 96.2 %
             [Mach = 8.284961]
step:13870000; t = 9.6223e+04; dt = 6.9390e-03; 96.2 %
             [Mach = 8.284961]
> Writing file #385 (dbl) to disk...
  [ 0.00 sec ]
step:13880000; t = 9.6293e+04; dt = 6.9390e-03; 96.3 %
             [Mach = 8.284961]
step:13890000; t = 9.6362e+04; dt = 6.9390e-03; 96.4 %
             [Mach = 8.284961]
step:13900000; t = 9.6431e+04; dt = 6.9390e-03; 96.4 %
             [Mach = 8.284961]
> Writing file #386 (dbl) to disk...
  [ 0.00 sec ]
step:13910000; t = 9.6501e+04; dt = 6.9390e-03; 96.5 %
             [Mach = 8.284961]
step:13920000; t = 9.6570e+04; dt = 6.9390e-03; 96.6 %
             [Mach = 8.284961]
step:13930000; t = 9.6640e+04; dt = 6.9390e-03; 96.6 %
             [Mach = 8.284961]
step:13940000; t = 9.6709e+04; dt = 6.9390e-03; 96.7 %
             [Mach = 8.284961]
> Writing file #387 (dbl) to disk...
  [ 0.00 sec ]
step:13950000; t = 9.6778e+04; dt = 6.9390e-03; 96.8 %
             [Mach = 8.284961]
step:13960000; t = 9.6848e+04; dt = 6.9390e-03; 96.8 %
             [Mach = 8.284961]
step:13970000; t = 9.6917e+04; dt = 6.9390e-03; 96.9 %
             [Mach = 8.284961]
step:13980000; t = 9.6987e+04; dt = 6.9390e-03; 97.0 %
             [Mach = 8.284961]
> Writing file #388 (dbl) to disk...
  [ 0.00 sec ]
step:13990000; t = 9.7056e+04; dt = 6.9390e-03; 97.1 %
             [Mach = 8.284961]
step:14000000; t = 9.7125e+04; dt = 6.9390e-03; 97.1 %
             [Mach = 8.284961]
step:14010000; t = 9.7195e+04; dt = 6.9390e-03; 97.2 %
             [Mach = 8.284961]
> Writing file #389 (dbl) to disk...
  [ 0.00 sec ]
step:14020000; t = 9.7264e+04; dt = 6.9390e-03; 97.3 %
             [Mach = 8.284961]
step:14030000; t = 9.7333e+04; dt = 6.9390e-03; 97.3 %
             [Mach = 8.284961]
step:14040000; t = 9.7403e+04; dt = 6.9390e-03; 97.4 %
             [Mach = 8.284961]
step:14050000; t = 9.7472e+04; dt = 6.9390e-03; 97.5 %
             [Mach = 8.284961]
> Writing file #390 (dbl) to disk...
  [ 0.00 sec ]
step:14060000; t = 9.7542e+04; dt = 6.9390e-03; 97.5 %
             [Mach = 8.284961]
step:14070000; t = 9.7611e+04; dt = 6.9390e-03; 97.6 %
             [Mach = 8.284961]
step:14080000; t = 9.7680e+04; dt = 6.9390e-03; 97.7 %
             [Mach = 8.284961]
step:14090000; t = 9.7750e+04; dt = 6.9390e-03; 97.7 %
             [Mach = 8.284961]
> Writing file #391 (dbl) to disk...
  [ 0.00 sec ]
step:14100000; t = 9.7819e+04; dt = 6.9390e-03; 97.8 %
             [Mach = 8.284961]
step:14110000; t = 9.7889e+04; dt = 6.9390e-03; 97.9 %
             [Mach = 8.284961]
step:14120000; t = 9.7958e+04; dt = 6.9390e-03; 98.0 %
             [Mach = 8.284961]
> Writing file #392 (dbl) to disk...
  [ 0.00 sec ]
step:14130000; t = 9.8027e+04; dt = 6.9390e-03; 98.0 %
             [Mach = 8.284961]
step:14140000; t = 9.8097e+04; dt = 6.9390e-03; 98.1 %
             [Mach = 8.284961]
step:14150000; t = 9.8166e+04; dt = 6.9390e-03; 98.2 %
             [Mach = 8.284961]
step:14160000; t = 9.8236e+04; dt = 6.9390e-03; 98.2 %
             [Mach = 8.284961]
> Writing file #393 (dbl) to disk...
  [ 0.00 sec ]
step:14170000; t = 9.8305e+04; dt = 6.9390e-03; 98.3 %
             [Mach = 8.284961]
step:14180000; t = 9.8374e+04; dt = 6.9390e-03; 98.4 %
             [Mach = 8.284961]
step:14190000; t = 9.8444e+04; dt = 6.9390e-03; 98.4 %
             [Mach = 8.284961]
> Writing file #394 (dbl) to disk...
  [ 0.00 sec ]
step:14200000; t = 9.8513e+04; dt = 6.9390e-03; 98.5 %
             [Mach = 8.284961]
step:14210000; t = 9.8582e+04; dt = 6.9390e-03; 98.6 %
             [Mach = 8.284961]
step:14220000; t = 9.8652e+04; dt = 6.9390e-03; 98.7 %
             [Mach = 8.284961]
step:14230000; t = 9.8721e+04; dt = 6.9390e-03; 98.7 %
             [Mach = 8.284961]
> Writing file #395 (dbl) to disk...
  [ 0.00 sec ]
step:14240000; t = 9.8791e+04; dt = 6.9390e-03; 98.8 %
             [Mach = 8.284961]
step:14250000; t = 9.8860e+04; dt = 6.9390e-03; 98.9 %
             [Mach = 8.284961]
step:14260000; t = 9.8929e+04; dt = 6.9390e-03; 98.9 %
             [Mach = 8.284961]
step:14270000; t = 9.8999e+04; dt = 6.9390e-03; 99.0 %
             [Mach = 8.284961]
> Writing file #396 (dbl) to disk...
  [ 0.00 sec ]
step:14280000; t = 9.9068e+04; dt = 6.9390e-03; 99.1 %
             [Mach = 8.284961]
step:14290000; t = 9.9138e+04; dt = 6.9390e-03; 99.1 %
             [Mach = 8.284961]
step:14300000; t = 9.9207e+04; dt = 6.9390e-03; 99.2 %
             [Mach = 8.284961]
> Writing file #397 (dbl) to disk...
  [ 0.00 sec ]
step:14310000; t = 9.9276e+04; dt = 6.9390e-03; 99.3 %
             [Mach = 8.284961]
step:14320000; t = 9.9346e+04; dt = 6.9390e-03; 99.3 %
             [Mach = 8.284961]
step:14330000; t = 9.9415e+04; dt = 6.9390e-03; 99.4 %
             [Mach = 8.284961]
step:14340000; t = 9.9485e+04; dt = 6.9390e-03; 99.5 %
             [Mach = 8.284961]
> Writing file #398 (dbl) to disk...
  [ 0.00 sec ]
step:14350000; t = 9.9554e+04; dt = 6.9390e-03; 99.6 %
             [Mach = 8.284961]
step:14360000; t = 9.9623e+04; dt = 6.9390e-03; 99.6 %
             [Mach = 8.284961]
step:14370000; t = 9.9693e+04; dt = 6.9390e-03; 99.7 %
             [Mach = 8.284961]
> Writing file #399 (dbl) to disk...
  [ 0.00 sec ]
step:14380000; t = 9.9762e+04; dt = 6.9390e-03; 99.8 %
             [Mach = 8.284961]
step:14390000; t = 9.9831e+04; dt = 6.9390e-03; 99.8 %
             [Mach = 8.284961]
step:14400000; t = 9.9901e+04; dt = 6.9390e-03; 99.9 %
             [Mach = 8.284961]
step:14410000; t = 9.9970e+04; dt = 6.9390e-03; 100.0 %
             [Mach = 8.284961]
> Writing file #400 (dbl) to disk...
  [ 0.00 sec ]

> Total allocated memory    1.05 Mb (proc #0)
> Elapsed time              0d:0h:33m:19s
> Average time/step         1.39e-04  (sec)  
> Local time                Thu Jul 16 00:20:07 2026
> Done
